player_id,player_display_name,ball_team,opponent_team,game_id,depth_rank,pred_receptions,pred_receiving_yards,pred_receiving_tds,receptions_season_avg,receiving_yards_season_avg,receiving_tds_season_avg,target_share_season_avg,receiving_yards_last3,prev_offense_pct
00-0039075,Puka Nacua,LA,BUF,2026_05_BUF_LA,1,6.5959134,93.30335,0.43198514,7.0,99.5,0.0,0.2866666666666666,91.66666666666667,0.9
00-0036963,Amon-Ra St. Brown,DET,ARI,2026_05_DET_ARI,1,6.599992,82.32142,0.5904763,7.75,75.75,1.25,0.29370760319277245,78.66666666666667,0.96
00-0036358,CeeDee Lamb,DAL,TB,2026_05_TB_DAL,1,6.9106617,81.34784,0.5032479,9.25,124.5,1.0,0.31134033508377096,151.33333333333334,0.86
00-0038543,Jaxon Smith-Njigba,SEA,SF,2026_05_SF_SEA,1,6.414535,79.61731,0.5180069,8.0,120.25,1.5,0.3731303418803419,119.66666666666667,0.88
00-0036912,DeVonta Smith,PHI,JAX,2026_05_PHI_JAX,1,5.735631,77.09548,0.43004295,6.333333333333333,78.33333333333333,0.3333333333333333,0.3250267379679144,78.33333333333333,1.0
00-0037239,Chris Olave,NO,MIN,2026_05_MIN_NO,1,6.1707544,76.31316,0.4558793,8.75,122.75,0.25,0.2857047872340426,103.0,0.86
00-0036410,Tee Higgins,CIN,MIA,2026_05_CIN_MIA,2,5.567995,74.32512,0.46642676,6.25,100.25,0.25,0.24753180375965095,114.0,0.79
00-0031381,Davante Adams,LA,BUF,2026_05_BUF_LA,2,5.5490327,72.85282,0.49446896,5.5,97.5,0.5,0.2502154195011338,121.33333333333333,0.95
00-0039064,Zay Flowers,BAL,ATL,2026_05_BAL_ATL,1,5.2657447,72.353836,0.41653296,6.0,117.33333333333333,0.6666666666666666,0.29827586206896556,117.33333333333333,0.73
00-0036322,Justin Jefferson,MIN,NO,2026_05_MIN_NO,1,4.876268,71.74315,0.3861556,4.333333333333333,59.666666666666664,0.6666666666666666,0.2623646071700992,59.666666666666664,0.12
00-0036554,Nico Collins,HOU,TEN,2026_05_HOU_TEN,1,5.1584015,70.52624,0.39265493,7.0,96.5,1.5,0.288981288981289,83.33333333333333,0.69
00-0037740,Garrett Wilson,NYJ,CLE,2026_05_CLE_NYJ,1,5.4176893,69.155396,0.414348,6.0,67.5,0.5,0.2816425120772947,63.666666666666664,1.0
00-0041438,Carnell Tate,TEN,HOU,2026_05_HOU_TEN,1,5.1586866,69.059044,0.3391776,5.5,67.0,0.0,0.2985294117647059,76.66666666666667,0.84
00-0036900,Ja'Marr Chase,CIN,MIA,2026_05_CIN_MIA,1,5.3434234,67.539154,0.4311085,5.25,53.0,0.75,0.1972244343444802,66.66666666666667,0.2
00-0037238,Drake London,ATL,BAL,2026_05_BAL_ATL,1,4.6383014,67.38634,0.37100628,5.0,92.5,0.0,0.27664981176644277,113.66666666666667,0.89
00-0038559,Michael Wilson,ARI,DET,2026_05_DET_ARI,1,4.963846,66.14406,0.37947,6.25,64.5,0.25,0.2924621324621325,67.33333333333333,0.94
00-0031408,Mike Evans,SF,SEA,2026_05_SF_SEA,1,4.6414742,64.299545,0.4433858,4.25,53.25,0.5,0.21384269888326685,54.666666666666664,0.59
00-0035640,DK Metcalf,PIT,IND,2026_05_IND_PIT,1,4.3822923,62.56843,0.40003145,4.0,53.25,0.25,0.22639326671584736,57.666666666666664,0.97
00-0038124,Christian Watson,GB,CHI,2026_05_CHI_GB,1,3.9417276,60.793793,0.37705284,5.0,82.75,1.0,0.2188471940500338,61.333333333333336,0.68
00-0036613,Jaylen Waddle,DEN,LAC,2026_05_DEN_LAC,1,4.4851823,60.682564,0.35848635,4.0,46.25,0.25,0.20990997144325405,61.0,0.68
00-0031588,Stefon Diggs,WAS,NYG,2026_05_NYG_WAS,2,4.8734746,60.497387,0.38516164,4.5,42.5,0.75,0.2425371872887086,38.333333333333336,0.66
00-0035659,Terry McLaurin,WAS,NYG,2026_05_NYG_WAS,1,4.4358687,60.125427,0.39877427,3.3333333333333335,47.0,0.3333333333333333,0.23421230561189996,47.0,0.75
00-0041037,Denzel Boston,CLE,NYJ,2026_05_CLE_NYJ,1,3.7965996,59.343925,0.3682779,3.25,71.0,0.5,0.19015151515151515,75.0,0.95
00-0037247,George Pickens,DAL,TB,2026_05_TB_DAL,2,4.517603,58.650814,0.3654346,4.5,56.25,0.0,0.20070798949737434,65.66666666666667,0.86
00-0039337,Malik Nabers,NYG,WAS,2026_05_NYG_WAS,1,4.945486,56.980946,0.3637757,4.5,52.0,0.25,0.24060960591133004,46.333333333333336,0.76
00-0030279,Keenan Allen,IND,PIT,2026_05_IND_PIT,2,4.467843,54.86002,0.27598846,4.333333333333333,33.333333333333336,0.3333333333333333,0.21023535851122058,33.333333333333336,0.73
00-0038994,Jordan Addison,MIN,NO,2026_05_MIN_NO,2,3.8243876,53.227634,0.31223026,2.75,40.75,0.25,0.2229831495735386,54.333333333333336,0.96
00-0037240,Jameson Williams,DET,ARI,2026_05_DET_ARI,2,3.5995717,51.944588,0.3145617,4.0,57.25,0.0,0.15548184795663073,61.333333333333336,0.99
00-0038997,Josh Downs,IND,PIT,2026_05_IND_PIT,1,4.3303084,51.742905,0.3181126,4.25,50.5,0.0,0.22253694581280786,55.0,0.77
00-0038606,Parker Washington,JAX,PHI,2026_05_PHI_JAX,1,3.949428,49.807606,0.31332123,4.0,57.0,0.5,0.2574764205198988,48.333333333333336,0.8
00-0040667,Matthew Golden,GB,CHI,2026_05_CHI_GB,2,3.673965,49.218273,0.29602623,4.5,68.5,0.5,0.24388100067613253,59.666666666666664,0.88
00-0041523,Caleb Douglas,MIA,CIN,2026_05_CIN_MIA,2,3.6506603,48.168713,0.25090075,3.5,56.5,0.0,0.19484702093397743,56.5,0.86
00-0040735,Luther Burden III,CHI,GB,2026_05_CHI_GB,2,3.952948,48.017452,0.31420472,4.75,54.75,0.25,0.23567970612562644,52.0,0.56
00-0035719,Deebo Samuel,SF,SEA,2026_05_SF_SEA,2,3.5975595,47.708115,0.30370626,3.5,46.25,0.75,0.15081377378537622,45.666666666666664,0.67
00-0039880,Malik Washington,MIA,CIN,2026_05_CIN_MIA,1,3.8449354,46.937504,0.22841182,4.25,54.75,0.0,0.2733798833543079,55.333333333333336,0.87
00-0038563,Tre Tucker,LV,NE,2026_05_LV_NE,1,3.499114,46.588852,0.2756366,3.75,58.25,0.25,0.16982758620689656,68.66666666666667,0.67
00-0037816,Romeo Doubs,NE,LV,2026_05_LV_NE,1,3.544606,46.42272,0.2828983,3.0,50.75,0.5,0.16764592933947772,67.66666666666667,0.64
00-0039424,Devaughn Vele,NO,MIN,2026_05_MIN_NO,2,3.8153305,46.353622,0.28867894,5.25,56.5,0.5,0.1833290711947627,52.333333333333336,0.89
00-0033921,Chris Godwin Jr.,TB,DAL,2026_05_TB_DAL,2,3.9731224,46.065144,0.26978514,4.0,35.5,0.0,0.15564343064343064,34.0,0.89
00-0039919,Rome Odunze,CHI,GB,2026_05_CHI_GB,1,3.5315168,45.613014,0.27815413,3.5,58.25,0.0,0.16274874714153653,60.333333333333336,0.89
00-0034960,Jakobi Meyers,JAX,PHI,2026_05_PHI_JAX,2,3.8891895,44.95888,0.27857953,3.25,41.25,0.5,0.15029043018173452,41.666666666666664,0.82
00-0040129,Emeka Egbuka,TB,DAL,2026_05_TB_DAL,1,3.5469167,44.702785,0.26276496,3.75,38.5,0.25,0.19618159618159617,30.333333333333332,0.94
00-0038117,Wan'Dale Robinson,TEN,HOU,2026_05_HOU_TEN,2,3.9879143,44.161545,0.2279713,4.0,30.75,0.5,0.19149159663865545,28.333333333333332,0.67
00-0036550,Rashod Bateman,BAL,ATL,2026_05_BAL_ATL,2,3.3202019,44.074207,0.26339749,2.75,42.75,0.25,0.14274425287356324,57.0,0.47
00-0041547,KC Concepcion,CLE,NYJ,2026_05_CLE_NYJ,2,4.1458726,43.946953,0.2019233,4.25,36.0,0.0,0.24242424242424243,33.666666666666664,0.92
00-0039901,Keon Coleman,BUF,LA,2026_05_BUF_LA,3,3.3223896,43.789604,0.27489442,3.5,54.25,0.25,0.14006410256410257,72.0,0.78
00-0039890,Adonai Mitchell,NYJ,CLE,2026_05_CLE_NYJ,2,3.1229608,43.70382,0.26033747,4.5,61.5,0.0,0.23188405797101447,41.0,0.82
00-0038393,Dontayvion Wicks,PHI,JAX,2026_05_PHI_JAX,2,3.2909799,42.861767,0.2607595,3.0,49.25,0.25,0.189572192513369,41.333333333333336,0.92
00-0039739,Roman Wilson,PIT,IND,2026_05_IND_PIT,3,2.9689841,42.595085,0.26771083,3.5,47.0,0.5,0.16792971631681308,54.0,0.31
00-0037261,Khalil Shakir,BUF,LA,2026_05_BUF_LA,2,3.285465,42.081833,0.26236036,3.75,44.0,0.0,0.20265567765567766,42.0,0.76
00-0034827,DJ Moore,BUF,LA,2026_05_BUF_LA,1,3.162539,41.9871,0.290446,3.0,44.5,0.25,0.18424908424908426,26.0,0.39
00-0039915,Ladd McConkey,LAC,DEN,2026_05_DEN_LAC,1,3.1992352,41.42159,0.2412646,3.0,45.75,0.25,0.14766878879782105,33.666666666666664,0.34
00-0033908,Cooper Kupp,SEA,SF,2026_05_SF_SEA,3,2.9814627,41.410553,0.23096995,2.25,28.5,0.25,0.103258547008547,26.333333333333332,0.57
00-0040727,Tre' Harris,LAC,DEN,2026_05_DEN_LAC,3,2.9500628,41.212585,0.22495931,3.25,52.25,0.0,0.17775459307717373,63.0,0.93
00-0040669,Isaac TeSlaa,DET,ARI,2026_05_DET_ARI,3,2.561746,41.13962,0.27057755,2.25,46.75,0.0,0.10271422791396825,62.333333333333336,0.82
00-0034348,Courtland Sutton,DEN,LAC,2026_05_DEN_LAC,2,3.2062988,40.9584,0.2554367,2.25,21.5,0.0,0.17670435203073806,25.0,0.73
00-0039893,Brian Thomas Jr.,JAX,PHI,2026_05_PHI_JAX,3,3.0103312,40.947735,0.25815362,2.25,26.25,0.25,0.138141246836899,21.666666666666668,0.62
00-0036252,Michael Pittman Jr.,PIT,IND,2026_05_IND_PIT,2,3.013328,40.36958,0.18971711,2.3333333333333335,29.666666666666668,0.0,0.11497850207527627,29.666666666666668,0.72
00-0033555,Mack Hollins,NE,LV,2026_05_LV_NE,3,2.9323854,40.271744,0.23226304,3.75,52.25,0.0,0.1669098822324629,52.666666666666664,0.41
00-0038618,Xavier Hutchinson,HOU,TEN,2026_05_HOU_TEN,2,2.6278365,37.87241,0.1942133,3.0,41.5,0.0,0.19361746361746363,44.666666666666664,0.31
00-0041042,Malachi Fields,NYG,WAS,2026_05_NYG_WAS,2,2.4291778,36.812218,0.22746782,2.0,31.5,0.25,0.13102935139573071,33.666666666666664,0.66
00-0032464,Kalif Raymond,CHI,GB,2026_05_CHI_GB,3,3.067618,36.48258,0.22429617,5.25,55.0,0.25,0.19580474869848682,45.333333333333336,0.51
00-0041048,Ted Hurst III,TB,DAL,2026_05_TB_DAL,3,2.382007,36.156223,0.22492641,2.0,32.0,0.25,0.1310828060828061,30.666666666666668,0.4
00-0041040,Antonio Williams,WAS,NYG,2026_05_NYG_WAS,3,2.8975549,35.835644,0.2356343,3.0,31.0,0.25,0.14543047103899032,20.0,0.69
00-0038544,Quentin Johnston,LAC,DEN,2026_05_DEN_LAC,2,2.5015085,34.863564,0.22413082,1.75,27.0,0.0,0.1652160563450886,30.333333333333332,0.75
00-0036309,Darnell Mooney,NYG,WAS,2026_05_NYG_WAS,3,2.3385336,34.583904,0.1775263,1.5,23.75,0.0,0.09363454433497537,22.666666666666668,0.55
00-0039451,Isaiah Williams,NYJ,CLE,2026_05_CLE_NYJ,3,2.5507536,34.390102,0.171524,2.5,33.75,0.25,0.11642512077294687,42.666666666666664,0.94
00-0031236,Brandin Cooks,SF,SEA,2026_05_SF_SEA,3,2.2267344,34.20558,0.1934704,0.0,0.0,0.0,0.034482758620689655,33.666666666666664,0.12
00-0039849,Marvin Harrison Jr.,ARI,DET,2026_05_DET_ARI,2,2.248368,33.943565,0.17492056,1.25,21.25,0.25,0.08345708345708346,17.333333333333332,0.65
00-0039410,Ryan Flournoy,DAL,TB,2026_05_TB_DAL,3,2.9089,32.82805,0.17554335,3.25,26.0,0.0,0.16079019754938734,27.333333333333332,0.74
00-0037545,Rashid Shaheed,SEA,SF,2026_05_SF_SEA,2,2.5276527,32.756264,0.2154564,1.75,18.25,0.0,0.14310897435897435,23.0,0.6
00-0038608,Kayshon Boutte,HOU,TEN,2026_05_HOU_TEN,3,2.4827168,31.493914,0.17990117,2.25,28.75,0.0,0.09697505197505198,31.333333333333332,0.62
00-0040170,Elic Ayomanor,TEN,HOU,2026_05_HOU_TEN,3,2.1553295,30.755995,0.17335813,1.25,28.25,0.25,0.10126050420168067,34.0,0.62
00-0041525,Chris Bell,MIA,CIN,2026_05_CIN_MIA,3,2.105197,30.465649,0.12839311,1.25,23.0,0.0,0.12350573079473336,22.333333333333332,0.82
00-0036407,Jerry Jeudy,CLE,NYJ,2026_05_CLE_NYJ,3,2.0485706,30.23314,0.13750374,1.25,15.5,0.0,0.07651515151515151,12.0,0.38
00-0040867,Makai Lemon,PHI,JAX,2026_05_PHI_JAX,3,2.7402442,29.941233,0.14249666,2.5,16.25,0.0,0.15280748663101604,23.333333333333332,0.74
00-0038621,DeMario Douglas,NE,LV,2026_05_LV_NE,2,2.4879408,29.404037,0.17103212,2.25,20.5,0.0,0.14276113671274962,20.666666666666668,0.46
00-0037741,Jahan Dotson,ATL,BAL,2026_05_BAL_ATL,2,2.1354072,28.98925,0.16212438,1.5,23.75,0.25,0.14184044437882926,25.333333333333332,0.63
00-0033307,Kendrick Bourne,ARI,DET,2026_05_DET_ARI,3,2.5087895,28.870802,0.16340852,3.0,27.0,0.0,0.0979002079002079,11.0,0.64
00-0032951,Laquon Treadwell,IND,PIT,2026_05_IND_PIT,3,2.3368597,27.622824,0.15451488,2.25,30.75,0.0,0.09248768472906405,41.0,0.85
00-0040134,Pat Bryant,DEN,LAC,2026_05_DEN_LAC,3,2.085589,27.491787,0.17275959,2.25,33.25,0.25,0.10004211957405564,30.333333333333332,0.36
00-0035891,Cody White,LV,NE,2026_05_LV_NE,3,1.8147547,22.756554,0.15202127,1.25,16.0,0.75,0.07169540229885057,21.333333333333332,
00-0036259,Jauan Jennings,MIN,NO,2026_05_MIN_NO,3,1.4364781,20.925303,0.1425534,0.6666666666666666,3.0,0.0,0.051260430390865176,3.0,0.95
00-0038090,Skyy Moore,GB,CHI,2026_05_CHI_GB,3,1.8299114,19.972515,0.13632672,1.5,8.75,0.0,0.08309246112237999,11.666666666666666,0.38
00-0037291,Jalen Nailor,LV,NE,2026_05_LV_NE,2,1.6316075,19.943373,0.14524755,1.25,13.0,0.0,0.09396551724137932,8.333333333333334,0.23
00-0039792,Devontez Walker,BAL,ATL,2026_05_BAL_ATL,3,1.2772163,19.842102,0.11814717,0.6666666666666666,22.0,0.0,0.06264367816091954,22.0,0.69
00-0035208,Olamide Zaccheaus,ATL,BAL,2026_05_BAL_ATL,3,1.623581,18.592476,0.11971418,1.0,4.25,0.0,0.07159057355872149,4.0,0.37
00-0041067,Bryce Lance,NO,MIN,2026_05_MIN_NO,3,1.520888,18.29814,0.12950045,1.25,14.25,0.0,0.0723890139116203,5.0,0.85
00-0039751,Jordan Whittington,LA,BUF,2026_05_BUF_LA,3,1.3139714,16.155626,0.108641766,0.6666666666666666,4.0,0.0,0.025679012345679014,4.0,0.5
00-0041069,Colbie Young,CIN,MIA,2026_05_CIN_MIA,3,1.0274957,14.869551,0.10144853,0.6666666666666666,3.0,0.0,0.01976169718105202,3.0,0.02
