Rank,Player,Team,Bye,POS,ESPN,Sleeper,CBS,NFL,RTSports,Fantrax,AVG,Real-Time (?)
1,Ja'Marr Chase,CIN,10,WR1,1,1,1,1,1,1,1,1
2,Bijan Robinson,ATL,5,RB1,2,3,2,2,2,2,2.2,2
3,Saquon Barkley,PHI,9,RB2,3,2,3,4,4,6,3.7,3
4,Jahmyr Gibbs,DET,8,RB3,5,4,4,6,3,4,4.3,4
5,Justin Jefferson,MIN,6,WR2,4,5,6,5,6,3,4.8,1-jun
6,CeeDee Lamb,DAL,10,WR3,6,6,5,3,5,5,5,5  +1
7,Christian McCaffrey,SF,14,RB4,7,11,8,11,7,7,8.5,1-ago
8,Amon-Ra St. Brown,DET,8,WR4,9,7,12,8,10,11,9.5,7  +1
9,Malik Nabers,NYG,14,WR5,10,10,11,9,9,9,9.7,1-oct
10,Derrick Henry,BAL,7,RB5,12,8,7,10,12,13,10.3,9  +1
11,Ashton Jeanty,LV,8,RB6,11,12,9,12,8,10,10.3,13  -2
12,Puka Nacua,LAR,8,WR6,8,9,14,7,17,8,10.5,11  +1
13,Nico Collins,HOU,6,WR7,13,13,13,16,11,12,13,12  +1
14,Brian Thomas Jr.,JAC,8,WR8,16,15,19,13,14,14,15.2,14
15,De'Von Achane,MIA,12,RB7,14,14,17,14,18,15,15.3,15
16,Josh Jacobs,GB,5,RB8,18,16,10,19,15,21,16.5,17  -1
17,Brock Bowers,LV,8,TE1,20,18,23,17,21,17,19.3,21  -4
18,Drake London,ATL,5,WR9,21,17,24,20,19,16,19.5,16  +2
19,Jonathan Taylor,IND,11,RB9,15,23,21,22,20,19,20,19
20,A.J. Brown,PHI,9,WR10,17,19,27,15,23,20,20.2,18  +2
21,Josh Allen,BUF,7,QB1,19,20,15,21,25,25,20.8,23  -2
22,Chase Brown,CIN,10,RB10,24,27,20,27,13,18,21.5,20  +2
23,Bucky Irving,TB,9,RB11,22,22,22,24,16,23,21.5,22  +1
24,Lamar Jackson,BAL,7,QB2,23,21,16,18,24,29,21.8,26  -2
25,Kyren Williams,LAR,8,RB12,30,25,18,25,22,26,24.3,25
26,Ladd McConkey,LAC,12,WR11,29,24,30,23,29,22,26.2,24  +2
27,Trey McBride,ARI,8,TE2,25,28,35,26,28,24,27.7,27
28,James Cook,BUF,7,RB13,32,31,26,30,27,35,30.2,29  -1
29,Tee Higgins,CIN,10,WR12,26,30,32,32,36,28,30.7,28  +1
30,Jayden Daniels,WAS,12,QB3,27,32,29,28,32,36,30.7,32  -2
31,Tyreek Hill,MIA,12,WR13,31,26,39,36,31,30,32.2,33  -2
32,Joe Burrow,CIN,10,QB4,33,36,25,35,37,39,34.2,43  -11
33,Jaxon Smith-Njigba,SEA,8,WR14,37,29,41,39,33,27,34.3,30  +3
34,Jalen Hurts,PHI,9,QB5,28,33,31,34,44,41,35.2,37  -3
35,Omarion Hampton,LAC,12,RB14,39,41,37,47,26,31,36.8,36  -1
36,Alvin Kamara,NO,11,RB15,38,38,28,45,30,44,37.2,39  -3
37,Breece Hall,NYJ,9,RB16,51,35,40,31,34,34,37.5,41  -4
38,George Kittle,SF,14,TE3,35,37,38,38,41,40,38.2,31  +7
39,Mike Evans,TB,9,WR15,40,40,36,33,49,37,39.2,34  +5
40,Davante Adams,LAR,8,WR16,34,43,34,46,42,38,39.5,44  -4
41,Terry McLaurin,WAS,12,WR17,36,42,46,29,40,45,39.7,35  +6
42,Garrett Wilson,NYJ,9,WR18,42,34,51,37,43,32,39.8,38  +4
43,Kenneth Walker III,SEA,8,RB17,44,44,33,40,38,46,40.8,42  +1
44,Marvin Harrison Jr.,ARI,8,WR19,45,39,45,41,45,33,41.3,40  +4
45,Chuba Hubbard,CAR,14,RB18,41,46,43,54,39,49,45.3,47  -2
46,TreVeyon Henderson,NE,14,RB19,49,54,44,56,35,42,46.7,46
47,James Conner,ARI,8,RB20,46,48,42,49,46,54,47.5,45  +2
48,DJ Moore,CHI,5,WR20,53,49,52,48,51,43,49.3,50  -2
49,DK Metcalf,PIT,5,WR21,47,45,48,53,53,51,49.5,48  +1
50,Patrick Mahomes II,KC,10,QB6,43,50,47,42,59,58,49.8,51  -1
51,Courtland Sutton,DEN,12,WR22,57,52,53,55,50,48,52.5,52  -1
52,Sam LaPorta,DET,8,TE4,48,47,58,43,65,56,52.8,49  +3
53,Xavier Worthy,KC,10,WR23,50,57,50,68,61,47,55.5,53
54,D'Andre Swift,CHI,5,RB21,54,68,49,58,47,69,57.5,58  -4
55,DeVonta Smith,PHI,9,WR24,62,55,59,59,60,50,57.5,57  -2
56,David Montgomery,DET,8,RB22,59,53,57,66,58,61,59,62  -6
57,Jameson Williams,DET,8,WR25,66,63,64,51,64,52,60,60  -3
58,Zay Flowers,BAL,7,WR26,55,56,63,72,68,55,61.5,65  -7
59,Isiah Pacheco,KC,10,RB23,63,60,65,60,55,68,61.8,55  +4
60,RJ Harvey,DEN,12,RB24,74,64,55,70,48,64,62.5,56  +4
61,Travis Kelce,KC,10,TE5,58,61,60,57,63,77,62.7,63  -2
62,Baker Mayfield,TB,9,QB7,52,65,54,61,73,74,63.2,72  -10
63,Tetairoa McMillan,CAR,14,WR27,75,62,66,73,52,53,63.5,54  +9
64,Calvin Ridley,TEN,10,WR28,61,70,67,67,56,60,63.5,66  -2
65,T.J. Hockenson,MIN,6,TE6,56,58,70,50,76,72,63.7,61  +4
66,George Pickens,DAL,10,WR29,64,59,62,75,62,62,64,64  +2
67,Rashee Rice,KC,10,WR30,60,51,79,44,70,84,64.7,71  -4
68,Aaron Jones Sr.,MIN,6,RB25,69,67,56,76,57,65,65,68
69,Tony Pollard,TEN,10,RB26,70,74,61,79,54,67,67.5,59  +10
70,Travis Hunter,JAC,8,WR31,73,66,85,62,74,59,69.8,69  +1
71,Bo Nix,DEN,12,QB8,68,72,68,65,77,76,71,73  -2
72,Jaylen Waddle,MIA,12,WR32,65,69,82,84,78,57,72.5,67  +5
73,Mark Andrews,BAL,7,TE7,72,71,73,52,92,83,73.8,70  +3
74,Jerry Jeudy,CLE,9,WR33,67,75,71,99,67,70,74.8,78  -4
75,Kaleb Johnson,PIT,5,RB27,93,77,78,80,75,73,79.3,74  +1
76,Rome Odunze,CHI,5,WR34,76,80,99,89,83,63,81.7,77  -1
77,Tyrone Tracy Jr.,NYG,14,RB28,80,89,72,104,66,79,81.7,81  -4
78,Chris Olave,NO,11,WR35,84,76,100,86,82,66,82.3,75  +3
79,Deebo Samuel Sr.,WAS,12,WR36,95,81,76,96,85,71,84,83  -4
80,Evan Engram,DEN,12,TE8,78,78,96,74,90,90,84.3,80
81,David Njoku,CLE,9,TE9,71,84,75,85,101,95,85.2,84  -3
82,Stefon Diggs,NE,14,WR37,86,87,91,94,84,78,86.7,87  -5
83,Kyler Murray,ARI,8,QB9,77,93,81,81,106,87,87.5,90  -7
84,Joe Mixon,HOU,6,RB29,98,73,69,63,96,128,87.8,103  -19
85,Jaylen Warren,PIT,5,RB30,85,96,87,107,72,82,88.2,85
86,Jakobi Meyers,LV,8,WR38,82,82,83,119,97,75,89.7,88  -2
87,Cooper Kupp,SEA,8,WR39,83,83,94,108,89,81,89.7,93  -6
88,Ricky Pearsall,SF,14,WR40,102,98,74,111,69,92,91,79  +9
89,Emeka Egbuka,TB,9,WR41,88,94,84,122,71,88,91.2,76  +13
90,Tyler Warren,IND,11,TE10,87,86,98,90,94,93,91.3,82  +8
91,Jordan Addison,MIN,6,WR42,108,85,104,95,95,80,94.5,92  -1
92,Matthew Golden,GB,5,WR43,81,91,101,118,87,91,94.8,89  +3
93,Travis Etienne Jr.,JAC,8,RB31,117,92,90,120,86,89,99,91  +2
94,Brock Purdy,SF,14,QB10,79,109,89,106,122,98,100.5,94
95,Chris Godwin Jr.,TB,9,WR44,94,101,107,91,102,111,101,107  -12
96,Dak Prescott,DAL,10,QB11,101,115,77,116,93,107,101.5,101  -5
97,Khalil Shakir,BUF,7,WR45,106,95,118,102,104,85,101.7,99  -2
98,Jared Goff,DET,8,QB12,119,88,92,103,116,101,103.2,115  -17
99,Cam Skattebo,NYG,14,RB32,113,100,115,101,100,97,104.3,102  -3
100,Jordan Mason,MIN,6,RB33,124,106,97,127,79,94,104.5,86  +14
101,Brandon Aubrey,DAL,10,K1,104,99,103,71,128,131,106,104  -3
102,Denver Broncos,DST,12,DST1,97,107,106,82,127,120,106.5,109  -7
103,J.K. Dobbins,DEN,12,RB34,100,108,102,140,88,106,107.3,95  +8
104,Jacory Croskey-Merritt,WAS,12,RB35,91,156,80,152,81,86,107.7,97  +7
105,Jauan Jennings,SF,14,WR46,115,103,119,110,103,96,107.7,100  +5
106,Javonte Williams,DAL,10,RB36,105,111,109,149,91,103,111.3,106
107,Tucker Kraft,GB,5,TE11,107,116,113,115,110,109,111.7,98  +9
108,Zach Charbonnet,SEA,8,RB37,135,110,93,155,80,100,112.2,96  +12
109,Justin Fields,NYJ,9,QB13,118,153,112,64,124,104,112.5,110  -1
110,Justin Herbert,LAC,12,QB14,89,105,121,123,131,108,112.8,117  -7
111,Michael Pittman Jr.,IND,11,WR47,90,119,95,165,112,99,113.3,116  -5
112,Quinshon Judkins,CLE,9,RB38,123,79,108,97,119,156,113.7,114  -2
113,Philadelphia Eagles,DST,9,DST2,126,97,86,92,144,140,114.2,108  +5
114,Rhamondre Stevenson,NE,14,RB39,110,129,111,128,109,102,114.8,121  -7
115,Colston Loveland,CHI,5,TE12,111,102,128,113,115,121,115,112  +3
116,Austin Ekeler,WAS,12,RB40,99,133,88,148,98,151,119.5,105  +11
117,Keon Coleman,BUF,7,WR48,112,122,116,138,117,112,119.5,111  +6
118,Caleb Williams,CHI,5,QB15,109,142,120,114,105,130,120,131  -13
119,Jayden Reed,GB,5,WR49,125,112,132,133,114,105,120.2,119
120,Brian Robinson Jr.,SF,14,RB41,154,90,122,100,113,150,121.5,113  +7
121,Baltimore Ravens,DST,7,DST3,116,104,110,121,169,118,123,129  -8
122,Josh Downs,IND,11,WR50,137,120,129,139,121,113,126.5,118  +4
123,Dalton Kincaid,BUF,7,TE13,127,113,141,129,141,126,129.5,122  +1
124,Jake Bates,DET,8,K2,103,117,170,105,163,129,131.2,134  -10
125,Drake Maye,NE,14,QB16,131,132,130,144,136,114,131.2,130  -5
126,C.J. Stroud,HOU,6,QB17,142,121,133,132,149,123,133.3,136  -10
127,Tank Bigsby,JAC,8,RB42,128,139,105,209,99,124,134,120  +7
128,Pittsburgh Steelers,DST,5,DST4,92,118,131,131,158,175,134.2,132  -4
129,Cameron Dicker,LAC,12,K3,120,127,158,78,151,173,134.5,123  +6
130,Kyle Pitts Sr.,ATL,5,TE14,141,114,147,130,139,143,135.7,125  +5
131,Najee Harris,LAC,12,RB43,169,145,136,117,120,127,135.7,135  -4
132,Buffalo Bills,DST,7,DST5,152,125,126,93,154,176,137.7,138  -6
133,Jake Ferguson,DAL,10,TE15,132,130,139,159,132,138,138.3,128  +5
134,Darnell Mooney,ATL,5,WR51,136,140,123,181,137,117,139,145  -11
135,Houston Texans,DST,6,DST6,96,136,145,143,160,157,139.5,153  -18
136,Jordan Love,GB,5,QB18,133,148,125,141,156,135,139.7,148  -12
137,Jaydon Blue,DAL,10,RB44,156,144,138,154,111,145,141.3,147  -10
138,Nick Chubb,HOU,6,RB45,148,124,117,183,108,169,141.5,126  +12
139,Dallas Goedert,PHI,9,TE16,130,146,124,142,165,146,142.2,137  +2
140,Rachaad White,TB,9,RB46,145,169,135,147,126,141,143.8,142  -2
141,J.J. McCarthy,MIN,6,QB19,134,150,150,153,145,132,144,159  -18
142,Brandon Aiyuk,SF,14,WR52,163,138,159,125,142,139,144.3,139  +3
143,Rashid Shaheed,NO,11,WR53,129,137,160,179,148,116,144.8,133  +10
144,Braelon Allen,NYJ,9,RB47,159,158,127,200,107,125,146,124  +20
145,Minnesota Vikings,DST,6,DST7,122,131,140,150,172,161,146,149  -4
146,Jayden Higgins,HOU,6,WR54,138,126,165,205,134,119,147.8,144  +2
147,Chase McLaughlin,TB,9,K4,114,143,161,112,188,170,148,152  -5
148,Jonnu Smith,PIT,5,TE17,182,123,181,88,157,166,149.5,163  -15
149,Keenan Allen,LAC,12,WR55,121,135,151,224,133,133,149.5,143  +6
150,Marvin Mims Jr.,DEN,12,WR56,167,149,169,173,129,115,150.3,158  -8
151,Christian Kirk,HOU,6,WR57,175,163,137,171,150,110,151,150  +1
152,Bhayshul Tuten,JAC,8,RB48,173,172,149,161,125,134,152.3,141  +11
153,Tyjae Spears,TEN,10,RB49,147,166,156,195,138,122,154,172  -19
154,Zach Ertz,WAS,12,TE18,155,152,114,163,176,168,154.7,156  -2
155,Trevor Lawrence,JAC,8,QB20,170,179,148,175,147,136,159.2,174  -19
156,Trey Benson,ARI,8,RB50,153,160,152,232,123,137,159.5,154  +2
157,Chris Boswell,PIT,5,K5,146,134,200,69,221,195,160.8,127  +30
158,Jerome Ford,CLE,9,RB51,161,181,146,247,118,152,167.5,157  +1
159,Hunter Henry,NE,14,TE19,157,171,157,172,170,182,168.2,164  -5
160,Marquise Brown,KC,10,WR58,171,193,215,124,168,144,169.2,175  -15
161,Ka'imi Fairbairn,HOU,6,K6,183,173,199,87,174,202,169.7,140  +21
162,Detroit Lions,DST,8,DST8,140,128,179,151,215,205,169.7,161  +1
163,Luther Burden III,CHI,5,WR59,186,151,174,210,153,147,170.2,166  -3
164,Tyler Allgeier,ATL,5,RB52,164,187,173,180,152,165,170.2,162  +2
165,San Francisco 49ers,DST,14,DST9,185,170,183,77,225,184,170.7,146  +19
166,Rashod Bateman,BAL,7,WR60,176,167,144,184,195,163,171.5,151  +15
167,Adam Thielen,MIN,6,WR61,150,164,172,207,190,149,172,160  +7
168,Jake Elliott,PHI,9,K7,143,141,184,135,218,212,172.2,173  -5
169,Tua Tagovailoa,MIA,12,QB21,166,210,154,194,162,153,173.2,186  -17
170,Ray Davis,BUF,7,RB53,191,186,163,215,140,148,173.8,165  +5
171,Harrison Butker,KC,10,K8,149,147,186,145,206,216,174.8,171
172,Tyler Bass,BUF,7,K9,144,165,164,146,238,197,175.7,177  -5
173,Kansas City Chiefs,DST,10,DST10,184,159,180,136,208,190,176.2,170  +3
174,Cam Ward,TEN,10,QB22,172,168,182,166,227,159,179,176  -2
175,Matthew Stafford,LAR,8,QB23,165,204,166,168,202,185,181.7,197  -22
176,Xavier Legette,CAR,14,WR62,158,189,202,208,179,160,182.7,196  -20
177,Cam Little,JAC,8,K10,162,157,195,156,231,207,184.7,181  -4
178,Michael Penix Jr.,ATL,5,QB24,177,185,177,188,193,189,184.8,189  -11
179,Bryce Young,CAR,14,QB25,190,208,190,193,186,155,187,200  -21
180,Isaiah Likely,BAL,7,TE20,199,174,187,160,197,208,187.5,188  -8
181,Wan'Dale Robinson,NYG,14,WR63,174,194,162,250,180,167,187.8,183  -2
182,Ollie Gordon II,MIA,12,RB54,200,175,134,254,130,258,191.8,167  +15
183,Tyler Loop,BAL,7,K11,178,162,205,199,228,187,193.2,224  -41
184,Jason Sanders,MIA,12,K12,160,246,185,109,251,213,194,185  -1
185,Seattle Seahawks,DST,8,DST11,139,178,198,177,254,218,194,211  -26
186,Isaac Guerendo,SF,14,RB55,243,192,178,197,178,178,194.3,201  -15
187,Wil Lutz,DEN,12,K13,210,199,209,134,192,225,194.8,168  +19
188,Green Bay Packers,DST,5,DST12,203,198,143,192,236,201,195.5,214  -26
189,Geno Smith,LV,8,QB26,205,238,175,203,203,158,197,222  -33
190,Brenton Strange,JAC,8,TE21,217,190,188,252,177,179,200.5,187  +3
191,Jaylen Wright,MIA,12,RB56,180,213,207,240,189,180,201.5,217  -26
192,Darren Waller,MIA,12,TE22,179,201,191,187,234,223,202.5,207  -15
193,Cedric Tillman,CLE,9,WR64,168,191,204,316,175,162,202.7,178  +15
194,Evan McPherson,CIN,10,K14,193,182,189,186,243,243,206,190  +4
195,Arizona Cardinals,DST,8,DST13,213,176,217,157,229,246,206.3,202  -7
196,Los Angeles Chargers,DST,12,DST14,234,236,176,158,240,198,207,209  -13
197,Younghoe Koo,ATL,5,K15,195,161,194,170,248,274,207,191  +6
198,Dallas Cowboys,DST,10,DST15,196,224,167,164,232,271,209,250  -52
199,Washington Commanders,DST,12,DST16,208,155,206,169,250,292,213.3,218  -19
200,Los Angeles Rams,DST,8,DST17,228,228,218,196,223,233,221,225  -25
201,New York Giants,DST,14,DST18,194,227,171,185,233,320,221.7,283  -82
202,Will Shipley,PHI,9,RB57,219,211,210,305,187,204,222.7,204  -2
203,New York Jets,DST,9,DST19,197,233,196,214,241,265,224.3,233  -30
204,Amari Cooper,LV,8,WR65,223,230,142,322,196,255,228,194  +10
205,Dylan Sampson,CLE,9,RB58,,183,168,256,135,154,179.2,155  +50
206,Rico Dowdle,CAR,14,RB59,,195,208,217,143,164,185.4,195  +11
207,Matt Gay,WAS,12,K16,181,,153,182,226,215,191.4,212  -5
208,Kareem Hunt,KC,10,RB60,,184,214,204,155,217,194.8,182  +26
209,Tampa Bay Buccaneers,DST,9,DST20,206,218,,137,237,183,196.2,219  -10
210,Cade Otton,TB,9,TE23,189,217,,211,173,194,196.8,227  -17
211,Pat Freiermuth,PIT,5,TE24,198,221,,174,219,192,200.8,192  +19
212,Sam Darnold,SEA,8,QB27,201,235,,201,204,174,203,235  -23
213,Romeo Doubs,GB,5,WR66,,212,203,230,211,171,205.4,215  -2
214,DeMario Douglas,NE,14,WR67,,206,201,261,181,186,207,206  +8
215,Aaron Rodgers,PIT,5,QB28,192,231,,191,239,193,209.2,221  -6
216,Chicago Bears,DST,5,DST21,211,,213,83,253,301,212.2,169  +47
217,New England Patriots,DST,14,DST22,151,200,,189,249,278,213.4,234  -17
218,Daniel Carlson,LV,8,K17,214,197,,162,247,252,214.4,226  -8
219,Tre' Harris,LAC,12,WR68,,154,,167,171,142,158.5,180  +39
220,Isaac TeSlaa,DET,8,WR69,216,196,,231,207,295,229,199  +21
221,Will Reichard,MIN,6,K18,215,226,,198,252,269,232,248  -27
222,Brandon McManus,GB,5,K19,218,,212,206,230,307,234.6,260  -38
223,Jake Moody,SF,14,K20,207,225,,202,245,296,235,240  -17
224,Roschon Johnson,CHI,5,RB61,,244,211,297,220,222,238.8,239  -15
225,Kendre Miller,NO,11,RB62,,291,197,355,194,188,245,253  -28
226,Kyle Williams,NE,14,WR70,,188,,222,166,172,187,198  +28
227,DeAndre Hopkins,BAL,7,WR71,,214,,190,161,206,192.8,210  +17
228,Joshua Palmer,BUF,7,WR72,,180,,235,184,177,194,184  +44
229,Chig Okonkwo,TEN,10,TE25,,202,,220,185,199,201.5,193  +36
230,Dont'e Thornton Jr.,LV,8,WR73,,177,,268,167,266,219.5,205  +25
231,Blake Corum,LAR,8,RB63,,222,,243,217,196,219.5,213  +18
232,Justice Hill,BAL,7,RB64,,243,,234,182,221,220,229  +3
233,Jack Bech,LV,8,WR74,,219,,239,201,224,220.8,238  -5
234,Cincinnati Bengals,DST,10,DST23,220,,,98,246,325,222.3,179  +55
235,Quentin Johnston,LAC,12,WR75,,248,193,274,,181,224,245  -10
236,Jaxson Dart,NYG,14,QB29,202,229,,238,,236,226.3,267  -31
237,Shedeur Sanders,CLE,9,QB30,204,205,,212,,286,226.8,266  -29
238,Raheem Mostert,LV,8,RB65,,239,192,246,,232,227.3,261  -23
239,Tory Horton,SEA,8,WR76,370,234,,324,224,260,282.4,232  +7
240,Mason Taylor,NYJ,9,TE26,,216,,272,205,226,229.8,220  +20
241,Elijah Arroyo,SEA,8,TE27,,209,,271,235,210,231.3,223  +18
242,Alec Pierce,IND,11,WR77,,250,,255,222,203,232.5,255  -13
243,Anthony Richardson Sr.,IND,11,QB31,246,251,,223,,227,236.8,270  -27
244,Russell Wilson,NYG,14,QB32,237,277,,225,,211,237.5,273  -29
245,Miles Sanders,DAL,10,RB66,,249,,275,210,220,238.5,263  -18
246,Woody Marks,HOU,6,RB67,,203,,343,159,251,239,203  +43
247,Keaton Mitchell,BAL,7,RB68,,232,,285,198,254,242.3,236  +11
248,DJ Giddens,IND,11,RB69,,245,,312,212,200,242.3,256  -8
249,Cole Kmet,CHI,5,TE28,222,309,,229,,231,247.8,247  +2
250,Kyle Monangai,CHI,5,RB70,,240,,319,146,288,248.3,230  +20
251,Jaylin Noel,HOU,6,WR78,,258,,359,183,209,252.3,275  -24
252,Elijah Mitchell,KC,10,RB71,,314,,251,209,250,256,
253,MarShawn Lloyd,GB,5,RB72,,278,216,311,,235,260,282  -29
254,Daniel Jones,IND,11,QB33,,325,155,315,,249,261,276  -22
255,Jalen Coker,CAR,14,WR79,,261,,341,244,214,265,216  +39
256,Darius Slayton,NYG,14,WR80,,288,,309,216,247,265,265  -9
257,Noah Gray,KC,10,TE29,239,304,,241,,282,266.5,
258,Indianapolis Colts,DST,11,DST24,187,317,,233,,338,268.8,
259,Brashard Smith,KC,10,RB73,,260,,387,199,229,268.8,252  +7
260,Miami Dolphins,DST,12,DST25,294,284,,218,,279,268.8,277  -17
261,Las Vegas Raiders,DST,8,DST26,225,302,,227,,322,269,
262,Pat Bryant,DEN,12,WR81,,241,,373,214,261,272.3,242  +20
263,New Orleans Saints,DST,11,DST27,233,305,,244,,331,278.3,
264,Joe Flacco,CLE,9,QB34,244,324,,264,,281,278.3,
265,Justin Tucker,,,K21,212,295,,267,,352,281.5,
266,Zack Moss,,,RB74,259,363,,228,,280,282.5,
267,Troy Franklin,DEN,12,WR82,,328,,289,242,275,283.5,272  -5
268,Cleveland Browns,DST,9,DST28,209,,,126,,308,214.3,208  +60
269,Tahj Brooks,CIN,10,RB75,,237,,436,213,257,285.8,251  +18
270,Dalton Schultz,HOU,6,TE30,461,242,,216,,228,286.8,246  +24
271,Jalen Milroe,SEA,8,QB35,263,307,,294,,289,288.3,
272,Mike Gesicki,CIN,10,TE31,,220,,265,,191,225.3,228  +44
273,Jarquez Hunter,LAR,8,RB76,,255,,527,191,240,303.3,262  +11
274,Atlanta Falcons,DST,5,DST29,236,,,221,,237,231.3,
275,Tennessee Titans,DST,10,DST30,238,267,,266,,425,299,
276,Terrance Ferguson,LAR,8,TE32,260,275,,364,,298,299.3,
277,Jacksonville Jaguars,DST,8,DST31,297,322,,248,,333,300,
278,Tyler Lockett,TEN,10,WR83,,215,,237,,256,236,237  +41
279,Tyler Conklin,LAC,12,TE33,325,357,,262,,290,308.5,
280,Jalen McMillan,TB,9,WR84,,223,,226,,294,247.7,257  +23
281,Dameon Pierce,HOU,6,RB77,416,,,296,200,336,312,280  +1
282,Cairo Santos,CHI,5,K22,188,,,219,,350,252.3,
283,Elic Ayomanor,TEN,10,WR85,,207,,331,,219,252.3,231  +52
284,Calvin Austin III,PIT,5,WR86,,264,,278,,241,261,244  +40
285,Dontayvion Wicks,GB,5,WR87,412,318,,328,,230,322,
286,Taysom Hill,NO,11,TE34,240,366,,291,,395,323,
287,Ja'Tavion Sanders,CAR,14,TE35,,266,,281,,253,266.7,254  +33
288,Andrei Iosivas,CIN,10,WR88,,287,,269,,259,271.7,278  +10
289,Graham Gano,NYG,14,K23,229,,,253,,339,273.7,
290,Juwan Johnson,NO,11,TE36,,299,,276,,248,274.3,
291,Jaleel McLaughlin,DEN,12,RB78,,337,,176,,317,276.7,243  +48
292,Harold Fannin Jr.,CLE,9,TE37,279,294,,437,,324,333.5,
293,Adonai Mitchell,IND,11,WR89,,247,,348,,245,280,258  +35
294,Theo Johnson,NYG,14,TE38,,280,,299,,263,280.7,264  +30
295,Kirk Cousins,ATL,5,QB36,230,,,279,,337,282,
296,Luke McCaffrey,WAS,12,WR90,254,,,306,,291,283.7,
297,Michael Wilson,ARI,8,WR91,,273,,338,,244,285,269  +28
298,Chris Rodriguez Jr.,WAS,12,RB79,,,,390,164,303,285.7,241  +57
299,Andy Borregales,NE,14,K24,249,,,284,,334,289,
300,Dawson Knox,BUF,7,TE39,226,,,245,,397,289.3,
301,Ray-Ray McCloud III,ATL,5,WR92,,,,335,255,284,291.3,
302,Diontae Johnson,,,WR93,,316,,286,,272,291.3,271  +31
303,Audric Estime,,,RB80,376,373,,339,,287,343.8,
304,Dyami Brown,JAC,8,WR94,,269,,368,,242,293,274  +30
305,Jalen Royals,KC,10,WR95,428,253,,463,,238,345.5,249  +56
306,JuJu Smith-Schuster,KC,10,WR96,256,,,259,,379,298,
307,Marquez Valdes-Scantling,SF,14,WR97,425,358,,314,,297,348.5,
308,Tyler Higbee,LAR,8,TE40,,342,,280,,273,298.3,
309,Blake Grupe,NO,11,K25,232,,,236,,429,299,
310,Trevor Etienne,CAR,14,RB81,,347,,260,,293,300,284  +26
311,Carolina Panthers,DST,14,DST32,224,,,288,,396,302.7,
312,Jordan James,SF,14,RB82,,297,,336,,276,303,
313,Tyler Shough,NO,11,QB37,,311,,366,,234,303.7,
314,Jameis Winston,NYG,14,QB38,262,,,321,,330,304.3,
315,Elijah Moore,BUF,7,WR98,275,,,295,,344,304.7,
316,Tank Dell,HOU,6,WR99,245,,,263,,414,307.3,
317,Tutu Atwell,LAR,8,WR100,,350,,325,,262,312.3,
318,Zamir White,LV,8,RB83,227,,,353,,358,312.7,
319,Nick Folk,NYJ,9,K26,250,,,320,,371,313.7,
320,Joey Slye,TEN,10,K27,255,,,273,,419,315.7,
321,Luke Musgrave,GB,5,TE41,252,,,346,,351,316.3,
322,Spencer Shrader,IND,11,K28,,,219,300,,432,317,
323,Noah Fant,CIN,10,TE42,,376,,258,,323,319,
324,Dustin Hopkins,,,K29,241,,,282,,437,320,
325,Jason Myers,SEA,8,K30,,,,178,,283,230.5,281  +44
326,Efton Chism III,NE,14,WR101,242,,,304,,418,321.3,
327,Jahan Dotson,PHI,9,WR102,231,,,292,,444,322.3,
328,Joshua Karty,LAR,8,K31,,,,213,,264,238.5,268  +60
329,Hunter Renfrow,,,WR103,264,,,351,,369,328,
330,Roman Wilson,PIT,5,WR104,,292,,357,,335,328,279  +51
331,KeAndre Lambert-Smith,LAC,12,WR105,272,,,391,,328,330.3,
332,A.J. Dillon,PHI,9,RB84,381,,,310,,302,331,
333,Olamide Zaccheaus,CHI,5,WR106,305,,,365,,340,336.7,
334,Michael Mayer,LV,8,TE43,,378,,293,,342,337.7,
335,Christian Watson,GB,5,WR107,,331,,369,,314,338,
336,Joe Milton III,DAL,10,QB39,293,,,329,,393,338.3,
337,Darnell Washington,PIT,5,TE44,274,,,287,,456,339,
338,Chad Ryland,ARI,8,K32,410,,,270,,341,340.3,
339,Tez Johnson,TB,9,WR108,282,,,431,,327,346.7,
340,Devin Neal,NO,11,RB85,,271,,534,,277,360.7,
341,KaVontae Turpin,DAL,10,WR109,,,,242,,309,275.5,
342,Jalen Tolbert,DAL,10,WR110,,,,283,,270,276.5,
343,Austin Hooper,NE,14,TE45,290,,,332,,436,352.7,
344,Devin Singletary,NYG,14,RB86,,,,257,,305,281,
345,Kayshon Boutte,NE,14,WR111,,370,,389,,304,354.3,
346,John Metchie III,PHI,9,WR112,295,,,384,,386,355,
347,Jimmy Garoppolo,LAR,8,QB40,285,,,393,,390,356,
348,Will Dissly,LAC,12,TE46,377,,,301,,392,356.7,
349,Jermar Jefferson,TEN,10,RB87,221,,,352,,,286.5,
350,Tim Patrick,JAC,8,WR113,314,,,333,,431,359.3,
351,Tre Tucker,LV,8,WR114,,,,298,,285,291.5,
352,Sean Tucker,TB,9,RB88,,,,317,,268,292.5,259  +93
353,Damien Martinez,SEA,8,RB89,440,,,408,,239,362.3,
354,Mason Rudolph,PIT,5,QB41,315,,,363,,409,362.3,
355,Josh Oliver,MIN,6,TE47,292,,,323,,474,363,
356,Jake Bobo,SEA,8,WR115,278,,,347,,470,365,
357,Jimmy Horn Jr.,CAR,14,WR116,280,,,318,,,299,
358,Ryan Fitzgerald,CAR,14,K33,247,,,358,,,302.5,
359,Antonio Gibson,NE,14,RB90,,,,302,,306,304,
360,Grant Calcaterra,PHI,9,TE48,284,,,327,,,305.5,
361,Nick Westbrook-Ikhine,MIA,12,WR117,,,,303,,310,306.5,
362,Elijah Higgins,ARI,8,TE49,318,,,354,,445,372.3,
363,Malik Willis,GB,5,QB42,319,,,383,,415,372.3,
364,Ty Chandler,MIN,6,RB91,281,,,370,,467,372.7,
365,Matthew Wright,,,K34,361,,,344,,413,372.7,
366,Carson Wentz,MIN,6,QB43,304,,,414,,401,373,
367,Odell Beckham Jr.,,,WR118,261,,,360,,,310.5,
368,Brock Wright,DET,8,TE50,277,,,345,,,311,
369,Craig Reynolds,DET,8,RB92,308,,,398,,416,374,
370,Brandin Cooks,NO,11,WR119,,,,313,,311,312,
371,Xavier Restrepo,TEN,10,WR120,476,320,,563,,329,422,
372,Jalen Nailor,MIN,6,WR121,,,,326,,300,313,
373,Deshaun Watson,CLE,9,QB44,266,,,361,,,313.5,
374,Ty Johnson,BUF,7,RB93,,,,308,,319,313.5,
375,Oronde Gadsden II,LAC,12,TE51,452,329,,502,,346,407.3,
376,Jalin Hyatt,NYG,14,WR122,313,,,426,,391,376.7,
377,Allen Lazard,NYJ,9,WR123,,,,334,,299,316.5,
378,J.J. Taylor,,,RB94,253,,,381,,,317,
379,Devaughn Vele,NO,11,WR124,,,,372,,267,319.5,
380,Parker Romo,,,K35,302,,,337,,,319.5,
381,Gardner Minshew II,KC,10,QB45,303,,,420,,417,380,
382,Ben Sinnott,WAS,12,TE52,,330,,479,,332,380.3,
383,LaJohntay Wester,BAL,7,WR125,354,,,435,,353,380.7,
384,Jordan Whittington,LAR,8,WR126,,351,,476,,321,382.7,
385,Mack Hollins,NE,14,WR127,338,,,362,,450,383.3,
386,Tanner McKee,PHI,9,QB46,345,,,407,,398,383.3,
387,Samaje Perine,CIN,10,RB95,,,,307,,349,328,
388,Caden Davis,,,K36,267,,,470,,422,386.3,
389,Joshua Dobbs,NE,14,QB47,288,,,377,,,332.5,
390,David Moore,CAR,14,WR128,341,,,378,,447,388.7,
391,Skyy Moore,SF,14,WR129,316,,,457,,394,389,
392,Kalif Raymond,DET,8,WR130,323,,,374,,473,390,
393,Jude McAtamney,NYG,14,K37,276,,,434,,463,391,
394,Isaiah Bond,CLE,9,WR131,298,,,556,,376,410,
395,AJ Barner,SEA,8,TE53,,,,290,,388,339,
396,Luke Schoonmaker,DAL,10,TE54,327,,,388,,464,393,
397,Mitchell Tinsley,CIN,10,WR132,273,,,409,,,341,
398,Carson Steele,KC,10,RB96,342,,,340,,,341,
399,Cooper Rush,BAL,7,QB48,367,,,396,,421,394.7,
400,Will Howard,PIT,5,QB49,365,,,371,,449,395,
401,Jarrett Stidham,DEN,12,QB50,384,,,419,,382,395,
402,Julian Hill,MIA,12,TE55,296,,,430,,461,395.7,
403,Mac Jones,SF,14,QB51,373,,,382,,433,396,
404,Mitchell Trubisky,BUF,7,QB52,360,,,441,,389,396.7,
405,Demarcus Robinson,SF,14,WR133,442,,,350,,404,398.7,
406,Deuce Vaughn,,,RB97,335,,,404,,458,399,
407,Emanuel Wilson,GB,5,RB98,,,,356,,345,350.5,
408,Greg Joseph,,,K38,326,,,417,,460,401,
409,Kenneth Gainwell,PIT,5,RB99,,,,277,,428,352.5,
410,Gunnar Helm,TEN,10,TE56,289,,,483,,442,404.7,
411,Harrison Mevis,NYJ,9,K39,235,,,480,,,357.5,
412,Cam Akers,,,RB100,385,,,423,,407,405,
413,Jake Browning,CIN,10,QB53,331,,,604,,384,439.7,
414,Adam Trautman,DEN,12,TE57,349,,,367,,,358,
415,Khalil Herbert,,,RB101,309,,,517,,411,412.3,
416,Parker Washington,JAC,8,WR134,,,,406,,316,361,
417,Malik Washington,MIA,12,WR135,,,,410,,313,361.5,
418,Kenny Pickett,LV,8,QB54,,,,386,,347,366.5,
419,Quinn Ewers,MIA,12,QB55,336,,,399,,,367.5,
420,Spencer Rattler,NO,11,QB56,,,,330,,412,371,
421,Jha'Quan Jackson,,,WR136,388,,,,,354,371,
422,Mitchell Evans,CAR,14,TE58,268,,,560,,475,434.3,
423,Greg Zuerlein,,,K40,333,,,412,,,372.5,
424,DeWayne McBride,,,RB102,248,,,,,,248,
425,Kyle Juszczyk,SF,14,RB103,,,,249,,,249,
426,Sterling Shepard,TB,9,WR137,400,,,349,,,374.5,
427,Savion Williams,GB,5,WR138,437,,,803,,312,517.3,
428,Jermaine Burton,CIN,10,WR139,436,379,,473,,462,437.5,
429,Scott Matlock,LAC,12,DT1,251,,,,,,251,
430,Stephen Sullivan,,,TE59,,254,,,,,254,
431,Tommy DeVito,NE,14,QB57,287,,,469,,,378,
432,Marcus Mariota,WAS,12,QB58,495,,,413,,348,418.7,
433,Matt Barkley,,,QB59,257,,,,,,257,
434,Ryquell Armstead,,,RB104,,257,,,,,257,
435,Braxton Berrios,HOU,6,WR140,258,,,593,,,425.5,
436,Marquez Stevenson,,,WR141,,259,,,,,259,
437,C.J. Ham,MIN,6,RB105,320,,,440,,,380,
438,Austin Seibert,,,K41,396,,,,,368,382,
439,Sam Howell,PHI,9,QB60,359,,,682,,405,482,
440,Jordan Travis,,,QB61,265,,,,,,265,
441,Kyle Allen,DET,8,QB62,322,,,444,,,383,
442,Connor Heyward,PIT,5,TE60,383,,,385,,,384,
443,Zach Wilson,MIA,12,QB63,329,,,660,,439,476,
444,Mason Crosby,,,K42,269,,,,,,269,
445,John Samuel Shenker,,,TE61,270,,,,,,270,
446,Equanimeous St. Brown,,,WR142,271,,,499,,,385,
447,Tyquan Thornton,KC,10,WR143,368,,,403,,,385.5,
448,Jeremy McNichols,WAS,12,RB106,,,,394,,377,385.5,
449,Leonard Fournette,,,RB107,394,,,,,383,388.5,
450,Drew Lock,SEA,8,QB64,402,,,379,,,390.5,
451,Tyson Bagent,CHI,5,QB65,283,,,538,,,410.5,
452,Frank Gore Jr.,BUF,7,RB108,352,,,433,,,392.5,
453,Ezekiel Elliott,,,RB109,286,,,,,,286,
454,Darrell Stewart Jr.,,,WR144,,286,,,,,286,
455,Noah Brown,WAS,12,WR145,,,,376,,410,393,
456,Curtis Samuel,BUF,7,WR146,481,,,375,,430,428.7,
457,Dalvin Cook,,,RB110,291,,,,,,291,
458,Robert Woods,PIT,5,WR147,448,,,392,,451,430.3,
459,Kadarius Toney,,,WR148,344,,,451,,,397.5,
460,Tommy Tremble,CAR,14,TE62,408,,,449,,438,431.7,
461,Zane Gonzalez,,,K43,351,,,580,,446,459,
462,Darrell Henderson Jr.,,,RB111,299,,,,,,299,
463,Fred Brown,,,WR149,,300,,,,,300,
464,Jacob Kibodi,,,RB112,300,,,,,,300,
465,Jermaine Jackson,,,WR150,301,,,,,,301,
466,Lil'Jordan Humphrey,NYG,14,WR151,358,,,446,,,402,
467,Daniel Bellinger,NYG,14,TE63,347,,,458,,,402.5,
468,John Bates,WAS,12,TE64,306,,,663,,,484.5,
469,John Ross,,,WR152,307,,,,,,307,
470,Brett Maher,,,K44,310,,,,,,310,
471,D.J. Montgomery,IND,11,WR153,311,,,507,,,409,
472,Manasseh Bailey,,,WR154,,312,,,,,312,
473,Nathan Rourke,,,QB66,312,,,,,,312,
474,Hendon Hooker,CAR,14,QB67,350,,,462,,,406,
475,Mo Alie-Cox,IND,11,TE65,413,,,442,,457,437.3,
476,Andy Dalton,CAR,14,QB68,407,,,438,,468,437.7,
477,Darius Cooper,PHI,9,WR155,462,,,474,,378,438,
478,Tai Felton,MIN,6,WR156,,,,509,,315,412,
479,Max Duggan,,,QB69,317,,,,,,317,
480,Gabe Davis,,,WR157,,,,,,318,318,
481,Joe Horn Jr.,,,WR158,,319,,,,,319,
482,Stetson Bennett IV,LAR,8,QB70,321,,,532,,,426.5,
483,Eddy Pineiro,,,K45,324,,,498,,,411,
484,Jaylin Lane,WAS,12,WR159,399,,,496,,427,440.7,
485,Tylan Wallace,BAL,7,WR160,421,,,402,,,411.5,
486,Kenny Stills,,,WR161,,326,,,,,326,
487,Ricky White III,SEA,8,WR162,,,,642,,326,484,
488,Malik Williams,,,WR163,,327,,,,,327,
489,Dallin Holker,,,TE66,328,,,,,,328,
490,Anders Carlson,,,K46,,,,405,,424,414.5,
491,Lucky Jackson,MIN,6,WR164,330,,,544,,,437,
492,DeAndrew White,,,WR165,,332,,,,,332,
493,Patrick Ricard,BAL,7,RB113,417,,,415,,,416,
494,Randy Bullock,,,K47,334,,,,,,334,
495,Ian Book,,,QB71,470,,,,,366,418,
496,Cade Stover,HOU,6,TE67,337,,,547,,,442,
497,Mecole Hardman Jr.,GB,5,WR166,420,,,418,,,419,
498,Derius Davis,LAC,12,WR167,372,,,467,,,419.5,
499,Matt Prater,,,K48,339,,,565,,,452,
500,Kenjon Barner,,,RB114,,340,,,,,340,
501,Michael Badgley,,,K49,340,,,,,,340,
502,Elijah McGuire,,,RB115,,341,,,,,341,
503,Van Jefferson,TEN,10,WR168,,,,400,,441,420.5,
504,Lenny Krieg,ATL,5,K50,,,,342,,,342,
505,Anthony Brown Jr.,,,QB72,343,,,,,,343,
506,Cade York,,,K51,418,,,425,,,421.5,
507,Josh Reynolds,NYJ,9,WR169,,,,581,,343,462,
508,Tyrell Shavers,BUF,7,WR170,483,,,728,,360,523.7,
509,Theo Riddick,,,RB116,,344,,,,,344,
510,Ian Bunting,,,TE68,,345,,,,,345,
511,Julio Jones,,,WR171,346,,,,,,346,
512,Brandon Allen,TEN,10,QB73,357,,,489,,,423,
513,Ben DiNucci,,,QB74,348,,,621,,,484.5,
514,Justin Watson,HOU,6,WR172,433,,,416,,,424.5,
515,Zay Jones,ARI,8,WR173,423,,,579,,426,476,
516,Devon Johnson,,,OT1,,352,,,,,352,
517,Scotty Miller,PIT,5,WR174,405,,,447,,,426,
518,D.J. Williams,,,RB117,353,,,868,,,610.5,
519,Isaac,Rex,,TE69,,354,,,,,354,
520,George Campbell,,,WR175,,,,,,355,355,
521,Travis Wilson,,,WR176,,355,,,,,355,
522,Jared Wayne,HOU,6,WR177,355,,,,,,355,
523,Nikko Remigio,KC,10,WR178,356,,,540,,,448,
524,Kazmeir Allen,,,WR179,,,,732,,356,544,
525,Jordan Moore,CIN,10,WR180,,,,885,,357,621,
526,Noah Cain,,,RB118,,359,,,,,359,
527,Marcus Major Jr.,,,RB119,,,,784,,359,571.5,
528,Cole Beasley,,,WR181,,,,,,361,361,
529,Jaylon Moore,,,WR182,,362,,,,,362,
530,Trey Lance,LAC,12,QB75,438,,,424,,,431,
531,Devontez Walker,BAL,7,WR183,362,,,545,,,453.5,
532,Jalen White,,,RB120,,,,562,,362,462,
533,Raheim Sanders,CLE,9,RB121,363,,,639,,,501,
534,Cam Newton,,,QB76,,,,,,364,364,
535,Robert Foster,,,WR184,,364,,,,,364,
536,Teddy Bridgewater,TB,9,QB77,364,,,567,,,465.5,
537,Konata Mumpfield,LAR,8,WR185,,,,,,365,365,
538,Boston Scott,,,RB122,366,,,,,,366,
539,Wendell Smallwood,,,RB123,,,,,,367,367,
540,Jaren Hall,,,QB78,369,,,,,,369,
541,Steven Sims Jr.,,,WR186,,369,,611,,,490,
542,Colby Parkinson,LAR,8,TE70,,,,401,,469,435,
543,Luke Farrell,SF,14,TE71,371,,,653,,,512,
544,Kevin Harris,,,RB124,,371,,846,,,608.5,
545,Jaylen Samuels,,,RB125,,372,,,,,372,
546,Jason Brownlee,KC,10,WR187,,,,,,372,372,
547,Giovani Bernard,,,RB126,,,,,,373,373,
548,Trent Taylor,SF,14,WR188,374,,,,,,374,
549,Jalen Guyton,,,WR189,,374,,,,,374,
550,Phil Mafah,DAL,10,RB127,,,,797,,374,585.5,
551,Rob Gronkowski,,,TE72,,,,,,375,375,
552,Justin Sumpter,,,WR190,,375,,,,,375,
553,Rasheen Ali,BAL,7,RB128,403,,,472,,,437.5,
554,Riley Leonard,IND,11,QB79,375,,,761,,,568,
555,SaRodorick Thompson Jr.,,,RB129,378,,,,,,378,
556,Louis Rees-Zammit,,,RB130,379,,,,,,379,
557,Kalel Mullings,TEN,10,RB131,,,,,,380,380,
558,Avery Williams,,,RB132,380,,,646,,,513,
559,Robert Griffin,III,,QB80,,,,,,381,381,
560,Phillip Dorsett,II,,WR191,382,,,,,,382,
561,Greg Dortch,ARI,8,WR192,,,,445,,440,442.5,
562,Thomas Fidone II,NYG,14,TE73,,,,568,,385,476.5,
563,Davis Allen,LAR,8,TE74,386,,,533,,,459.5,
564,Robbie Chosen,SF,14,WR193,387,,,578,,,482.5,
565,Nick Mullens,JAC,8,QB81,,,,584,,387,485.5,
566,Keith Kirkwood,,,WR194,389,,,596,,,492.5,
567,Henry Pearson,,,RB133,390,,,,,,390,
568,Kirk Merritt,,,WR195,391,,,,,,391,
569,Tanner Brown,,,K52,392,,,,,,392,
570,Gus Edwards,,,RB134,393,,,598,,,495.5,
571,Ryan Tannehill,,,QB82,395,,,,,,395,
572,Drew Sample,CIN,10,TE75,,,,397,,,397,
573,Charlie Jones,CIN,10,WR196,397,,,696,,,546.5,
574,Tommy Mellott,,,WR197,398,,,609,,,503.5,
575,Dominic Lovett,DET,8,WR198,,,,800,,399,599.5,
576,Cedrick Wilson Jr.,NO,11,WR199,,,,592,,400,496,
577,Gavin Bartholomew,MIN,6,TE76,401,,,698,,,549.5,
578,Tyree Jackson,WAS,12,TE77,,,,820,,402,611,
579,Jamari Thrash,CLE,9,WR200,,,,739,,403,571,
580,Tyreik McAllister,,,RB135,404,,,,,,404,
581,Dillon Gabriel,CLE,9,QB83,,,,482,,423,452.5,
582,Michael Carter,ARI,8,RB136,,,,659,,406,532.5,
583,Julius Chestnut,TEN,10,RB137,449,,,459,,,454,
584,Trey Sermon,PIT,5,RB138,,,,520,,408,464,
585,Brayden Narveson,,,K53,409,,,,,,409,
586,Ainias Smith,CAR,14,WR201,,,,411,,,411,
587,Arian Smith,NYJ,9,WR202,454,,,711,,459,541.3,
588,River Cracraft,,,WR203,414,,,,,,414,
589,Matt Ammendola,,,K54,415,,,,,,415,
590,Josh Whyle,GB,5,TE78,,,,464,,454,459,
591,Kendrick Bourne,,,WR204,,,,443,,476,459.5,
592,Tyler Badie,DEN,12,RB139,466,,,453,,,459.5,
593,Jared Wiley,KC,10,TE79,419,,,548,,,483.5,
594,Trey Palmer,NO,11,WR205,,,,468,,452,460,
595,Emari Demercado,ARI,8,RB140,,,,543,,420,481.5,
596,Clyde Edwards-Helaire,,,RB141,,,,422,,,422,
597,Zach Pascal,,,WR206,422,,,583,,,502.5,
598,Michael Burton,DEN,12,RB142,484,,,439,,,461.5,
599,Alex Armah Jr.,,,RB143,424,,,,,,424,
