Unnamed: 0.3,Rank,Player,Team,Bye,POS,ESPN,Sleeper,CBS,NFL,RTSports,Fantrax,AVG,Real-Time (?),gsis_id,position,season,availability,age,rookie_season,snap_share,fan_pts_var,apy_cap_pct,draft_pick,pick_value,prev_year_completions,prev_year_passing_yards,prev_year_passing_tds,prev_year_carries,prev_year_rushing_yards,prev_year_rushing_tds,prev_year_receptions,prev_year_receiving_yards,prev_year_receiving_tds,prev_year_turnovers,yac_pr
0,1,Ja'Marr Chase,CIN,10.0,WR1,1.0,1.0,1.0,1.0,1.0,1.0,1.0,1,00-0036900,WR,2024,0.9264705882352942,24,2021,0.9229411764705883,165.50934,0.14400000000000002,5.0,24.3,0,0.0,0,3,32.0,0,127,1708.0,17,0.0,6.196850393700787
4,5,Justin Jefferson,MIN,6.0,WR2,4.0,5.0,6.0,5.0,6.0,3.0,4.8,1-jun,00-0036322,WR,2024,0.9166666666666666,25,2020,0.9317647058823529,60.544632,0.13699999999999998,22.0,14.9,1,22.0,0,1,3.0,0,103,1533.0,10,0.0,4.728155339805825
5,6,CeeDee Lamb,DAL,10.0,WR3,6.0,6.0,5.0,3.0,5.0,5.0,5.0,5  +1,00-0036358,WR,2024,0.9642857142857143,25,2020,0.802,69.886856,0.133,17.0,16.6,0,0.0,0,14,70.0,0,101,1194.0,6,1.0,5.316831683168317
7,8,Amon-Ra St. Brown,DET,8.0,WR4,9.0,7.0,12.0,8.0,10.0,11.0,9.5,7  +1,00-0036963,WR,2024,0.9705882352941176,24,2021,0.8829411764705882,82.91577,0.11699999999999999,112.0,4.6,1,7.0,1,2,6.0,0,115,1263.0,12,1.0,3.582608695652174
8,9,Malik Nabers,NYG,14.0,WR5,10.0,10.0,11.0,9.0,9.0,9.0,9.7,1-oct,00-0039337,WR,2024,0.8823529411764706,21,2024,0.9059999999999999,63.686855,0.028999999999999998,6.0,23.2,0,0.0,0,5,2.0,0,109,1204.0,7,0.0,4.238532110091743
11,12,Puka Nacua,LAR,8.0,WR6,8.0,9.0,14.0,7.0,17.0,8.0,10.5,11  +1,00-0039075,WR,2024,0.8235294117647058,23,2023,0.6972727272727274,101.36964,0.005,177.0,1.6,0,0.0,0,11,46.0,1,79,990.0,3,0.0,6.556962025316456
12,13,Nico Collins,HOU,6.0,WR7,13.0,13.0,13.0,16.0,11.0,12.0,13.0,12  +1,00-0036554,WR,2024,0.75,25,2021,0.6625,50.042725,0.095,89.0,6.0,0,0.0,0,0,0.0,0,68,1006.0,7,0.0,5.367647058823529
13,14,Brian Thomas Jr.,JAC,8.0,WR8,16.0,15.0,19.0,13.0,14.0,14.0,15.2,14,00-0039893,WR,2024,1.0,21,2024,0.7935294117647059,65.14059,0.013999999999999999,23.0,14.6,0,0.0,0,6,48.0,0,87,1282.0,10,0.0,6.459770114942529
17,18,Drake London,ATL,5.0,WR9,21.0,17.0,24.0,20.0,19.0,16.0,19.5,16  +2,00-0037238,WR,2024,0.9803921568627451,23,2022,0.8970588235294118,81.58155,0.026000000000000002,8.0,21.4,0,0.0,0,1,-3.0,0,100,1271.0,9,0.0,3.27
19,20,A.J. Brown,PHI,9.0,WR10,17.0,19.0,27.0,15.0,23.0,20.0,20.2,18  +2,00-0035676,WR,2024,0.900990099009901,27,2019,0.8661538461538462,43.981407,0.125,51.0,9.6,0,0.0,0,0,0.0,0,67,1079.0,7,0.0,5.268656716417911
25,26,Ladd McConkey,LAC,12.0,WR11,29.0,24.0,30.0,23.0,29.0,22.0,26.2,24  +2,00-0039915,WR,2024,0.9411764705882353,22,2024,0.731875,51.77596,0.01,34.0,12.1,0,0.0,0,0,0.0,0,82,1149.0,7,0.0,4.7560975609756095
28,29,Tee Higgins,CIN,10.0,WR12,26.0,30.0,32.0,32.0,36.0,28.0,30.7,28  +1,00-0036410,WR,2024,0.8452380952380952,25,2020,0.7908333333333332,108.38628,0.10300000000000001,33.0,12.3,0,0.0,0,0,0.0,0,73,911.0,10,1.0,3.1232876712328768
30,31,Tyreek Hill,MIA,12.0,WR13,31.0,26.0,39.0,36.0,31.0,30.0,32.2,33  -2,00-0033040,WR,2024,0.972972972972973,30,2016,0.7988235294117647,55.858677,0.11699999999999999,165.0,2.1,0,0.0,0,8,53.0,0,81,959.0,6,0.0,3.6049382716049383
32,33,Jaxon Smith-Njigba,SEA,8.0,WR14,37.0,29.0,41.0,39.0,33.0,27.0,34.3,30  +3,00-0038543,WR,2024,1.0,22,2023,0.8641176470588235,77.412796,0.016,20.0,15.5,1,35.0,0,5,26.0,0,100,1130.0,6,0.0,4.77
38,39,Mike Evans,TB,9.0,WR15,40.0,40.0,36.0,33.0,49.0,37.0,39.2,34  +5,00-0031408,WR,2024,0.9505494505494505,31,2014,0.7157142857142859,100.44221,0.08,7.0,22.2,0,0.0,0,0,0.0,0,74,1004.0,11,0.0,3.054054054054054
39,40,Davante Adams,LAR,8.0,WR16,34.0,43.0,34.0,46.0,42.0,38.0,39.5,44  -4,00-0031381,WR,2024,0.945054945054945,31,2014,0.9178571428571428,100.064,0.079,53.0,9.3,0,0.0,0,0,0.0,0,85,1063.0,8,0.0,5.564705882352941
40,41,Terry McLaurin,WAS,12.0,WR17,36.0,42.0,46.0,29.0,40.0,45.0,39.7,35  +6,00-0035659,WR,2024,0.97,28,2019,0.8047058823529412,61.255146,0.10400000000000001,76.0,7.0,0,0.0,0,2,2.0,0,82,1096.0,13,1.0,3.5609756097560976
41,42,Garrett Wilson,NYJ,9.0,WR18,42.0,34.0,51.0,37.0,43.0,32.0,39.8,38  +4,00-0037740,WR,2024,1.0,24,2022,0.9629411764705883,52.380295,0.11599999999999999,10.0,19.9,0,0.0,0,2,5.0,0,101,1104.0,7,2.0,4.376237623762377
43,44,Marvin Harrison Jr.,ARI,8.0,WR19,45.0,39.0,45.0,41.0,45.0,33.0,41.3,40  +4,00-0039849,WR,2024,1.0,22,2024,0.7858823529411766,65.36008,0.035,4.0,25.8,0,0.0,0,0,0.0,0,62,885.0,8,1.0,2.3870967741935485
47,48,DJ Moore,CHI,5.0,WR20,53.0,49.0,52.0,48.0,51.0,43.0,49.3,50  -2,00-0034827,WR,2024,0.9827586206896551,27,2018,0.9382352941176471,50.41309,0.10800000000000001,24.0,14.4,0,0.0,0,14,75.0,0,98,966.0,6,1.0,6.0
48,49,DK Metcalf,PIT,5.0,WR21,47.0,45.0,48.0,53.0,53.0,51.0,49.5,48  +1,00-0035640,WR,2024,0.97,26,2019,0.8600000000000002,42.208378,0.11800000000000001,64.0,8.1,0,0.0,0,0,0.0,0,66,992.0,5,2.0,3.984848484848485
50,51,Courtland Sutton,DEN,12.0,WR22,57.0,52.0,53.0,55.0,50.0,48.0,52.5,52  -1,00-0034348,WR,2024,0.8376068376068376,28,2018,0.8523529411764706,43.647816,0.08199999999999999,40.0,11.1,2,30.0,1,0,0.0,0,81,1081.0,8,1.0,2.2098765432098766
52,53,Xavier Worthy,KC,10.0,WR23,50.0,57.0,50.0,68.0,61.0,47.0,55.5,53,00-0039894,WR,2024,1.0,21,2024,0.6411764705882353,53.76133,0.013000000000000001,28.0,13.4,0,0.0,0,20,104.0,3,59,638.0,6,0.0,6.898305084745763
54,55,DeVonta Smith,PHI,9.0,WR24,62.0,55.0,59.0,59.0,60.0,50.0,57.5,57  -2,00-0036912,WR,2024,0.9264705882352942,25,2021,0.8853846153846155,73.90423,0.098,10.0,19.9,0,0.0,0,1,1.0,0,68,833.0,8,0.0,4.397058823529412
56,57,Jameson Williams,DET,8.0,WR25,66.0,63.0,64.0,51.0,64.0,52.0,60.0,60  -3,00-0037240,WR,2024,0.6470588235294118,23,2022,0.7953333333333334,62.702667,0.021,12.0,18.8,0,0.0,0,11,61.0,1,58,1001.0,7,0.0,8.568965517241379
57,58,Zay Flowers,BAL,7.0,WR26,55.0,56.0,63.0,72.0,68.0,55.0,61.5,65  -7,00-0039064,WR,2024,0.9705882352941176,23,2023,0.7464705882352941,61.640667,0.016,22.0,14.9,0,0.0,0,9,56.0,0,74,1059.0,4,0.0,6.256756756756757
62,63,Tetairoa McMillan,CAR,14.0,WR27,75.0,62.0,66.0,73.0,52.0,53.0,63.5,54  +9,00-0040124,WR,2024,--,21,2025,--,--,0.025,8.0,21.4,--,--,--,--,--,--,--,--,--,--,--
63,64,Calvin Ridley,TEN,10.0,WR28,61.0,70.0,67.0,67.0,56.0,60.0,63.5,66  -2,00-0034837,WR,2024,0.7870370370370371,29,2018,0.8129411764705882,55.436546,0.09,26.0,13.9,0,0.0,0,8,55.0,1,64,1017.0,4,1.0,3.609375
65,66,George Pickens,DAL,10.0,WR29,64.0,59.0,62.0,75.0,62.0,62.0,64.0,64  +2,00-0037247,WR,2024,0.9411764705882353,23,2022,0.8021428571428572,37.83033,0.008,52.0,9.4,0,0.0,0,2,-6.0,0,59,900.0,3,1.0,3.6440677966101696
66,67,Rashee Rice,KC,10.0,WR30,60.0,51.0,79.0,44.0,70.0,84.0,64.7,71  -4,00-0039067,WR,2024,0.5882352941176471,24,2023,0.6024999999999999,42.17334,0.006999999999999999,55.0,9.1,0,0.0,0,1,1.0,0,24,288.0,2,0.0,7.75
69,70,Travis Hunter,JAC,8.0,WR31,73.0,66.0,85.0,62.0,74.0,59.0,69.8,69  +1,00-0040718,CB,2024,--,21,2025,--,--,--,2.0,30.2,--,--,--,--,--,--,--,--,--,--,--
71,72,Jaylen Waddle,MIA,12.0,WR32,65.0,69.0,82.0,84.0,78.0,57.0,72.5,67  +5,00-0036613,WR,2024,0.9117647058823529,25,2021,0.7866666666666667,50.77781,0.111,6.0,23.2,0,0.0,0,4,12.0,0,58,744.0,2,0.0,4.068965517241379
73,74,Jerry Jeudy,CLE,9.0,WR33,67.0,75.0,71.0,99.0,67.0,70.0,74.8,78  -4,00-0036407,WR,2024,0.8823529411764706,25,2020,0.8970588235294118,91.6072,0.069,15.0,17.4,0,0.0,0,0,0.0,0,90,1229.0,4,0.0,4.3
75,76,Rome Odunze,CHI,5.0,WR34,76.0,80.0,99.0,89.0,83.0,63.0,81.7,77  -1,00-0039919,WR,2024,1.0,22,2024,0.8358823529411765,38.44691,0.022000000000000002,9.0,20.6,0,0.0,0,3,15.0,0,54,734.0,3,1.0,4.685185185185185
77,78,Chris Olave,NO,11.0,WR35,84.0,76.0,100.0,86.0,82.0,66.0,82.3,75  +3,00-0037239,WR,2024,0.7647058823529411,24,2022,0.6174999999999999,72.22411,0.023,11.0,19.3,0,0.0,0,1,7.0,0,32,400.0,1,1.0,3.78125
78,79,Deebo Samuel Sr.,WAS,12.0,WR36,95.0,81.0,76.0,96.0,85.0,71.0,84.0,83  -4,00-0035719,WR,2024,0.81,28,2019,0.7313333333333333,50.250553,0.115,36.0,11.8,0,0.0,0,42,136.0,1,51,670.0,3,0.0,8.254901960784315
81,82,Stefon Diggs,NE,14.0,WR37,86.0,87.0,91.0,94.0,84.0,78.0,86.7,87  -5,00-0031588,WR,2024,0.9454545454545454,30,2015,0.78375,32.029373,0.076,146.0,2.9,1,13.0,0,3,8.0,1,47,496.0,3,0.0,3.9361702127659575
85,86,Jakobi Meyers,LV,8.0,WR38,82.0,82.0,83.0,119.0,97.0,75.0,89.7,88  -2,00-0034960,WR,2024,0.9306930693069307,27,2019,0.9166666666666666,37.230953,0.049,,0.0,0,0.0,0,2,23.0,0,87,1027.0,4,0.0,3.367816091954023
86,87,Cooper Kupp,SEA,8.0,WR39,83.0,83.0,94.0,108.0,89.0,81.0,89.7,93  -6,00-0033908,WR,2024,0.8333333333333334,31,2017,0.815,105.98515,0.054000000000000006,69.0,7.6,0,0.0,0,2,10.0,0,67,710.0,6,0.0,4.014925373134329
87,88,Ricky Pearsall,SF,14.0,WR40,102.0,98.0,74.0,111.0,69.0,92.0,91.0,79  +9,00-0039916,WR,2024,0.6470588235294118,23,2024,0.67,93.01833,0.012,31.0,12.7,0,0.0,0,3,45.0,0,31,400.0,3,0.0,3.6774193548387095
88,89,Emeka Egbuka,TB,9.0,WR41,88.0,94.0,84.0,122.0,71.0,88.0,91.2,76  +13,00-0040129,WR,2024,--,21,2025,--,--,0.016,19.0,15.8,--,--,--,--,--,--,--,--,--,--,--
90,91,Jordan Addison,MIN,6.0,WR42,108.0,85.0,104.0,95.0,95.0,80.0,94.5,92  -1,00-0038994,WR,2024,0.9411764705882353,22,2023,0.8173333333333334,107.9338,0.015,23.0,14.6,0,0.0,0,3,20.0,1,63,875.0,9,0.0,3.380952380952381
91,92,Matthew Golden,GB,5.0,WR43,81.0,91.0,101.0,118.0,87.0,91.0,94.8,89  +3,00-0040667,WR,2024,--,21,2025,--,--,0.016,23.0,14.6,--,--,--,--,--,--,--,--,--,--,--
94,95,Chris Godwin Jr.,TB,9.0,WR44,94.0,101.0,107.0,91.0,102.0,111.0,101.0,107  -12,00-0033921,WR,2024,0.8409090909090909,28,2017,0.87,72.9081,0.079,84.0,6.4,0,0.0,0,1,2.0,0,50,576.0,5,0.0,7.0
96,97,Khalil Shakir,BUF,7.0,WR45,106.0,95.0,118.0,102.0,104.0,85.0,101.7,99  -2,00-0037261,WR,2024,0.9411764705882353,24,2022,0.6133333333333333,30.988096,0.047,148.0,2.8,0,0.0,0,2,4.0,0,76,821.0,4,0.0,7.855263157894737
104,105,Jauan Jennings,SF,14.0,WR46,115.0,103.0,119.0,110.0,103.0,96.0,107.7,100  +5,00-0036259,WR,2024,0.8823529411764706,27,2020,0.7439999999999999,130.55095,0.023,217.0,0.3,0,0.0,0,0,0.0,0,77,975.0,6,0.0,3.090909090909091
110,111,Michael Pittman Jr.,IND,11.0,WR47,90.0,119.0,95.0,165.0,112.0,99.0,113.3,116  -5,00-0036252,WR,2024,0.9285714285714286,26,2020,0.880625,37.545166,0.091,34.0,12.1,0,0.0,0,0,0.0,0,69,808.0,3,1.0,3.753623188405797
116,117,Keon Coleman,BUF,7.0,WR48,112.0,122.0,116.0,138.0,117.0,112.0,119.5,111  +6,00-0039901,WR,2024,0.7647058823529411,21,2024,0.7284615384615385,25.885256,0.01,33.0,12.3,0,0.0,0,1,9.0,0,29,556.0,4,0.0,7.413793103448276
118,119,Jayden Reed,GB,5.0,WR49,125.0,112.0,132.0,133.0,114.0,105.0,120.2,119,00-0039146,WR,2024,0.9705882352941176,24,2023,0.631764705882353,77.3536,0.008,50.0,9.7,0,0.0,0,20,163.0,1,55,857.0,6,1.0,6.909090909090909
121,122,Josh Downs,IND,11.0,WR50,137.0,120.0,129.0,139.0,121.0,113.0,126.5,118  +4,00-0038997,WR,2024,0.9117647058823529,23,2023,0.6442857142857142,49.582855,0.006,79.0,6.8,0,0.0,0,1,-1.0,0,72,803.0,5,0.0,5.5
133,134,Darnell Mooney,ATL,5.0,WR51,136.0,140.0,123.0,181.0,137.0,117.0,139.0,145  -11,00-0036309,WR,2024,0.9047619047619048,26,2020,0.9275,68.065994,0.051,173.0,1.8,0,0.0,0,0,0.0,0,64,992.0,5,0.0,4.296875
141,142,Brandon Aiyuk,SF,14.0,WR52,163.0,138.0,159.0,125.0,142.0,139.0,144.3,139  +3,00-0036261,WR,2024,0.8214285714285714,26,2020,0.7614285714285715,40.704765,0.11699999999999999,25.0,14.1,0,0.0,0,0,0.0,0,25,374.0,0,0.0,4.28
142,143,Rashid Shaheed,NO,11.0,WR53,129.0,137.0,160.0,179.0,148.0,116.0,144.8,133  +10,00-0037545,WR,2024,0.717391304347826,26,2022,0.7566666666666667,63.086666,0.012,,0.0,0,0.0,0,6,29.0,0,20,349.0,3,0.0,5.3
145,146,Jayden Higgins,HOU,6.0,WR54,138.0,126.0,165.0,205.0,134.0,119.0,147.8,144  +2,00-0040130,WR,2024,--,21,2025,--,--,0.01,34.0,12.1,--,--,--,--,--,--,--,--,--,--,--
148,149,Keenan Allen,LAC,12.0,WR55,121.0,135.0,151.0,224.0,133.0,133.0,149.5,143  +6,00-0030279,WR,2024,0.7947368421052632,32,2013,0.868,74.49781,0.011000000000000001,76.0,7.0,0,0.0,0,0,0.0,0,70,744.0,7,1.0,3.4285714285714284
149,150,Marvin Mims Jr.,DEN,12.0,WR56,167.0,149.0,169.0,173.0,129.0,115.0,150.3,158  -8,00-0038976,WR,2024,0.9705882352941176,22,2023,0.2694117647058823,79.407295,0.006999999999999999,63.0,8.2,0,0.0,0,13,42.0,0,39,503.0,6,0.0,12.23076923076923
150,151,Christian Kirk,HOU,6.0,WR57,175.0,163.0,137.0,171.0,150.0,110.0,151.0,150  +1,00-0034775,WR,2024,0.8017241379310345,27,2018,0.7000000000000001,41.642677,0.086,47.0,10.1,0,0.0,0,0,0.0,0,27,379.0,1,0.0,4.185185185185185
159,160,Marquise Brown,KC,10.0,WR58,171.0,193.0,215.0,124.0,168.0,144.0,169.2,175  -15,00-0035662,WR,2024,0.75,27,2019,0.335,0.40499964,0.025,25.0,14.1,0,0.0,0,0,0.0,0,9,91.0,0,0.0,5.111111111111111
162,163,Luther Burden III,CHI,5.0,WR59,186.0,151.0,174.0,210.0,153.0,147.0,170.2,166  -3,00-0040735,WR,2024,--,20,2025,--,--,--,39.0,11.3,--,--,--,--,--,--,--,--,--,--,--
165,166,Rashod Bateman,BAL,7.0,WR60,176.0,167.0,144.0,184.0,195.0,163.0,171.5,151  +15,00-0036550,WR,2024,0.75,24,2021,0.6900000000000001,45.49717,0.044000000000000004,27.0,13.6,0,0.0,0,0,0.0,0,45,756.0,9,0.0,4.088888888888889
166,167,Adam Thielen,MIN,6.0,WR61,150.0,164.0,172.0,207.0,190.0,149.0,172.0,160  +7,00-0030035,WR,2024,0.9065934065934066,34,2013,0.708,58.37611,0.031,,0.0,0,0.0,0,0,0.0,0,48,615.0,5,0.0,3.1666666666666665
175,176,Xavier Legette,CAR,14.0,WR62,158.0,189.0,202.0,208.0,179.0,160.0,182.7,196  -20,00-0039342,WR,2024,0.9411764705882353,23,2024,0.698125,22.524,0.012,32.0,12.5,0,0.0,0,6,24.0,0,49,497.0,4,0.0,2.2857142857142856
180,181,Wan'Dale Robinson,NYG,14.0,WR63,174.0,194.0,162.0,250.0,180.0,167.0,187.8,183  -2,00-0038117,WR,2024,0.7450980392156863,23,2022,0.7594117647058823,19.173899,0.01,43.0,10.6,0,0.0,0,3,18.0,0,93,699.0,3,0.0,3.881720430107527
192,193,Cedric Tillman,CLE,9.0,WR64,168.0,191.0,204.0,316.0,175.0,162.0,202.7,178  +15,00-0038979,WR,2024,0.7352941176470589,24,2023,0.5490909090909091,112.1625,0.006,74.0,7.2,0,0.0,0,1,-5.0,0,29,339.0,3,1.0,3.586206896551724
203,204,Amari Cooper,LV,8.0,WR65,223.0,230.0,142.0,322.0,196.0,255.0,228.0,194  +10,00-0031544,WR,2024,0.9634146341463414,30,2015,0.6407142857142858,55.4559,0.0,4.0,25.8,0,0.0,0,0,0.0,0,44,547.0,4,0.0,2.522727272727273
212,213,Romeo Doubs,GB,5.0,WR66,,212.0,203.0,230.0,211.0,171.0,205.4,215  -2,00-0037816,WR,2024,0.8627450980392157,24,2022,0.7738461538461539,34.70756,0.005,132.0,3.5,0,0.0,0,0,0.0,0,46,601.0,4,0.0,2.9347826086956523
213,214,DeMario Douglas,NE,14.0,WR67,,206.0,201.0,261.0,181.0,186.0,207.0,206  +8,00-0038621,WR,2024,0.9117647058823529,23,2023,0.6264705882352941,24.57696,0.004,210.0,0.6,0,0.0,0,3,16.0,0,66,621.0,3,0.0,5.4393939393939394
218,219,Tre' Harris,LAC,12.0,WR68,,154.0,,167.0,171.0,142.0,158.5,180  +39,00-0040727,WR,2024,--,22,2025,--,--,--,55.0,9.1,--,--,--,--,--,--,--,--,--,--,--
219,220,Isaac TeSlaa,DET,8.0,WR69,216.0,196.0,,231.0,207.0,295.0,229.0,199  +21,00-0040669,WR,2024,--,22,2025,--,--,0.006,70.0,7.5,--,--,--,--,--,--,--,--,--,--,--
225,226,Kyle Williams,NE,14.0,WR70,,188.0,,222.0,166.0,172.0,187.0,198  +28,00-0040131,WR,2024,--,21,2025,--,--,0.006,,0.0,--,--,--,--,--,--,--,--,--,--,--
226,227,DeAndre Hopkins,BAL,7.0,WR71,,214.0,,190.0,161.0,206.0,192.8,210  +17,00-0030564,WR,2024,0.9246231155778895,32,2013,0.49,53.783833,0.018000000000000002,27.0,13.6,0,0.0,0,0,0.0,0,56,610.0,5,0.0,1.9464285714285714
227,228,Joshua Palmer,BUF,7.0,WR72,,180.0,,235.0,184.0,177.0,194.0,184  +44,00-0036988,WR,2024,0.8529411764705882,24,2021,0.66,12.9611435,0.036000000000000004,77.0,6.9,0,0.0,0,0,0.0,0,39,584.0,1,0.0,2.58974358974359
229,230,Dont'e Thornton Jr.,LV,8.0,WR73,,177.0,,268.0,167.0,266.0,219.5,205  +25,00-0040581,WR,2024,--,21,2025,--,--,0.005,108.0,4.8,--,--,--,--,--,--,--,--,--,--,--
232,233,Jack Bech,LV,8.0,WR74,,219.0,,239.0,201.0,224.0,220.8,238  -5,00-0040729,WR,2024,--,21,2025,--,--,--,58.0,8.7,--,--,--,--,--,--,--,--,--,--,--
234,235,Quentin Johnston,LAC,12.0,WR75,,248.0,193.0,274.0,,181.0,224.0,245  -10,00-0038544,WR,2024,0.9411764705882353,22,2023,0.7080000000000001,75.70267,0.016,21.0,15.2,0,0.0,0,3,6.0,0,55,711.0,8,0.0,5.5636363636363635
238,239,Tory Horton,SEA,8.0,WR76,370.0,234.0,,324.0,224.0,260.0,282.4,232  +7,00-0040648,WR,2024,--,21,2025,--,--,0.004,166.0,2.0,--,--,--,--,--,--,--,--,--,--,--
241,242,Alec Pierce,IND,11.0,WR77,,250.0,,255.0,222.0,203.0,232.5,255  -13,00-0037664,WR,2024,0.9607843137254902,24,2022,0.8006249999999999,69.103836,0.008,53.0,9.3,0,0.0,0,0,0.0,0,37,824.0,7,0.0,3.189189189189189
250,251,Jaylin Noel,HOU,6.0,WR78,,258.0,,359.0,183.0,209.0,252.3,275  -24,00-0040138,WR,2024,--,21,2025,--,--,0.006,79.0,6.8,--,--,--,--,--,--,--,--,--,--,--
254,255,Jalen Coker,CAR,14.0,WR79,,261.0,,341.0,244.0,214.0,265.0,216  +39,00-0039491,WR,2024,0.7857142857142857,22,2024,--,45.037125,0.004,,0.0,1,19.0,0,0,0.0,0,32,478.0,2,0.0,5.34375
255,256,Darius Slayton,NYG,14.0,WR80,,288.0,,309.0,216.0,247.0,265.0,265  -9,00-0035535,WR,2024,0.94,27,2019,0.830625,44.923336,0.043,171.0,1.9,0,0.0,0,2,17.0,0,39,573.0,2,0.0,3.1794871794871793
261,262,Pat Bryant,DEN,12.0,WR81,,241.0,,373.0,214.0,261.0,272.3,242  +20,00-0040134,WR,2024,--,21,2025,--,--,0.006,74.0,7.2,--,--,--,--,--,--,--,--,--,--,--
266,267,Troy Franklin,DEN,12.0,WR82,,328.0,,289.0,242.0,275.0,283.5,272  -5,00-0039868,WR,2024,0.9411764705882353,21,2024,0.375,11.309958,0.005,102.0,5.1,0,0.0,0,2,8.0,0,28,263.0,2,0.0,5.821428571428571
277,278,Tyler Lockett,TEN,10.0,WR83,,215.0,,237.0,,256.0,236.0,237  +41,00-0032211,WR,2024,0.9818181818181818,31,2015,0.6905882352941176,24.649044,0.013999999999999999,69.0,7.6,0,0.0,0,0,0.0,0,49,600.0,2,0.0,2.7346938775510203
279,280,Jalen McMillan,TB,9.0,WR84,,223.0,,226.0,,294.0,247.7,257  +23,00-0039855,WR,2024,0.8235294117647058,22,2024,0.7076923076923077,69.78141,0.006,92.0,5.8,0,0.0,0,4,43.0,0,37,461.0,8,0.0,3.5945945945945947
282,283,Elic Ayomanor,TEN,10.0,WR85,,207.0,,331.0,,219.0,252.3,231  +52,00-0040170,WR,2024,--,21,2025,--,--,0.004,136.0,3.3,--,--,--,--,--,--,--,--,--,--,--
283,284,Calvin Austin III,PIT,5.0,WR86,,264.0,,278.0,,241.0,261.0,244  +40,00-0037837,WR,2024,0.6666666666666666,25,2022,0.5364705882352941,44.910583,0.005,138.0,3.2,0,0.0,0,0,0.0,0,36,548.0,4,0.0,4.222222222222222
284,285,Dontayvion Wicks,GB,5.0,WR87,412.0,318.0,,328.0,,230.0,322.0,,00-0038393,WR,2024,0.9411764705882353,23,2023,0.5470588235294117,42.251247,0.005,159.0,2.3,0,0.0,0,0,0.0,0,39,415.0,5,0.0,3.5641025641025643
287,288,Andrei Iosivas,CIN,10.0,WR88,,287.0,,269.0,,259.0,271.7,278  +10,00-0038619,WR,2024,0.9705882352941176,24,2023,0.7841176470588236,24.915148,0.004,206.0,0.7,0,0.0,0,0,0.0,0,36,479.0,6,0.0,1.8611111111111112
292,293,Adonai Mitchell,IND,11.0,WR89,,247.0,,348.0,,245.0,280.0,258  +35,00-0039890,WR,2024,1.0,21,2024,0.36176470588235293,13.953594,0.006999999999999999,52.0,9.4,1,24.0,0,4,6.0,0,23,312.0,0,1.0,4.391304347826087
295,296,Luke McCaffrey,WAS,12.0,WR90,254.0,,,306.0,,291.0,283.7,,00-0039355,WR,2024,1.0,23,2024,0.36588235294117644,4.0890913,0.005,100.0,5.3,0,0.0,0,0,0.0,0,18,168.0,0,0.0,5.388888888888889
296,297,Michael Wilson,ARI,8.0,WR91,,273.0,,338.0,,244.0,285.0,269  +28,00-0038559,WR,2024,0.8529411764705882,24,2023,0.795625,19.576292,0.006,94.0,5.7,0,0.0,0,1,7.0,0,47,548.0,4,1.0,2.765957446808511
300,301,Ray-Ray McCloud III,ATL,5.0,WR92,,,,335.0,255.0,284.0,291.3,,00-0034407,WR,2024,0.9439252336448598,27,2018,0.8511764705882353,18.895294,0.01,187.0,1.3,0,0.0,0,10,79.0,0,62,686.0,1,1.0,5.403225806451613
301,302,Diontae Johnson,,,WR93,,316.0,,286.0,,272.0,291.3,271  +31,00-0035216,WR,2024,0.92,28,2019,0.5516666666666666,90.082,0.004,66.0,7.9,0,0.0,0,2,6.0,0,33,375.0,3,0.0,2.757575757575758
303,304,Dyami Brown,JAC,8.0,WR94,,269.0,,368.0,,242.0,293.0,274  +30,00-0036626,WR,2024,0.9264705882352942,24,2021,0.43125,11.572096,0.036000000000000004,82.0,6.5,0,0.0,0,3,26.0,0,30,308.0,1,1.0,7.266666666666667
304,305,Jalen Royals,KC,10.0,WR95,428.0,253.0,,463.0,,238.0,345.5,249  +56,00-0040646,WR,2024,--,21,2025,--,--,0.005,133.0,3.5,--,--,--,--,--,--,--,--,--,--,--
305,306,JuJu Smith-Schuster,KC,10.0,WR96,256.0,,,259.0,,379.0,298.0,,00-0033857,WR,2024,0.7969924812030075,27,2017,0.4664285714285715,34.92618,0.005,62.0,8.3,0,0.0,0,0,0.0,0,18,231.0,2,0.0,8.61111111111111
306,307,Marquez Valdes-Scantling,SF,14.0,WR97,425.0,358.0,,314.0,,297.0,348.5,,00-0034272,WR,2024,0.9304347826086956,29,2018,0.5435714285714286,62.375,0.013999999999999999,174.0,1.7,0,0.0,0,1,4.0,0,19,411.0,4,0.0,7.526315789473684
314,315,Elijah Moore,BUF,7.0,WR98,275.0,,,295.0,,344.0,304.7,,00-0036980,WR,2024,0.9117647058823529,24,2021,0.7570588235294117,34.676105,0.009000000000000001,34.0,12.1,0,0.0,0,1,1.0,0,61,538.0,1,0.0,2.180327868852459
315,316,Tank Dell,HOU,6.0,WR99,245.0,,,263.0,,414.0,307.3,,00-0038977,WR,2024,0.7352941176470589,24,2023,0.6892857142857142,41.033844,0.006,69.0,7.6,0,0.0,0,9,43.0,0,51,667.0,3,0.0,3.215686274509804
316,317,Tutu Atwell,LAR,8.0,WR100,,350.0,,325.0,,262.0,312.3,,00-0036849,WR,2024,0.8088235294117647,24,2021,0.39,17.919239,0.036000000000000004,57.0,8.9,0,0.0,0,2,7.0,0,42,562.0,0,0.0,3.0
325,326,Efton Chism III,NE,14.0,WR101,242.0,,,304.0,,418.0,321.3,,00-0040563,WR,2024,--,22,2025,--,--,0.004,,0.0,--,--,--,--,--,--,--,--,--,--,--
326,327,Jahan Dotson,PHI,9.0,WR102,231.0,,,292.0,,444.0,322.3,,00-0037741,WR,2024,0.9019607843137255,24,2022,0.5823529411764705,16.8961,0.018000000000000002,16.0,16.9,0,0.0,0,1,13.0,0,19,216.0,0,0.0,3.789473684210526
328,329,Hunter Renfrow,,,WR103,264.0,,,351.0,,369.0,328.0,,00-0034983,WR,2024,0.8795180722891566,28,2019,--,--,0.005,149.0,2.7,--,--,--,--,--,--,--,--,--,--,--
329,330,Roman Wilson,PIT,5.0,WR104,,292.0,,357.0,,335.0,328.0,279  +51,00-0039739,WR,2024,0.058823529411764705,23,2024,0.07,--,0.006,84.0,6.4,--,--,--,--,--,--,--,--,--,--,--
330,331,KeAndre Lambert-Smith,LAC,12.0,WR105,272.0,,,391.0,,328.0,330.3,,00-0040184,WR,2024,--,22,2025,--,--,0.004,158.0,2.4,--,--,--,--,--,--,--,--,--,--,--
332,333,Olamide Zaccheaus,CHI,5.0,WR106,305.0,,,365.0,,340.0,336.7,,00-0035208,WR,2024,0.93,27,2019,0.42058823529411765,53.10352,0.005,,0.0,0,0.0,0,1,8.0,0,45,506.0,3,0.0,6.311111111111111
334,335,Christian Watson,GB,5.0,WR107,,331.0,,369.0,,314.0,338.0,,00-0038124,WR,2024,0.7450980392156863,25,2022,0.5906666666666667,36.571045,0.011000000000000001,34.0,12.1,0,0.0,0,4,23.0,0,29,620.0,2,1.0,5.137931034482759
338,339,Tez Johnson,TB,9.0,WR108,282.0,,,431.0,,327.0,346.7,,00-0040237,WR,2024,--,22,2025,--,--,0.004,235.0,0.0,--,--,--,--,--,--,--,--,--,--,--
340,341,KaVontae Turpin,DAL,10.0,WR109,,,,242.0,,309.0,275.5,,00-0037801,WR,2024,0.9803921568627451,28,2022,--,18.782667,0.016,,0.0,0,0.0,0,16,92.0,0,31,420.0,2,1.0,8.387096774193548
341,342,Jalen Tolbert,DAL,10.0,WR110,,,,283.0,,270.0,276.5,,00-0037666,WR,2024,0.8235294117647058,25,2022,0.7576470588235295,27.602575,0.006,88.0,6.1,0,0.0,0,0,0.0,0,49,610.0,7,0.0,3.3877551020408165
344,345,Kayshon Boutte,NE,14.0,WR111,,370.0,,389.0,,304.0,354.3,,00-0038608,WR,2024,0.6176470588235294,22,2023,0.7806666666666667,47.372097,0.004,187.0,1.3,0,0.0,0,0,0.0,0,43,589.0,3,0.0,3.488372093023256
345,346,John Metchie III,PHI,9.0,WR112,295.0,,,384.0,,386.0,355.0,,00-0037614,WR,2024,0.5686274509803921,24,2022,0.46153846153846145,28.182667,0.01,44.0,10.5,0,0.0,0,0,0.0,0,24,254.0,1,0.0,2.875
349,350,Tim Patrick,JAC,8.0,WR113,314.0,,,333.0,,431.0,359.3,,00-0033375,WR,2024,0.6206896551724138,30,2017,0.591875,33.78971,0.009000000000000001,,0.0,0,0.0,0,0,0.0,0,33,394.0,3,0.0,4.2727272727272725
350,351,Tre Tucker,LV,8.0,WR114,,,,298.0,,285.0,291.5,,00-0038563,WR,2024,0.9705882352941176,23,2023,0.8723529411764707,35.75559,0.006,100.0,5.3,0,0.0,0,9,44.0,1,47,539.0,3,0.0,4.425531914893617
355,356,Jake Bobo,SEA,8.0,WR115,278.0,,,347.0,,470.0,365.0,,00-0038752,WR,2024,1.0,26,2023,0.2923529411764706,5.424,0.004,,0.0,0,0.0,0,0,0.0,0,13,107.0,1,0.0,2.076923076923077
356,357,Jimmy Horn Jr.,CAR,14.0,WR116,280.0,,,318.0,,,299.0,,00-0040218,WR,2024,--,21,2025,--,--,0.004,208.0,0.6,--,--,--,--,--,--,--,--,--,--,--
360,361,Nick Westbrook-Ikhine,MIA,12.0,WR117,,,,303.0,,310.0,306.5,,00-0036182,WR,2024,0.9404761904761905,27,2020,0.6994117647058824,32.972565,0.011000000000000001,,0.0,0,0.0,0,0,0.0,0,32,497.0,9,0.0,3.875
366,367,Odell Beckham Jr.,,,WR118,261.0,,,360.0,,,310.5,,00-0031235,WR,2024,0.8125,31,2014,0.20222222222222225,3.3383927,0.012,12.0,18.8,0,0.0,0,0,0.0,0,9,55.0,0,0.0,1.5555555555555556
369,370,Brandin Cooks,NO,11.0,WR119,,,,313.0,,311.0,312.0,,00-0031236,WR,2024,0.8465909090909091,30,2014,0.6979999999999998,14.067112,0.023,20.0,15.5,0,0.0,0,3,-3.0,0,26,259.0,3,0.0,2.1153846153846154
370,371,Xavier Restrepo,TEN,10.0,WR120,476.0,320.0,,563.0,,329.0,422.0,,00-0040522,WR,2024,--,22,2025,--,--,0.004,,0.0,--,--,--,--,--,--,--,--,--,--,--
371,372,Jalen Nailor,MIN,6.0,WR121,,,,326.0,,300.0,313.0,,00-0037291,WR,2024,0.7450980392156863,25,2022,0.52,31.199999,0.005,191.0,1.2,0,0.0,0,3,-4.0,0,28,414.0,6,0.0,3.7857142857142856
375,376,Jalin Hyatt,NYG,14.0,WR122,313.0,,,426.0,,391.0,376.7,,00-0038938,WR,2024,1.0,22,2023,0.315,6.2506666,0.006,73.0,7.3,0,0.0,0,0,0.0,0,8,62.0,0,0.0,0.75
376,377,Allen Lazard,NYJ,9.0,WR123,,,,334.0,,299.0,316.5,,00-0034521,WR,2024,0.8235294117647058,28,2018,0.8433333333333333,75.192726,0.009000000000000001,,0.0,0,0.0,0,0,0.0,0,37,530.0,6,0.0,4.1891891891891895
378,379,Devaughn Vele,NO,11.0,WR124,,,,372.0,,267.0,319.5,,00-0039424,WR,2024,0.7647058823529411,26,2024,0.5315384615384614,26.504103,0.004,235.0,0.0,0,0.0,0,0,0.0,0,41,475.0,3,0.0,3.097560975609756
382,383,LaJohntay Wester,BAL,7.0,WR125,354.0,,,435.0,,353.0,380.7,,00-0040075,WR,2024,--,22,2025,--,--,0.004,203.0,0.8,--,--,--,--,--,--,--,--,--,--,--
383,384,Jordan Whittington,LAR,8.0,WR126,,351.0,,476.0,,321.0,382.7,,00-0039751,WR,2024,0.8823529411764706,23,2024,0.292,31.991,0.004,213.0,0.5,0,0.0,0,2,12.0,0,22,293.0,0,0.0,9.227272727272727
384,385,Mack Hollins,NE,14.0,WR127,338.0,,,362.0,,450.0,383.3,,00-0033555,WR,2024,0.8560606060606061,30,2017,0.6664705882352941,23.747334,0.015,118.0,4.2,0,0.0,0,0,0.0,0,31,378.0,5,0.0,2.903225806451613
389,390,David Moore,CAR,14.0,WR128,341.0,,,378.0,,447.0,388.7,,00-0033589,WR,2024,0.9759036144578314,29,2017,0.5394117647058825,25.97566,0.005,226.0,0.0,0,0.0,0,1,0.0,0,32,351.0,3,0.0,1.875
390,391,Skyy Moore,SF,14.0,WR129,316.0,,,457.0,,394.0,389.0,,00-0038090,WR,2024,0.7058823529411765,23,2022,0.20333333333333334,0.0,0.008,54.0,9.2,0,0.0,0,0,0.0,0,0,0.0,0,0.0,0
391,392,Kalif Raymond,DET,8.0,WR130,323.0,,,374.0,,473.0,390.0,,00-0032464,WR,2024,0.926605504587156,30,2016,0.2708333333333333,31.109444,0.013999999999999999,,0.0,0,0.0,0,2,0.0,0,17,215.0,2,0.0,8.058823529411764
393,394,Isaiah Bond,CLE,9.0,WR131,298.0,,,556.0,,376.0,410.0,,00-0040782,WR,2024,--,20,2025,--,--,--,,0.0,--,--,--,--,--,--,--,--,--,--,--
396,397,Mitchell Tinsley,CIN,10.0,WR132,273.0,,,409.0,,,341.0,,00-0038839,WR,2024,0.11764705882352941,24,2023,--,--,0.003,,0.0,--,--,--,--,--,--,--,--,--,--,--
404,405,Demarcus Robinson,SF,14.0,WR133,442.0,,,350.0,,404.0,398.7,,00-0032775,WR,2024,0.9932432432432432,29,2016,0.8170588235294117,53.489925,0.013999999999999999,126.0,3.8,0,0.0,0,0,0.0,0,31,505.0,7,0.0,2.2903225806451615
415,416,Parker Washington,JAC,8.0,WR134,,,,406.0,,316.0,361.0,,00-0038606,WR,2024,0.7647058823529411,22,2023,0.5529411764705882,40.03756,0.004,185.0,1.4,0,0.0,0,0,0.0,0,32,390.0,3,0.0,3.375
416,417,Malik Washington,MIA,12.0,WR135,,,,410.0,,313.0,361.5,,00-0039880,WR,2024,0.8235294117647058,23,2024,0.4471428571428571,13.686061,0.004,184.0,1.4,0,0.0,0,5,25.0,1,26,223.0,0,0.0,4.730769230769231
420,421,Jha'Quan Jackson,,,WR136,388.0,,,,,354.0,371.0,,00-0039392,WR,2024,0.7058823529411765,24,2024,0.057500000000000016,0.8449999,0.004,182.0,1.5,0,0.0,0,1,-5.0,0,1,8.0,0,0.0,2.0
425,426,Sterling Shepard,TB,9.0,WR137,400.0,,,349.0,,,374.5,,00-0032385,WR,2024,0.7671232876712328,31,2016,0.5328571428571428,9.036922,0.005,40.0,11.1,0,0.0,0,8,69.0,0,32,334.0,1,0.0,3.09375
426,427,Savion Williams,GB,5.0,WR138,437.0,,,803.0,,312.0,517.3,,00-0040009,WR,2024,--,22,2025,--,--,0.006,87.0,6.2,--,--,--,--,--,--,--,--,--,--,--
427,428,Jermaine Burton,CIN,10.0,WR139,436.0,379.0,,473.0,,462.0,437.5,,00-0039810,WR,2024,0.8235294117647058,23,2024,0.13499999999999998,4.0425,0.006,80.0,6.7,0,0.0,0,0,0.0,0,4,107.0,0,0.0,5.5
434,435,Braxton Berrios,HOU,6.0,WR140,258.0,,,593.0,,,425.5,,00-0034419,WR,2024,0.75,28,2018,0.26833333333333337,0.0,0.006,210.0,0.6,0,0.0,0,0,0.0,0,0,0.0,0,0.0,0
435,436,Marquez Stevenson,,,WR141,,259.0,,,,,259.0,,00-0036571,WR,2024,0.1724137931034483,26,2021,--,--,--,203.0,0.8,--,--,--,--,--,--,--,--,--,--,--
445,446,Equanimeous St. Brown,,,WR142,271.0,,,499.0,,,385.0,,00-0034279,WR,2024,0.6767676767676768,27,2018,0.24,--,0.004,207.0,0.6,--,--,--,--,--,--,--,--,--,--,--
446,447,Tyquan Thornton,KC,10.0,WR143,368.0,,,403.0,,,385.5,,00-0038104,WR,2024,0.6590909090909091,24,2022,0.295,6.3891664,0.004,50.0,9.7,0,0.0,0,0,0.0,0,4,47.0,0,0.0,6.0
453,455,Noah Brown,WAS,12.0,WR145,,,,376.0,,410.0,393.0,,00-0033591,WR,2024,0.6818181818181818,28,2017,0.630909090909091,19.830727,0.012,239.0,0.0,0,0.0,0,0,0.0,0,35,453.0,1,0.0,2.3714285714285714
454,456,Curtis Samuel,BUF,7.0,WR146,481.0,,,375.0,,430.0,428.7,,00-0033282,WR,2024,0.8257575757575758,28,2017,0.41500000000000004,24.688845,0.031,40.0,11.1,0,0.0,0,5,14.0,0,31,253.0,1,0.0,5.161290322580645
456,458,Robert Woods,PIT,5.0,WR147,448.0,,,392.0,,451.0,430.3,,00-0030431,WR,2024,0.8527918781725888,32,2013,0.37066666666666664,3.0190153,0.006999999999999999,41.0,11.0,0,0.0,0,0,0.0,0,20,203.0,0,1.0,3.65
457,459,Kadarius Toney,,,WR148,344.0,,,451.0,,,397.5,,00-0036913,WR,2024,0.6481481481481481,25,2021,0.07333333333333335,0.5,0.004,20.0,15.5,0,0.0,0,2,-4.0,0,0,0.0,0,0.0,0
461,463,Fred Brown,,,WR149,,300.0,,,,,300.0,,00-0033994,WR,2024,1.0,30,2017,--,--,--,,0.0,--,--,--,--,--,--,--,--,--,--,--
463,465,Jermaine Jackson,,,WR150,301.0,,,,,,301.0,,00-0039614,WR,2024,1.0,24,2024,--,,0.004,,0.0,0,0.0,0,1,-1.0,0,0,0.0,0,0.0,0
464,466,Lil'Jordan Humphrey,NYG,14.0,WR151,358.0,,,446.0,,,402.0,,00-0035406,WR,2024,0.8787878787878788,26,2019,0.4970588235294117,18.70687,0.001,,0.0,0,0.0,0,0,0.0,0,31,293.0,1,1.0,6.193548387096774
467,469,John Ross,,,WR152,307.0,,,,,,307.0,,00-0033460,WR,2024,0.6097560975609756,28,2017,0.21,,0.004,9.0,20.6,0,0.0,0,0,0.0,0,1,6.0,0,0.0,2.0
469,471,D.J. Montgomery,IND,11.0,WR153,311.0,,,507.0,,,409.0,,00-0035045,WR,2024,0.38461538461538464,27,2019,--,--,0.004,,0.0,--,--,--,--,--,--,--,--,--,--,--
474,477,Darius Cooper,PHI,9.0,WR155,462.0,,,474.0,,378.0,438.0,,00-0040024,WR,2024,--,22,2025,--,--,0.004,,0.0,--,--,--,--,--,--,--,--,--,--,--
475,478,Tai Felton,MIN,6.0,WR156,,,,509.0,,315.0,412.0,,00-0040154,WR,2024,--,21,2025,--,--,0.006,102.0,5.1,--,--,--,--,--,--,--,--,--,--,--
477,480,Gabe Davis,,,WR157,,,,,,318.0,318.0,,00-0036196,WR,2024,0.8928571428571429,25,2020,0.716,41.36111,0.051,128.0,3.7,0,0.0,0,0,0.0,0,20,239.0,2,1.0,1.95
480,484,Jaylin Lane,WAS,12.0,WR159,399.0,,,496.0,,427.0,440.7,,00-0040164,WR,2024,--,22,2025,--,--,0.005,128.0,3.7,--,--,--,--,--,--,--,--,--,--,--
481,485,Tylan Wallace,BAL,7.0,WR160,421.0,,,402.0,,,411.5,,00-0036630,WR,2024,0.7941176470588235,25,2021,0.24764705882352941,43.89696,0.008,131.0,3.6,0,0.0,0,0,0.0,0,11,193.0,1,0.0,11.545454545454545
482,486,Kenny Stills,,,WR161,,326.0,,,,,326.0,,00-0030085,WR,2024,0.9574468085106383,32,2013,--,--,--,144.0,3.0,--,--,--,--,--,--,--,--,--,--,--
483,487,Ricky White III,SEA,8.0,WR162,,,,642.0,,326.0,484.0,,00-0040653,WR,2024,--,22,2025,--,--,0.004,238.0,0.0,--,--,--,--,--,--,--,--,--,--,--
487,491,Lucky Jackson,MIN,6.0,WR164,330.0,,,544.0,,,437.0,,00-0038181,WR,2024,1.0,27,2023,--,--,0.003,,0.0,--,--,--,--,--,--,--,--,--,--,--
488,492,DeAndrew White,,,WR165,,332.0,,,,,332.0,,00-0031511,WR,2024,0.6595744680851063,32,2015,--,--,--,,0.0,--,--,--,--,--,--,--,--,--,--,--
493,497,Mecole Hardman Jr.,GB,5.0,WR166,420.0,,,418.0,,,419.0,,00-0035140,WR,2024,0.8,26,2019,0.1375,16.359524,0.005,56.0,9.0,0,0.0,0,5,62.0,1,12,90.0,0,0.0,8.25
494,498,Derius Davis,LAC,12.0,WR167,372.0,,,467.0,,,419.5,,00-0038573,WR,2024,0.9411764705882353,23,2023,0.15400000000000003,12.908729,0.005,125.0,3.9,0,0.0,0,12,39.0,0,13,112.0,2,0.0,9.153846153846153
499,503,Van Jefferson,TEN,10.0,WR168,,,,400.0,,441.0,420.5,,00-0036415,WR,2024,0.9285714285714286,28,2020,0.6470588235294117,11.328285,0.006,57.0,8.9,0,0.0,0,0,0.0,0,24,276.0,2,0.0,3.25
503,507,Josh Reynolds,NYJ,9.0,WR169,,,,581.0,,343.0,462.0,,00-0033943,WR,2024,0.8656716417910447,29,2017,0.5233333333333333,25.857143,0.01,117.0,4.3,0,0.0,0,0,0.0,0,13,194.0,1,0.0,2.6923076923076925
504,508,Tyrell Shavers,BUF,7.0,WR170,483.0,,,728.0,,360.0,523.7,,00-0038679,WR,2024,1.0,25,2023,--,,0.004,,0.0,0,0.0,0,0,0.0,0,1,69.0,1,0.0,71.0
507,511,Julio Jones,,,WR171,346.0,,,,,,346.0,,00-0027944,WR,2024,0.8636363636363636,35,2011,--,--,--,6.0,23.2,--,--,--,--,--,--,--,--,--,--,--
510,514,Justin Watson,HOU,6.0,WR172,433.0,,,416.0,,,424.5,,00-0034386,WR,2024,0.8103448275862069,28,2018,0.6035294117647059,12.850667,0.009000000000000001,144.0,3.0,0,0.0,0,0,0.0,0,22,289.0,2,0.0,3.090909090909091
511,515,Zay Jones,ARI,8.0,WR173,423.0,,,579.0,,426.0,476.0,,00-0033891,WR,2024,0.8787878787878788,29,2017,0.3454545454545455,9.242667,0.009000000000000001,37.0,11.6,0,0.0,0,0,0.0,0,8,84.0,0,0.0,2.375
513,517,Scotty Miller,PIT,5.0,WR174,405.0,,,447.0,,,426.0,,00-0035298,WR,2024,0.82,27,2019,0.25,12.2825,0.005,208.0,0.6,0,0.0,0,0,0.0,0,5,69.0,0,0.0,6.6
516,522,Jared Wayne,HOU,6.0,WR177,355.0,,,,,,355.0,,00-0038728,WR,2024,1.0,23,2023,--,--,0.003,,0.0,--,--,--,--,--,--,--,--,--,--,--
517,523,Nikko Remigio,KC,10.0,WR178,356.0,,,540.0,,,448.0,,00-0038519,WR,2024,0.22727272727272727,24,2023,--,,0.003,,0.0,0,0.0,0,0,0.0,0,2,48.0,0,0.0,7.0
519,525,Jordan Moore,CIN,10.0,WR180,,,,885.0,,357.0,621.0,,00-0040375,WR,2024,--,22,2025,--,--,0.004,,0.0,--,--,--,--,--,--,--,--,--,--,--
521,528,Cole Beasley,,,WR181,,,,,,361.0,361.0,,00-0029000,WR,2024,0.9823529411764705,35,2012,--,--,--,,0.0,--,--,--,--,--,--,--,--,--,--,--
522,529,Jaylon Moore,,,WR182,,362.0,,,,,362.0,,00-0036125,WR,2024,0.0,27,2020,--,--,--,,0.0,--,--,--,--,--,--,--,--,--,--,--
524,531,Devontez Walker,BAL,7.0,WR183,362.0,,,545.0,,,453.5,,00-0039792,WR,2024,0.5294117647058824,23,2024,0.09999999999999999,41.405003,0.005,113.0,4.5,0,0.0,0,0,0.0,0,1,21.0,1,0.0,0.0
528,535,Robert Foster,,,WR184,,364.0,,,,,364.0,,00-0034510,WR,2024,0.7692307692307693,30,2018,--,--,--,,0.0,--,--,--,--,--,--,--,--,--,--,--
530,537,Konata Mumpfield,LAR,8.0,WR185,,,,,,365.0,365.0,,00-0040590,WR,2024,--,21,2025,--,--,0.004,242.0,0.0,--,--,--,--,--,--,--,--,--,--,--
534,541,Steven Sims Jr.,,,WR186,,369.0,,611.0,,,490.0,,00-0034928,WR,2024,0.7681159420289855,27,2019,0.015555555555555557,,0.004,,0.0,0,0.0,0,1,0.0,0,0,0.0,0,0.0,0
539,546,Jason Brownlee,KC,10.0,WR187,,,,,,372.0,372.0,,00-0038492,WR,2024,0.4117647058823529,25,2023,--,--,0.003,,0.0,--,--,--,--,--,--,--,--,--,--,--
541,548,Trent Taylor,SF,14.0,WR188,374.0,,,,,,374.0,,00-0033292,WR,2024,0.8269230769230769,30,2017,0.095,,0.004,177.0,1.6,0,0.0,0,0,0.0,0,1,11.0,0,0.0,2.0
542,549,Jalen Guyton,,,WR189,,374.0,,,,,374.0,,00-0035414,WR,2024,0.6388888888888888,27,2019,--,--,0.005,,0.0,--,--,--,--,--,--,--,--,--,--,--
550,558,Avery Williams,,,RB132,380.0,,,646.0,,,513.0,,00-0036950,WR,2024,0.7205882352941176,26,2021,0.008823529411764707,--,0.004,183.0,1.4,--,--,--,--,--,--,--,--,--,--,--
552,560,Phillip Dorsett,II,,WR191,382.0,,,,,,382.0,,00-0032208,WR,2024,0.8225806451612904,31,2015,--,--,0.004,29.0,13.2,--,--,--,--,--,--,--,--,--,--,--
553,561,Greg Dortch,ARI,8.0,WR192,,,,445.0,,440.0,442.5,,00-0035500,WR,2024,0.9333333333333333,26,2019,0.4023529411764706,27.4761,0.012,,0.0,0,0.0,0,5,31.0,0,37,342.0,3,1.0,7.945945945945946
556,564,Robbie Chosen,SF,14.0,WR193,387.0,,,578.0,,,482.5,,00-0032688,WR,2024,0.9465648854961832,31,2016,0.195,,0.004,,0.0,0,0.0,0,0,0.0,0,1,5.0,0,0.0,1.0
558,566,Keith Kirkwood,,,WR194,389.0,,,596.0,,,492.5,,00-0034317,WR,2024,0.5,29,2018,--,--,0.004,,0.0,--,--,--,--,--,--,--,--,--,--,--
560,568,Kirk Merritt,,,WR195,391.0,,,,,,391.0,,00-0035844,WR,2024,0.75,27,2020,--,--,--,,0.0,--,--,--,--,--,--,--,--,--,--,--
565,573,Charlie Jones,CIN,10.0,WR196,397.0,,,696.0,,,546.5,,00-0038576,WR,2024,0.5588235294117647,25,2023,0.05500000000000001,10.125,0.005,131.0,3.6,0,0.0,0,0,0.0,0,1,5.0,0,0.0,0.0
566,574,Tommy Mellott,,,WR197,398.0,,,609.0,,,503.5,,00-0040220,WR,2024,--,22,2025,--,--,0.004,213.0,0.5,--,--,--,--,--,--,--,--,--,--,--
567,575,Dominic Lovett,DET,8.0,WR198,,,,800.0,,399.0,599.5,,00-0040241,WR,2024,--,21,2025,--,--,0.004,244.0,0.0,--,--,--,--,--,--,--,--,--,--,--
568,576,Cedrick Wilson Jr.,NO,11.0,WR199,,,,592.0,,400.0,496.0,,00-0034418,WR,2024,0.7217391304347827,28,2018,0.396,21.277697,0.004,208.0,0.6,1,21.0,1,0,0.0,0,20,211.0,1,0.0,4.45
571,579,Jamari Thrash,CLE,9.0,WR200,,,,739.0,,403.0,571.0,,00-0039379,WR,2024,0.6470588235294118,23,2024,0.23000000000000004,1.9026666,0.004,156.0,2.4,0,0.0,0,0,0.0,0,3,22.0,0,0.0,4.666666666666667
572,580,Tyreik McAllister,,,RB135,404.0,,,,,,404.0,,00-0037450,WR,2024,0.5,26,2022,--,,0.003,,0.0,0,0.0,0,2,11.0,0,0,0.0,0,0.0,0
578,586,Ainias Smith,CAR,14.0,WR201,,,,411.0,,,411.0,,00-0039747,WR,2024,0.6470588235294118,23,2024,0.19999999999999998,48.489998,0.004,152.0,2.6,0,0.0,0,2,6.0,0,7,41.0,1,0.0,3.2857142857142856
579,587,Arian Smith,NYJ,9.0,WR202,454.0,,,711.0,,459.0,541.3,,00-0040582,WR,2024,--,22,2025,--,--,0.005,110.0,4.7,--,--,--,--,--,--,--,--,--,--,--
580,588,River Cracraft,,,WR203,414.0,,,,,,414.0,,00-0034054,WR,2024,0.7105263157894737,29,2017,--,8.826667,0.004,,0.0,0,0.0,0,0,0.0,0,7,66.0,0,0.0,1.5714285714285714
583,591,Kendrick Bourne,,,WR204,,,,443.0,,476.0,459.5,,00-0033307,WR,2024,0.8863636363636364,29,2017,0.5833333333333334,22.045681,0.025,,0.0,0,0.0,0,1,6.0,0,28,305.0,1,0.0,3.357142857142857
586,594,Trey Palmer,NO,11.0,WR205,,,,468.0,,452.0,460.0,,00-0039052,WR,2024,0.9411764705882353,23,2023,0.29533333333333334,12.419556,0.004,191.0,1.2,0,0.0,0,0,0.0,0,12,172.0,1,0.0,3.5
589,597,Zach Pascal,,,WR206,422.0,,,583.0,,,502.5,,00-0033251,WR,2024,0.9655172413793104,29,2017,0.06588235294117646,--,0.005,,0.0,--,--,--,--,--,--,--,--,--,--,--
