player_id,player_display_name,team,season,week,receptions_pred,receiving_yards_pred,receiving_tds_pred,receptions_real,receiving_yards_real,receiving_tds_real,origen_prediccion
00-0036963,Amon-Ra St. Brown,DET,2026,4,6.809,89.928,0.654,8,75,0,reconstruida
00-0038543,Jaxon Smith-Njigba,SEA,2026,4,6.968,84.999,0.488,5,76,0,reconstruida
00-0036900,Ja'Marr Chase,CIN,2026,4,6.693,83.297,0.559,3,27,0,reconstruida
00-0039075,Puka Nacua,LA,2026,4,6.286,82.639,0.47,9,125,0,reconstruida
00-0036358,CeeDee Lamb,DAL,2026,4,5.803,77.303,0.442,17,189,1,reconstruida
00-0037239,Chris Olave,NO,2026,4,6.21,74.303,0.502,8,116,0,reconstruida
00-0039064,Zay Flowers,BAL,2026,4,5.074,73.112,0.463,8,118,1,reconstruida
00-0037740,Garrett Wilson,NYJ,2026,4,5.044,67.959,0.379,3,27,0,reconstruida
00-0036554,Nico Collins,HOU,2026,4,4.876,67.349,0.475,7,118,2,reconstruida
00-0037238,Drake London,ATL,2026,4,4.952,66.165,0.423,5,96,0,reconstruida
00-0036410,Tee Higgins,CIN,2026,4,4.597,63.338,0.473,11,157,0,reconstruida
00-0037247,George Pickens,DAL,2026,4,4.236,60.415,0.39,2,75,0,reconstruida
00-0040124,Tetairoa McMillan,CAR,2026,4,4.292,60.25,0.424,14,192,2,reconstruida
00-0039337,Malik Nabers,NYG,2026,4,4.691,59.137,0.264,6,112,1,reconstruida
00-0038559,Michael Wilson,ARI,2026,4,4.545,59.011,0.38,7,95,0,reconstruida
00-0031381,Davante Adams,LA,2026,4,5.218,58.852,0.532,4,32,0,reconstruida
00-0038997,Josh Downs,IND,2026,4,4.673,58.467,0.359,3,16,0,reconstruida
00-0041037,Denzel Boston,CLE,2026,4,3.711,58.135,0.28,4,89,0,reconstruida
00-0035640,DK Metcalf,PIT,2026,4,4.033,57.902,0.345,5,115,0,reconstruida
00-0038124,Christian Watson,GB,2026,4,4.426,57.613,0.315,3,47,0,reconstruida
00-0036613,Jaylen Waddle,DEN,2026,4,4.52,57.595,0.397,5,35,1,reconstruida
00-0040735,Luther Burden III,CHI,2026,4,4.593,56.08,0.343,4,63,0,reconstruida
00-0034827,DJ Moore,BUF,2026,4,3.919,56.048,0.453,1,11,0,reconstruida
00-0038606,Parker Washington,JAX,2026,4,4.234,56.02,0.399,1,7,0,reconstruida
00-0039915,Ladd McConkey,LAC,2026,4,4.086,54.35,0.274,0,0,0,reconstruida
00-0040667,Matthew Golden,GB,2026,4,3.779,52.088,0.34,3,21,1,reconstruida
00-0031408,Mike Evans,SF,2026,4,3.899,51.986,0.443,5,76,0,reconstruida
00-0031588,Stefon Diggs,WAS,2026,4,4.488,51.47,0.352,5,35,0,reconstruida
00-0040129,Emeka Egbuka,TB,2026,4,4.114,51.242,0.257,2,13,0,reconstruida
00-0041438,Carnell Tate,TEN,2026,4,3.945,48.906,0.236,9,145,0,reconstruida
00-0038994,Jordan Addison,MIN,2026,4,2.808,46.082,0.323,4,52,0,reconstruida
00-0038117,Wan'Dale Robinson,TEN,2026,4,4.143,45.758,0.218,3,19,1,reconstruida
00-0039919,Rome Odunze,CHI,2026,4,3.132,44.89,0.264,6,94,0,reconstruida
00-0035719,Deebo Samuel Sr.,SF,2026,4,3.049,44.833,0.239,5,26,1,reconstruida
00-0037240,Jameson Williams,DET,2026,4,3.146,44.51,0.355,6,102,0,reconstruida
00-0038563,Tre Tucker,LV,2026,4,3.211,44.279,0.295,4,44,0,reconstruida
00-0034960,Jakobi Meyers,JAX,2026,4,3.645,43.125,0.279,3,33,0,reconstruida
00-0039424,Devaughn Vele,NO,2026,4,3.424,42.55,0.326,6,54,1,reconstruida
00-0037816,Romeo Doubs,NE,2026,4,3.101,41.158,0.282,6,58,2,reconstruida
00-0039893,Brian Thomas Jr.,JAX,2026,4,2.873,40.085,0.167,2,17,1,reconstruida
00-0039880,Malik Washington,MIA,2026,4,3.6,39.692,0.182,5,67,0,reconstruida
00-0038544,Quentin Johnston,LAC,2026,4,2.91,39.48,0.258,1,44,0,reconstruida
00-0038393,Dontayvion Wicks,PHI,2026,4,2.681,39.037,0.309,3,18,0,reconstruida
00-0033921,Chris Godwin Jr.,TB,2026,4,3.333,36.986,0.177,6,31,0,reconstruida
00-0038618,Xavier Hutchinson,HOU,2026,4,2.725,35.822,0.22,3,46,0,reconstruida
00-0041547,KC Concepcion,CLE,2026,4,3.565,35.807,0.188,5,64,0,reconstruida
00-0036550,Rashod Bateman,BAL,2026,4,2.575,34.945,0.24,2,46,0,reconstruida
00-0033555,Mack Hollins,NE,2026,4,2.936,34.445,0.213,3,53,0,reconstruida
00-0041040,Antonio Williams,WAS,2026,4,2.746,33.448,0.196,3,21,0,reconstruida
00-0039894,Xavier Worthy,KC,2026,4,3.059,33.426,0.231,4,70,0,reconstruida
00-0037261,Khalil Shakir,BUF,2026,4,3.229,33.23,0.254,7,82,0,reconstruida
00-0034348,Courtland Sutton,DEN,2026,4,2.595,33.058,0.222,1,4,0,reconstruida
00-0036407,Jerry Jeudy,CLE,2026,4,2.399,32.941,0.154,3,36,0,reconstruida
00-0041048,Ted Hurst III,TB,2026,4,2.237,32.761,0.216,2,25,0,reconstruida
00-0032464,Kalif Raymond,CHI,2026,4,3.263,31.983,0.196,2,6,0,reconstruida
00-0040134,Pat Bryant,DEN,2026,4,2.612,31.652,0.182,3,47,0,reconstruida
00-0040170,Elic Ayomanor,TEN,2026,4,2.411,31.301,0.2,1,22,0,reconstruida
00-0040727,Tre Harris,LAC,2026,4,2.653,30.599,0.162,3,60,0,reconstruida
00-0039849,Marvin Harrison Jr.,ARI,2026,4,1.785,30.55,0.176,1,12,1,reconstruida
00-0039739,Roman Wilson,PIT,2026,4,2.613,30.254,0.153,3,74,1,reconstruida
00-0039410,Ryan Flournoy,DAL,2026,4,2.551,30.035,0.18,4,37,0,reconstruida
00-0039901,Keon Coleman,BUF,2026,4,2.355,29.928,0.18,6,116,1,reconstruida
00-0038621,DeMario Douglas,NE,2026,4,2.431,29.918,0.204,2,15,0,reconstruida
00-0040648,Tory Horton,SEA,2026,4,2.197,28.899,0.205,1,6,1,reconstruida
00-0041042,Malachi Fields,NYG,2026,4,2.302,28.145,0.188,2,52,1,reconstruida
00-0036252,Michael Pittman,PIT,2026,4,2.301,28.055,0.168,2,15,0,reconstruida
00-0041489,Germie Bernard,PIT,2026,4,2.318,27.911,0.158,2,11,0,reconstruida
00-0033908,Cooper Kupp,SEA,2026,4,2.235,26.046,0.15,1,13,0,reconstruida
00-0037741,Jahan Dotson,ATL,2026,4,1.833,25.927,0.192,2,54,1,reconstruida
00-0037545,Rashid Shaheed,SEA,2026,4,2.101,25.335,0.178,1,20,0,reconstruida
00-0036309,Darnell Mooney,NYG,2026,4,2.17,25.192,0.162,0,0,0,reconstruida
00-0040867,Makai Lemon,PHI,2026,4,2.008,25.187,0.15,3,27,0,reconstruida
00-0038104,Tyquan Thornton,KC,2026,4,1.795,25.012,0.121,5,111,2,reconstruida
00-0038608,Kayshon Boutte,HOU,2026,4,1.791,24.297,0.151,3,36,0,reconstruida
00-0041525,Chris Bell,MIA,2026,4,1.924,23.016,0.127,0,0,0,reconstruida
00-0040669,Isaac TeSlaa,DET,2026,4,1.865,22.561,0.144,4,95,0,reconstruida
00-0039451,Isaiah Williams,NYJ,2026,4,2.222,22.149,0.113,2,73,1,reconstruida
00-0040138,Jaylin Noel,HOU,2026,4,1.774,21.466,0.145,3,85,0,reconstruida
00-0040590,Konata Mumpfield,LA,2026,4,1.776,21.331,0.118,1,7,0,reconstruida
00-0038090,Skyy Moore,GB,2026,4,1.709,21.116,0.116,1,-2,0,reconstruida
00-0036988,Josh Palmer,BUF,2026,4,1.634,20.709,0.15,1,3,0,reconstruida
00-0036259,Jauan Jennings,MIN,2026,4,1.449,19.942,0.152,1,8,0,reconstruida
00-0037614,John Metchie III,CAR,2026,4,1.529,19.757,0.094,3,37,0,reconstruida
00-0037742,Treylon Burks,WAS,2026,4,1.409,19.397,0.118,1,47,1,reconstruida
00-0036626,Dyami Brown,WAS,2026,4,1.472,19.389,0.086,3,65,0,reconstruida
00-0031236,Brandin Cooks,SF,2026,4,1.445,18.454,0.116,0,0,0,reconstruida
00-0041067,Bryce Lance,NO,2026,4,1.415,18.348,0.095,1,7,0,reconstruida
00-0034837,Calvin Ridley,TEN,2026,4,1.222,18.3,0.106,1,13,0,reconstruida
00-0039792,Devontez Walker,BAL,2026,4,1.096,17.344,0.096,1,19,0,reconstruida
00-0040785,Dohnte Meyers,CIN,2026,4,1.494,16.857,0.125,7,82,0,reconstruida
00-0036849,Tutu Atwell,LA,2026,4,1.179,16.81,0.106,1,8,0,reconstruida
00-0034272,Marquez Valdes-Scantling,LAC,2026,4,1.22,16.628,0.084,0,0,0,reconstruida
00-0038840,Brycen Tremayne,CAR,2026,4,1.202,16.188,0.095,2,32,0,reconstruida
00-0040237,Tez Johnson,TB,2026,4,1.212,16.042,0.085,2,17,0,reconstruida
00-0040131,Kyle Williams,NE,2026,4,1.237,15.77,0.106,0,0,0,reconstruida
00-0041529,Kevin Coleman Jr.,MIA,2026,4,1.302,15.667,0.089,1,3,0,reconstruida
00-0032951,Laquon Treadwell,IND,2026,4,1.158,15.105,0.106,5,42,0,reconstruida
00-0038839,Mitchell Tinsley,CIN,2026,4,0.95,14.927,0.072,3,49,0,reconstruida
00-0040782,Isaiah Bond,CLE,2026,4,1.065,14.504,0.069,1,2,0,reconstruida
00-0032385,Sterling Shepard,NYJ,2026,4,1.116,14.477,0.083,0,0,0,reconstruida
00-0035208,Olamide Zaccheaus,ATL,2026,4,1.267,14.44,0.088,0,0,0,reconstruida
00-0041100,Josh Cameron,JAX,2026,4,1.201,13.954,0.096,2,42,0,reconstruida
00-0035891,Cody White,LV,2026,4,1.198,13.906,0.085,2,36,0,reconstruida
00-0040894,Malik Benson,LV,2026,4,1.05,13.825,0.08,0,0,0,reconstruida
00-0041044,Zachariah Branch,ATL,2026,4,1.252,13.37,0.082,2,10,0,reconstruida
00-0038824,Ryan Miller,MIA,2026,4,1.128,13.332,0.068,0,0,0,reconstruida
00-0040948,J. Michael Sturdivant,GB,2026,4,1.009,12.947,0.094,0,0,0,reconstruida
00-0039062,Jonathan Mingo,DAL,2026,4,0.941,12.882,0.085,0,0,0,reconstruida
00-0040876,Elijah Sarratt,BAL,2026,4,1.046,12.786,0.082,1,13,0,reconstruida
00-0040265,Ja'Seem Reed,CAR,2026,4,1.002,12.391,0.068,0,0,0,reconstruida
00-0040024,Darius Cooper,PHI,2026,4,0.868,12.196,0.079,3,33,2,reconstruida
00-0037666,Jalen Tolbert,MIA,2026,4,1.025,12.059,0.066,0,0,0,reconstruida
00-0040154,Tai Felton,MIN,2026,4,1.059,11.719,0.053,1,14,0,reconstruida
00-0037091,Bo Melton,GB,2026,4,0.853,11.205,0.068,0,0,0,reconstruida
00-0038976,Marvin Mims Jr.,DEN,2026,4,1.232,11.204,0.048,1,10,0,reconstruida
00-0040563,Efton Chism III,NE,2026,4,1.033,10.717,0.079,2,42,1,reconstruida
00-0038573,Derius Davis,LAC,2026,4,0.578,10.64,0.041,1,6,0,reconstruida
00-0033589,David Moore,CAR,2026,4,0.858,10.415,0.072,0,0,0,reconstruida
00-0040075,LaJohntay Wester,BAL,2026,4,0.898,10.412,0.073,0,0,0,reconstruida
00-0040890,Cyrus Allen,KC,2026,4,0.87,10.295,0.114,0,0,0,reconstruida
00-0040646,Jalen Royals,KC,2026,4,0.998,9.638,0.092,0,0,0,reconstruida
00-0039365,Jacob Cowing,SF,2026,4,0.609,9.452,0.05,0,0,0,reconstruida
00-0040705,Chimere Dike,TEN,2026,4,0.86,9.333,0.06,1,15,0,reconstruida
00-0037801,KaVontae Turpin,DAL,2026,4,0.854,9.235,0.078,0,0,0,reconstruida
00-0036463,Chris Blair,ATL,2026,4,0.579,8.993,0.053,0,0,0,reconstruida
00-0035021,Ashton Dulin,IND,2026,4,0.573,8.101,0.054,3,29,0,reconstruida
00-0035500,Greg Dortch,BUF,2026,4,0.642,7.85,0.045,0,0,0,reconstruida
00-0036862,Ben Skowronek,PIT,2026,4,0.626,7.785,0.038,1,7,0,reconstruida
00-0039751,Jordan Whittington,LA,2026,4,0.658,7.559,0.035,1,4,0,reconstruida
00-0041051,Zavion Thomas,CHI,2026,4,0.536,7.232,0.035,0,0,0,reconstruida
00-0036182,Nick Westbrook-Ikhine,IND,2026,4,0.459,6.299,0.037,0,0,0,reconstruida
00-0038576,Charlie Jones,NYG,2026,4,0.458,6.111,0.028,0,0,0,reconstruida
00-0035602,Alex Bachman,LA,2026,4,0.482,6.034,0.036,0,0,0,reconstruida
00-0039710,Jeshaun Jones,MIN,2026,4,0.445,5.947,0.029,0,0,0,reconstruida
00-0039920,Malachi Corley,CLE,2026,4,0.422,5.835,0.022,0,0,0,reconstruida
00-0037524,Tay Martin,DET,2026,4,0.473,5.76,0.039,0,0,0,reconstruida
00-0040164,Jaylin Lane,WAS,2026,4,0.574,5.602,0.064,0,0,0,reconstruida
00-0041099,Barion Brown,NO,2026,4,0.382,5.546,0.036,0,0,0,reconstruida
00-0038640,Jalen Brooks,ARI,2026,4,0.412,5.205,0.028,0,0,0,reconstruida
00-0040506,Myles Price,MIN,2026,4,0.417,5.112,0.03,2,6,0,reconstruida
00-0037093,Dareke Young,LV,2026,4,0.415,5.108,0.042,1,9,0,reconstruida
00-0035544,Tom Kennedy,DET,2026,4,0.393,4.762,0.023,0,0,0,reconstruida
00-0039589,Kameron Johnson,TB,2026,4,0.353,4.76,0.021,1,3,0,reconstruida
00-0041132,Deion Burks,IND,2026,4,0.364,4.578,0.032,1,6,0,reconstruida
00-0039816,Anthony Gould,IND,2026,4,0.347,4.578,0.025,0,0,0,reconstruida
00-0041397,Kaden Wetjen,PIT,2026,4,0.347,4.533,0.027,0,0,0,reconstruida
00-0038519,Nikko Remigio,KC,2026,4,0.333,4.532,0.025,0,0,0,reconstruida
00-0036646,Simi Fehoko,ARI,2026,4,0.316,4.444,0.022,0,0,0,reconstruida
00-0036331,Devin Duvernay,ARI,2026,4,0.323,4.32,0.023,0,0,0,reconstruida
00-0037132,Britain Covey,PHI,2026,4,0.291,4.183,0.026,0,0,0,reconstruida
00-0034419,Braxton Berrios,NYG,2026,4,0.363,3.915,0.021,0,0,0,reconstruida
