player_id,player_display_name,team,season,week,receptions_pred,receiving_yards_pred,receiving_tds_pred,receptions_real,receiving_yards_real,receiving_tds_real
00-0036963,Amon-Ra St. Brown,DET,2026,1,6.568,79.94,0.485,10,67,2
00-0036900,Ja'Marr Chase,CIN,2026,1,6.372,77.525,0.452,2,12,0
00-0039075,Puka Nacua,LA,2026,1,6.426,76.68,0.462,5,74,0
00-0036322,Justin Jefferson,MIN,2026,1,5.413,73.465,0.465,8,92,2
00-0039337,Malik Nabers,NYG,2026,1,5.222,73.065,0.397,6,69,0
00-0035676,A.J. Brown,NE,2026,1,5.267,68.253,0.436,3,26,0
00-0039067,Rashee Rice,KC,2026,1,5.835,66.958,0.375,2,19,1
00-0037239,Chris Olave,NO,2026,1,5.502,65.293,0.311,10,182,0
00-0038543,Jaxon Smith-Njigba,SEA,2026,1,5.804,65.232,0.326,8,122,1
00-0039064,Zay Flowers,BAL,2026,1,5.104,65.122,0.397,5,150,1
00-0036554,Nico Collins,HOU,2026,1,4.394,64.106,0.39,7,75,1
00-0037740,Garrett Wilson,NYJ,2026,1,4.627,62.344,0.334,6,79,0
00-0037238,Drake London,ATL,2026,1,4.432,62.262,0.397,2,29,0
00-0036358,CeeDee Lamb,DAL,2026,1,5.108,62.082,0.394,5,44,1
00-0035640,DK Metcalf,PIT,2026,1,4.284,60.064,0.433,4,40,0
00-0039893,Brian Thomas Jr.,JAX,2026,1,3.941,56.87,0.39,3,40,0
00-0031381,Davante Adams,LA,2026,1,4.868,56.643,0.418,3,26,0
00-0036613,Jaylen Waddle,DEN,2026,1,4.414,56.068,0.351,1,2,0
00-0035659,Terry McLaurin,WAS,2026,1,4.175,55.701,0.402,2,14,0
00-0040124,Tetairoa McMillan,CAR,2026,1,4.026,55.51,0.418,5,75,0
00-0039849,Marvin Harrison Jr.,ARI,2026,1,3.498,54.957,0.332,1,33,0
00-0041438,Carnell Tate,TEN,2026,1,3.607,53.93,0.276,4,38,0
00-0031408,Mike Evans,SF,2026,1,4.252,53.778,0.348,6,49,1
00-0037247,George Pickens,DAL,2026,1,3.641,53.496,0.439,3,28,0
00-0039915,Ladd McConkey,LAC,2026,1,3.791,53.3,0.323,5,82,1
00-0036410,Tee Higgins,CIN,2026,1,4.2,52.86,0.403,3,59,0
00-0036912,DeVonta Smith,PHI,2026,1,4.624,52.672,0.359,3,53,0
00-0038124,Christian Watson,GB,2026,1,3.501,51.673,0.306,6,147,2
00-0038117,Wan'Dale Robinson,TEN,2026,1,4.652,50.695,0.285,5,38,0
00-0031588,Stefon Diggs,WAS,2026,1,4.315,50.332,0.387,4,55,1
00-0037240,Jameson Williams,DET,2026,1,3.482,50.084,0.307,4,45,0
00-0036407,Jerry Jeudy,CLE,2026,1,3.941,49.896,0.37,2,26,0
00-0039919,Rome Odunze,CHI,2026,1,3.49,49.442,0.336,2,52,0
00-0037664,Alec Pierce,IND,2026,1,2.911,48.068,0.346,4,61,0
00-0040735,Luther Burden III,CHI,2026,1,3.788,47.817,0.293,5,63,0
00-0038559,Michael Wilson,ARI,2026,1,3.739,46.072,0.322,5,56,0
00-0034348,Courtland Sutton,DEN,2026,1,3.504,45.733,0.324,2,11,0
00-0038606,Parker Washington,JAX,2026,1,3.144,44.834,0.325,5,83,1
00-0034827,DJ Moore,BUF,2026,1,3.232,44.608,0.378,5,100,1
00-0040129,Emeka Egbuka,TB,2026,1,3.178,43.681,0.273,5,63,0
00-0038544,Quentin Johnston,LAC,2026,1,2.676,42.838,0.349,2,17,0
00-0034960,Jakobi Meyers,JAX,2026,1,3.619,41.313,0.254,2,40,1
00-0038563,Tre Tucker,LV,2026,1,3.102,39.411,0.209,2,27,0
00-0033921,Chris Godwin Jr.,TB,2026,1,3.701,38.565,0.314,4,40,0
00-0038997,Josh Downs,IND,2026,1,3.352,36.438,0.293,2,37,0
00-0030279,Keenan Allen,IND,2026,1,4.202,35.87,0.147,6,32,0
00-0039424,Devaughn Vele,NO,2026,1,2.951,35.318,0.306,7,69,1
00-0039491,Jalen Coker,CAR,2026,1,2.678,34.145,0.268,8,138,2
00-0039146,Jayden Reed,GB,2026,1,2.992,34.078,0.257,3,20,0
00-0036252,Michael Pittman,PIT,2026,1,3.213,33.856,0.197,3,58,0
00-0039880,Malik Washington,MIA,2026,1,2.7,33.469,0.148,3,53,0
00-0038994,Jordan Addison,MIN,2026,1,1.957,33.41,0.301,0,0,0
00-0036259,Jauan Jennings,MIN,2026,1,2.667,33.107,0.163,0,0,0
00-0040170,Elic Ayomanor,TEN,2026,1,2.331,32.678,0.189,1,11,1
00-0040134,Pat Bryant,DEN,2026,1,2.477,32.401,0.178,4,42,0
00-0035719,Deebo Samuel Sr.,SF,2026,1,2.522,31.926,0.219,6,48,1
00-0037816,Romeo Doubs,NE,2026,1,2.345,28.263,0.325,0,0,0
00-0033555,Mack Hollins,NE,2026,1,2.393,27.997,0.117,4,51,0
00-0040705,Chimere Dike,TEN,2026,1,2.637,27.788,0.146,1,7,0
00-0037261,Khalil Shakir,BUF,2026,1,2.969,27.649,0.219,4,50,0
00-0039410,Ryan Flournoy,DAL,2026,1,2.39,27.022,0.103,2,22,0
00-0039894,Xavier Worthy,KC,2026,1,1.932,26.931,0.22,3,18,0
00-0041547,KC Concepcion,CLE,2026,1,1.889,25.133,0.171,4,43,0
00-0039890,Adonai Mitchell,NYJ,2026,1,1.979,24.143,0.198,3,60,0
00-0040669,Isaac TeSlaa,DET,2026,1,1.675,23.917,0.108,0,0,0
00-0036309,Darnell Mooney,NYG,2026,1,1.719,23.435,0.122,2,27,0
00-0039901,Keon Coleman,BUF,2026,1,1.587,23.112,0.175,1,1,0
00-0039451,Isaiah Williams,NYJ,2026,1,2.282,22.798,0.102,1,7,0
00-0040727,Tre Harris,LAC,2026,1,1.581,20.526,0.089,3,20,0
00-0040867,Makai Lemon,PHI,2026,1,1.535,20.381,0.129,3,-5,0
00-0041511,Omar Cooper Jr.,NYJ,2026,1,1.535,20.084,0.125,1,30,0
00-0041037,Denzel Boston,CLE,2026,1,1.535,20.084,0.088,2,59,1
00-0038608,Kayshon Boutte,HOU,2026,1,1.601,20.013,0.161,1,21,0
00-0041523,Caleb Douglas,MIA,2026,1,1.589,19.713,0.124,5,94,0
00-0041042,Malachi Fields,NYG,2026,1,1.589,19.713,0.124,2,25,0
00-0038393,Dontayvion Wicks,PHI,2026,1,1.407,19.371,0.265,2,73,1
00-0035500,Greg Dortch,BUF,2026,1,1.687,19.168,0.077,0,0,0
00-0037741,Jahan Dotson,ATL,2026,1,1.537,18.777,0.172,1,19,0
00-0039868,Troy Franklin,DEN,2026,1,1.727,18.219,0.125,0,0,0
00-0040667,Matthew Golden,GB,2026,1,1.272,18.05,0.132,6,95,0
00-0033908,Cooper Kupp,SEA,2026,1,1.539,17.554,0.129,2,35,0
00-0039342,Xavier Legette,CAR,2026,1,1.437,17.479,0.099,0,0,0
00-0038618,Xavier Hutchinson,HOU,2026,1,1.404,17.277,0.087,3,32,0
00-0037545,Rashid Shaheed,SEA,2026,1,1.209,16.974,0.217,1,4,0
00-0036550,Rashod Bateman,BAL,2026,1,1.288,16.782,0.138,0,0,0
00-0040729,Jack Bech,LV,2026,1,1.377,16.734,0.108,3,23,1
00-0040277,Jahdae Walker,CHI,2026,1,1.193,16.656,0.069,1,1,1
00-0040024,Darius Cooper,PHI,2026,1,1.208,16.501,0.068,0,0,0
00-0038976,Marvin Mims Jr.,DEN,2026,1,1.426,16.147,0.09,0,0,0
00-0038619,Andrei Iosivas,CIN,2026,1,1.272,15.688,0.079,2,12,0
00-0040131,Kyle Williams,NE,2026,1,1.226,15.686,0.078,0,0,0
00-0039739,Roman Wilson,PIT,2026,1,1.034,15.602,0.091,3,26,0
00-0038621,DeMario Douglas,NE,2026,1,1.419,15.557,0.088,5,20,0
00-0035208,Olamide Zaccheaus,ATL,2026,1,1.169,15.451,0.085,1,5,0
00-0040870,Ja'Kobi Lane,BAL,2026,1,1.194,15.168,0.069,1,11,0
00-0041040,Antonio Williams,WAS,2026,1,1.235,15.168,0.069,4,64,1
00-0041044,Zachariah Branch,ATL,2026,1,1.194,15.168,0.07,0,0,0
00-0041048,Ted Hurst III,TB,2026,1,1.194,15.168,0.069,3,36,0
00-0038104,Tyquan Thornton,KC,2026,1,1.172,15.164,0.078,0,0,0
00-0032775,Demarcus Robinson,SF,2026,1,1.176,14.665,0.08,2,50,1
00-0032464,Kalif Raymond,CHI,2026,1,1.306,14.639,0.07,8,84,0
00-0037291,Jalen Nailor,LV,2026,1,1.204,14.558,0.164,3,27,0
00-0040138,Jaylin Noel,HOU,2026,1,1.208,14.554,0.074,2,53,0
00-0036988,Josh Palmer,BUF,2026,1,1.259,14.179,0.097,1,34,1
00-0040590,Konata Mumpfield,LA,2026,1,1.091,13.99,0.076,0,0,0
00-0038359,Xavier Smith,LA,2026,1,1.088,13.892,0.055,0,0,0
00-0039920,Malachi Corley,CLE,2026,1,1.236,13.85,0.077,0,0,0
00-0033307,Kendrick Bourne,ARI,2026,1,1.16,13.098,0.088,8,75,0
00-0037801,KaVontae Turpin,DAL,2026,1,0.946,12.97,0.065,1,8,0
00-0041525,Chris Bell,MIA,2026,1,1.113,12.818,0.069,1,25,0
00-0041099,Barion Brown,NO,2026,1,1.092,12.715,0.068,0,0,0
00-0040237,Tez Johnson,TB,2026,1,1.005,12.658,0.071,0,0,0
00-0041067,Bryce Lance,NO,2026,1,1.068,12.439,0.069,3,42,0
00-0040890,Cyrus Allen,KC,2026,1,1.092,12.439,0.068,0,0,0
00-0040894,Malik Benson,LV,2026,1,1.215,12.439,0.092,1,6,0
00-0040785,Dohnte Meyers,CIN,2026,1,0.97,12.367,0.061,1,18,0
00-0036626,Dyami Brown,WAS,2026,1,0.857,12.363,0.066,0,0,0
00-0039062,Jonathan Mingo,DAL,2026,1,0.918,12.279,0.092,1,10,0
00-0041529,Kevin Coleman Jr.,MIA,2026,1,1.04,12.23,0.068,0,0,0
00-0040582,Arian Smith,NYJ,2026,1,0.938,12.213,0.076,0,0,0
00-0041100,Josh Cameron,JAX,2026,1,1.04,12.162,0.086,2,20,1
00-0038728,Jared Wayne,HOU,2026,1,1.015,12.112,0.07,1,12,0
00-0032398,Chris Moore,BAL,2026,1,0.874,12.092,0.069,1,53,0
00-0041397,Kaden Wetjen,PIT,2026,1,0.997,12.054,0.069,0,0,0
00-0037091,Bo Melton,GB,2026,1,0.886,11.795,0.082,1,10,0
00-0040621,Montorie Foster Jr,SEA,2026,1,0.959,11.782,0.06,0,0,0
00-0040646,Jalen Royals,KC,2026,1,0.982,11.71,0.086,0,0,0
00-0037524,Tay Martin,DET,2026,1,0.878,11.478,0.057,0,0,0
00-0034419,Braxton Berrios,NYG,2026,1,0.968,10.839,0.059,0,0,0
00-0038840,Brycen Tremayne,CAR,2026,1,0.686,9.369,0.041,0,0,0
00-0037132,Britain Covey,PHI,2026,1,0.706,9.208,0.036,0,0,0
00-0035021,Ashton Dulin,IND,2026,1,0.689,9.19,0.036,0,0,0
00-0035891,Cody White,LV,2026,1,0.666,9.012,0.033,0,0,0
00-0034854,KhaDarel Hodge,SF,2026,1,0.65,8.81,0.059,0,0,0
00-0038090,Skyy Moore,GB,2026,1,0.67,8.661,0.037,0,0,0
00-0040218,Jimmy Horn Jr.,CAR,2026,1,0.893,8.656,0.06,0,0,0
00-0040164,Jaylin Lane,WAS,2026,1,0.606,7.885,0.05,1,4,0
00-0036463,Chris Blair,ATL,2026,1,0.597,7.85,0.044,0,0,0
00-0039365,Jacob Cowing,SF,2026,1,0.651,7.282,0.035,0,0,0
00-0039751,Jordan Whittington,LA,2026,1,0.606,6.88,0.035,1,8,0
00-0036331,Devin Duvernay,ARI,2026,1,0.541,6.589,0.04,0,0,0
00-0037093,Dareke Young,LV,2026,1,0.557,6.554,0.043,0,0,0
00-0032951,Laquon Treadwell,IND,2026,1,0.449,6.502,0.038,0,0,0
00-0038573,Derius Davis,LAC,2026,1,0.547,6.245,0.029,0,0,0
00-0035544,Tom Kennedy,DET,2026,1,0.432,5.512,0.029,0,0,0
00-0036646,Simi Fehoko,ARI,2026,1,0.394,5.504,0.033,0,0,0
00-0039589,Kameron Johnson,TB,2026,1,0.421,5.356,0.033,0,0,0
00-0040075,LaJohntay Wester,BAL,2026,1,0.421,5.166,0.027,2,15,0
00-0040506,Myles Price,MIN,2026,1,0.421,5.166,0.028,0,0,0
00-0038519,Nikko Remigio,KC,2026,1,0.429,5.084,0.026,0,0,0
00-0037380,Kaden Davis,CHI,2026,1,0.421,5.041,0.028,0,0,0
