player_id,player_display_name,team,season,week,receptions_career_avg,depth_team,target_share_last5_avg,receptions_season_avg,target_share_last3_avg,receptions_last3_avg,fantasy_points_ppr_last5_avg,total_implicito_equipo,receiving_yards_after_catch_career_avg,receiving_yards_career_avg,wopr_last3_avg,target_share_season_avg,receiving_yards_last5_avg,fantasy_points_ppr_career_avg,receptions_last5_avg,fantasy_points_ppr_last3_avg,wopr_season_avg,target_share_x_ofensiva_equipo,targets_season_avg,draft_pick,receiving_first_downs_career_avg,air_yards_share_last3_avg,receiving_yards_after_catch_season_avg,targets_last5_avg,edad
00-0030279,Keenan Allen,IND,2026,5,6.272058823529412,2.0,0.2139171064479887,4.333333333333333,0.21023535851122055,4.333333333333333,8.46,21.0,23.691176470588236,70.56617647058823,0.44449832446982135,0.21023535851122058,30.6,15.837941176470588,4.2,9.666666666666664,0.44449832446982135,28.450975157582498,6.666666666666667,76.0,3.8455882352941178,0.18449326671855784,9.666666666666666,7.2,34.34633812457221
00-0031236,Brandin Cooks,SF,2026,5,4.145833333333333,3.0,0.08614387444972152,0.0,0.09061883199814234,1.3333333333333333,3.28,21.5,15.57638888888889,56.40972222222222,0.3254456085889025,0.034482758620689655,22.8,12.02986111111111,1.0,4.699999999999998,0.08479500407276677,12.060142422961013,1.0,20.0,2.576388888888889,0.27073908655955553,0.0,2.4,32.93360711841205
00-0031381,Davante Adams,LA,2026,5,6.215686274509804,2.0,0.24754075665353859,5.5,0.25954648526077095,6.333333333333333,16.820000000000004,28.75,28.176470588235293,79.04575163398692,0.7040386937242373,0.2502154195011338,92.2,18.64248366013072,5.2,22.46666666666667,0.6614603928421976,45.79503998090464,9.5,53.0,3.9411764705882355,0.44959852261868694,26.75,9.4,33.686516084873375
00-0031408,Mike Evans,SF,2026,5,4.94,1.0,0.18925597728843163,4.25,0.21649614753063037,3.6666666666666665,11.14,21.5,14.6,73.38666666666667,0.5686970605243751,0.21384269888326685,49.4,16.125333333333334,3.8,11.133333333333333,0.5683259931824642,26.49583682038043,6.0,7.0,3.7933333333333334,0.3485040560406139,7.25,5.2,33.02943189596167
00-0031588,Stefon Diggs,WAS,2026,5,5.973684210526316,2.0,0.22402974983096685,4.5,0.2199346405228758,4.666666666666667,12.059999999999999,23.5,23.375,72.0657894736842,0.45972440639264694,0.2425371872887086,42.6,16.194868421052632,4.2,12.500000000000009,0.5069928044137608,33.940507099391475,7.75,146.0,3.5592105263157894,0.18546063658333312,12.25,6.8,32.75564681724846
00-0032398,Chris Moore,BAL,2026,5,1.4615384615384615,4.0,0.05688013136288998,1.0,0.07892720306513408,1.0,3.56,20.0,6.480769230769231,19.03846153846154,0.2501324794109941,0.07892720306513411,15.6,4.075,0.8,5.1000000000000005,0.25013247941099415,10.025123152709359,2.0,107.0,0.7692307692307693,0.1882023925904186,7.666666666666667,1.4,33.210130047912386
00-0032464,Kalif Raymond,CHI,2026,5,1.8189655172413792,3.0,0.17331046562545613,5.25,0.14568838288003372,4.333333333333333,11.44,24.0,9.89655172413793,23.913793103448278,0.29192734069727305,0.19580474869848682,54.4,4.976724137931035,4.8,10.866666666666667,0.3844115050406785,29.20281345788936,5.75,473.0,1.043103448275862,0.10484966625317506,25.25,5.2,32.06570841889117
00-0032775,Demarcus Robinson,SF,2026,5,2.0984848484848486,7.0,0.10009054126701185,2.5,0.12641352837431272,2.6666666666666665,8.02,21.5,6.5227272727272725,25.553030303030305,0.34935365711065997,0.11554621848739496,32.2,5.963636363636364,2.4,8.266666666666671,0.3315240257176696,14.01267577738166,3.0,126.0,1.3106060606060606,0.22819052078455848,7.0,2.8,31.94524298425736
00-0032951,Laquon Treadwell,IND,2026,5,1.6216216216216217,3.0,0.07399014778325123,2.25,0.1118226600985222,3.0,4.260000000000001,21.0,5.513513513513513,18.445945945945947,0.3461354704759762,0.09248768472906405,24.6,3.8716216216216215,1.8,7.099999999999999,0.2760152244044174,9.840689655172413,2.75,23.0,0.972972972972973,0.2548592576117042,6.75,2.2,31.21697467488022
00-0033307,Kendrick Bourne,ARI,2026,5,2.6850393700787403,3.0,0.0917881797881798,4.0,0.1305336105336105,4.0,5.260000000000001,24.5,13.015748031496063,34.43307086614173,0.2545896357953063,0.13053361053361054,26.6,7.3440944881889765,2.6,7.600000000000002,0.2545896357953064,10.349117271117272,4.666666666666667,473.0,1.6535433070866141,0.08398459999270075,19.666666666666668,3.2,31.077344284736483
00-0033375,Tim Patrick,NYJ,2026,5,2.4177215189873418,6.0,0.06428098144227176,,0.029285506704861505,0.6666666666666666,4.88,21.0,9.936708860759493,32.78481012658228,0.05725043302966843,,20.8,7.084810126582279,1.6,1.1666666666666643,,9.015407647278614,,473.0,1.6582278481012658,0.019031675674823053,,2.0,32.772073921971256
00-0033555,Mack Hollins,NE,2026,5,1.956140350877193,3.0,0.17638504864311316,3.75,0.16878306878306878,3.6666666666666665,9.959999999999999,24.5,5.517543859649122,24.80701754385965,0.4104732289317019,0.1669098822324629,55.6,5.354035087719298,4.4,8.933333333333335,0.4174338152909527,26.678238607270867,5.0,118.0,1.1929824561403508,0.22471232251014098,9.5,5.8,32.95824777549623
00-0033908,Cooper Kupp,SEA,2026,5,5.564516129032258,3.0,0.10568376068376069,2.25,0.09601139601139601,2.3333333333333335,6.259999999999997,24.0,31.548387096774192,68.41129032258064,0.21183400839444055,0.103258547008547,28.6,15.453225806451613,2.2,6.966666666666665,0.2614323244776486,19.075918803418805,3.0,69.0,3.129032258064516,0.09688130625335219,9.75,3.0,33.21286789869952
00-0033921,Chris Godwin Jr.,TB,2026,5,5.105691056910569,2.0,0.13360565360565363,4.0,0.15814185814185813,4.0,6.700000000000001,19.5,27.642276422764226,63.15447154471545,0.2980163868316898,0.15564343064343064,30.0,13.591056910569106,3.4,7.8,0.28273917435065155,16.734108114108118,4.5,84.0,3.2764227642276422,0.08686228516986072,24.25,3.8,30.510609171800137
00-0034272,Marquez Valdes-Scantling,LAC,2026,5,1.9380530973451326,5.0,0.10876852311487284,0.0,0.07388400130335616,1.6666666666666667,3.02,19.5,10.08849557522124,32.61946902654867,0.19306296191288463,0.03128054740957967,12.2,6.32566371681416,1.8,2.7999999999999994,0.08735318412806813,14.11271587415475,1.0,174.0,1.3097345132743363,0.11748137136835775,0.0,4.2,31.89322381930185
00-0034348,Courtland Sutton,DEN,2026,5,3.9152542372881354,2.0,0.15875478597241652,2.25,0.17387740764592233,2.3333333333333335,3.8200000000000003,23.0,11.703389830508474,54.601694915254235,0.514772485833511,0.17670435203073806,18.2,11.404745762711864,2.0,4.833333333333332,0.5316107653413167,18.336177779814108,5.5,40.0,2.6016949152542375,0.362794820520896,5.0,4.8,30.89390828199863
00-0034419,Braxton Berrios,NYG,2026,5,1.4736842105263157,6.0,0.006896551724137931,0.0,0.011494252873563218,0.0,0.0,20.0,8.021052631578947,14.31578947368421,0.019349813045284586,0.008620689655172414,0.0,3.8018947368421054,0.0,0.0,0.01451235978396344,0.7396551724137931,0.25,210.0,0.7263157894736842,0.003012048192771066,0.0,0.2,30.90485968514716
00-0034775,Christian Kirk,SF,2026,5,4.153846153846154,6.0,0.14723838253250018,,0.13693169575522515,2.0,5.5,21.5,16.951923076923077,52.06730769230769,0.24436708286809372,,19.0,11.218076923076923,2.4,3.166666666666672,,20.613373554550027,,47.0,2.3461538461538463,0.05567077033607969,,4.2,29.78507871321013
00-0034827,DJ Moore,BUF,2026,5,4.592592592592593,1.0,0.1680889225716812,3.0,0.15042735042735042,2.3333333333333335,7.68,25.75,23.68148148148148,62.15555555555556,0.3520445344129555,0.18424908424908426,37.8,13.116148148148149,2.6,5.1000000000000005,0.4433694694408244,27.356472148541116,5.0,24.0,2.9703703703703703,0.18057644110275684,11.75,4.6,29.38261464750171
00-0034837,Calvin Ridley,TEN,2026,5,4.387096774193548,4.0,0.0549673202614379,1.0,0.07254901960784314,1.0,2.5799999999999996,15.0,14.989247311827956,61.56989247311828,0.17122119023047808,0.07254901960784314,15.8,13.339784946236557,1.0,2.6000000000000036,0.17122119023047813,7.929035947712417,1.6666666666666667,26.0,2.924731182795699,0.08913951545530492,5.666666666666667,1.4,31.698836413415467
00-0034960,Jakobi Meyers,JAX,2026,5,4.625,2.0,0.15894202156474244,3.25,0.16864120849628106,3.6666666666666665,10.219999999999999,24.75,15.798076923076923,53.76923076923077,0.4025614639040431,0.15029043018173452,41.8,11.799038461538462,3.6,9.833333333333337,0.35860645802248337,22.72870908375817,3.75,473.0,2.7403846153846154,0.21371378737088811,9.0,4.2,29.809719370294317
00-0035021,Ashton Dulin,IND,2026,5,0.6056338028169014,4.0,0.06684868709340344,1.5,0.10066179031696272,1.0,2.3400000000000003,21.0,3.436619718309859,9.183098591549296,0.25915240769766634,0.12068965517241378,15.4,2.0591549295774647,0.8,1.9666666666666668,0.2849407327586207,8.890875383422658,3.5,473.0,0.4225352112676056,0.15451388888888887,6.0,2.0,29.297741273100616
00-0035208,Olamide Zaccheaus,ATL,2026,5,2.0869565217391304,3.0,0.09175521746766685,1.0,0.07791023842917255,1.0,2.2000000000000006,23.5,9.771739130434783,25.304347826086957,0.13252250971600515,0.07159057355872149,10.0,5.619565217391305,1.2,1.4000000000000001,0.1304923607559034,11.905239466429773,1.75,473.0,1.2282608695652173,0.022367360103209166,2.5,2.4,29.1088295687885
00-0035359,David Sills,TB,2026,5,1.3478260869565217,6.0,0.12990093598414978,,0.08758169934640524,1.3333333333333333,4.5200000000000005,19.5,4.260869565217392,13.652173913043478,0.20320776092576773,,25.2,3.2347826086956526,2.0,2.9333333333333336,,16.27009223201476,,473.0,0.7391304347826086,0.10262173129451413,,4.0,31.260780287474333
00-0035500,Greg Dortch,BUF,2026,5,2.013888888888889,5.0,0.010810810810810811,0.0,0.0,0.0,0.68,25.75,13.38888888888889,18.194444444444443,0.0,0.0,2.8,4.8875,0.4,0.0,0.0,1.7594594594594595,0.0,473.0,0.8194444444444444,0.0,0.0,0.4,28.26009582477755
00-0035535,Darius Slayton,IND,2026,5,2.8737864077669903,6.0,0.18826444149720012,,0.17951480990274096,2.3333333333333335,8.04,21.0,12.601941747572816,43.05825242718446,0.4309544973858815,,34.4,8.425242718446603,2.6,5.6000000000000005,,25.039170719127615,,171.0,1.9223300970873787,0.2309746893311003,,5.4,29.634496919917865
00-0035544,Tom Kennedy,DET,2026,5,0.75,4.0,0.0,0.0,0.0,0.0,0.0,30.0,3.9166666666666665,9.625,0.0,0.0,0.0,2.004166666666667,0.0,0.0,0.0,0.0,0.0,473.0,0.4583333333333333,0.0,0.0,0.0,30.091718001368925
00-0035602,Alex Bachman,LA,2026,5,0.2631578947368421,7.0,0.00909090909090909,0.0,0.0,0.0,0.26,28.75,0.631578947368421,2.263157894736842,0.0,0.0,0.6,0.47368421052631576,0.2,0.0,0.0,1.6818181818181817,0.0,473.0,0.21052631578947367,0.0,0.0,0.2,30.258726899383984
00-0035640,DK Metcalf,PIT,2026,5,4.422413793103448,1.0,0.22848303442530948,4.0,0.21176759886437302,4.0,10.3,23.5,19.663793103448278,63.68103448275862,0.5135787772378911,0.22639326671584736,51.0,13.591379310344829,4.0,11.766666666666666,0.5742504219947573,33.24428150888253,8.25,64.0,2.8620689655172415,0.27989625563047354,13.5,8.4,28.71457905544148
00-0035645,Gunner Olszewski,NYG,2026,5,0.3125,7.0,0.06314655172413794,,0.10524425287356322,3.0,5.284000000000001,20.0,1.9,4.0625,0.25870178963066237,,24.2,1.1490000000000002,1.8,7.033333333333334,,6.772467672413794,,473.0,0.175,0.1440505861718822,,2.0,29.763175906913073
00-0035659,Terry McLaurin,WAS,2026,5,4.618181818181818,1.0,0.24929931319170134,3.3333333333333335,0.23421230561189996,3.3333333333333335,10.219999999999999,23.5,19.672727272727272,64.56363636363636,0.5710994131312345,0.23421230561189996,52.2,13.395454545454545,3.8,10.033333333333333,0.5710994131312345,37.768845948542754,7.333333333333333,76.0,3.1,0.3139727924476923,15.0,6.6,30.962354551676935
00-0035662,Marquise Brown,PHI,2026,5,4.122222222222222,4.0,0.11106583072100314,0.0,0.1166666666666667,1.3333333333333333,4.4,17.75,16.933333333333334,48.022222222222226,0.38811659192825126,0.0,25.6,11.171111111111111,1.6,4.100000000000002,0.0,15.438150470219435,0.0,25.0,2.2111111111111112,0.30445227418321585,0.0,2.8,29.242984257357975
00-0035676,A.J. Brown,NE,2026,5,4.971698113207547,6.0,0.2628447107927232,3.0,0.2870023932315367,5.666666666666667,12.8,24.5,26.339622641509433,75.99056603773585,0.6414717854542086,0.12903225806451613,66.0,15.825471698113208,5.0,11.96666666666667,0.2537293825718873,39.75526250739939,4.0,51.0,3.4716981132075473,0.3013831365812908,14.0,7.6,29.17180013689254
00-0035719,Deebo Samuel Sr.,SF,2026,5,4.158415841584159,2.0,0.17328259797566936,3.5,0.13245758073344285,2.6666666666666665,12.4,21.5,36.71287128712871,56.475247524752476,0.23617689311824522,0.15081377378537622,41.0,14.084752475247525,3.2,13.299999999999997,0.2743049951446453,24.25956371659371,4.25,36.0,2.237623762376238,0.05355788859725863,37.5,4.4,30.628336755646817
00-0035891,Cody White,LV,2026,5,0.7619047619047619,3.0,0.05735632183908046,1.25,0.08409961685823754,1.6666666666666667,6.279999999999999,21.0,4.476190476190476,11.095238095238095,0.18604649797269382,0.07169540229885057,12.8,3.1095238095238096,1.0,10.466666666666667,0.15478891681183654,6.29485632183908,2.5,473.0,0.5714285714285714,0.08556724669333932,1.75,2.0,27.759069130732374
00-0036252,Michael Pittman,PIT,2026,5,5.020408163265306,2.0,0.1139191806600038,2.3333333333333335,0.11497850207527634,2.3333333333333335,4.5200000000000005,23.5,20.948979591836736,54.52040816326531,0.2371481904276597,0.11497850207527627,23.2,12.145918367346939,2.2,5.299999999999997,0.23714819042765964,16.57524078603055,4.0,34.0,2.704081632653061,0.09240062473535036,12.333333333333334,3.8,28.906228610540726
00-0036259,Jauan Jennings,MIN,2026,5,2.8266666666666667,3.0,0.09944312692138779,0.6666666666666666,0.0512604303908652,0.6666666666666666,4.52,22.0,10.546666666666667,34.53333333333333,0.14227718892227928,0.051260430390865176,17.2,8.04,1.6,0.9666666666666668,0.14227718892227928,9.223350021958717,1.3333333333333333,217.0,1.7733333333333334,0.09340934762283072,1.3333333333333333,2.8,29.144421629021217
00-0036309,Darnell Mooney,NYG,2026,5,3.3870967741935485,3.0,0.12157430213464697,1.5,0.10185755336617412,1.3333333333333333,4.28,20.0,14.53763440860215,44.333333333333336,0.24749205479402248,0.09363454433497537,23.0,9.076344086021505,1.8,3.9000000000000035,0.22933825291817692,13.038843903940888,2.5,173.0,2.150537634408602,0.1352938924925163,5.0,3.4,28.840520191649556
00-0036322,Justin Jefferson,MIN,2026,5,6.103092783505154,1.0,0.30218066906396424,4.333333333333333,0.2623646071700992,4.333333333333333,14.059999999999999,22.0,28.927835051546392,89.26804123711341,0.6515183448412326,0.2623646071700992,62.0,17.931340206185567,5.0,14.96666666666667,0.6515183448412325,28.027257055682682,5.666666666666667,22.0,3.9278350515463916,0.3685306201229767,17.333333333333332,6.6,27.211498973305954
00-0036331,Devin Duvernay,ARI,2026,5,1.1630434782608696,6.0,0.0,0.0,0.0,0.0,0.0,24.5,5.413043478260869,10.902173913043478,0.0,0.0,0.0,3.016304347826087,0.0,0.0,0.0,0.0,0.0,92.0,0.532608695652174,0.0,0.0,0.0,28.969199178644764
00-0036358,CeeDee Lamb,DAL,2026,5,6.204081632653061,1.0,0.2577679202409298,9.25,0.32623155788947245,10.666666666666666,22.720000000000002,28.0,30.020408163265305,80.75510204081633,0.8350109560019261,0.31134033508377096,100.4,17.671428571428574,7.6,32.266666666666666,0.7772290907878523,55.03345097143851,11.5,17.0,3.795918367346939,0.4938051702395964,39.0,9.4,27.40041067761807
00-0036407,Jerry Jeudy,CLE,2026,5,3.7872340425531914,3.0,0.17922454357236967,1.6666666666666667,0.10202020202020205,1.6666666666666667,5.159999999999998,18.5,18.680851063829788,52.61702127659574,0.23695205591480142,0.10202020202020201,26.6,10.227659574468085,2.4,3.733333333333333,0.23695205591480142,22.492680218332392,2.6666666666666665,15.0,2.3617021276595747,0.11988821840642623,7.333333333333333,4.2,27.356605065023956
00-0036410,Tee Higgins,CIN,2026,5,4.813953488372093,2.0,0.24539386406035235,6.25,0.2712188756011032,7.333333333333333,17.96,24.5,18.674418604651162,67.93023255813954,0.725274032640926,0.24753180375965095,93.6,14.848837209302326,6.2,20.733333333333338,0.7007293402016732,50.24439366635714,9.75,33.0,3.4069767441860463,0.45492245605610176,24.0,9.6,27.619438740588638
00-0036463,Chris Blair,ATL,2026,5,0.2857142857142857,5.0,0.01935483870967742,0.25,0.03225806451612903,0.3333333333333333,0.72,23.5,0.14285714285714285,3.2857142857142856,0.08360722256035706,0.024193548387096774,1.2,0.9000000000000001,0.2,1.2,0.06270541692026779,2.511290322580645,0.75,473.0,0.14285714285714285,0.05031446540880503,0.25,0.6,28.903490759753595
00-0036550,Rashod Bateman,BAL,2026,5,2.5454545454545454,2.0,0.12419540229885055,2.75,0.1764367816091954,3.6666666666666665,7.159999999999999,20.0,9.272727272727273,35.121212121212125,0.41991718811031703,0.14274425287356324,35.6,7.53939393939394,2.4,11.366666666666667,0.3455257163615482,21.88943965517241,3.75,27.0,1.6515151515151516,0.22180287956646283,8.5,3.2,26.757015742642025
00-0036554,Nico Collins,HOU,2026,5,4.455882352941177,1.0,0.23007215360156538,7.0,0.24393624393624394,5.666666666666667,18.82,22.5,22.91176470588235,66.76470588235294,0.5726928005222841,0.288981288981289,78.8,13.675,4.8,20.233333333333338,0.665724897898811,41.70057784028373,9.0,89.0,2.9411764705882355,0.29541204945416905,23.0,7.0,27.45516769336071
00-0036613,Jaylen Waddle,DEN,2026,5,4.7439024390243905,1.0,0.17701888624551235,4.0,0.24284292488730172,5.0,8.92,23.0,23.109756097560975,63.707317073170735,0.6370686597972092,0.20990997144325405,37.0,13.331951219512195,3.2,14.233333333333329,0.5441964223841388,20.445681361356677,6.5,6.0,3.1707317073170733,0.38972038923750946,15.25,5.4,27.76728268309377
00-0036626,Dyami Brown,WAS,2026,5,1.323076923076923,5.0,0.08442772288744937,1.75,0.10697167755991288,2.3333333333333335,3.079999999999999,23.5,6.092307692307692,16.876923076923077,0.27054630305427607,0.09747013748027947,18.8,3.4855384615384617,1.6,4.533333333333334,0.26410302654013595,12.79080001744858,3.25,82.0,0.7538461538461538,0.15726969530629534,1.5,2.8,26.833675564681723
00-0036630,Tylan Wallace,CLE,2026,5,0.4888888888888889,5.0,0.018,0.0,0.016666666666666663,0.0,0.0,18.5,3.7111111111111112,6.777777777777778,0.05937500000000002,0.0,0.0,1.5666666666666667,0.0,0.0,0.0,2.259,0.0,131.0,0.24444444444444444,0.04910714285714287,0.0,0.4,27.304585900068446
00-0036646,Simi Fehoko,ARI,2026,5,0.47619047619047616,5.0,0.0,0.0,0.0,0.0,0.0,24.5,1.5714285714285714,6.619047619047619,0.0,0.0,0.0,1.4238095238095239,0.0,0.0,0.0,0.0,0.0,179.0,0.38095238095238093,0.0,0.0,0.0,28.82135523613963
00-0036849,Tutu Atwell,LA,2026,5,1.8771929824561404,5.0,0.049631420894578775,1.0,0.05591591591591589,1.0,1.9,28.75,6.350877192982456,27.403508771929825,0.1620527777719327,0.043333333333333335,11.0,5.44561403508772,0.8,2.5333333333333337,0.12864718593065363,9.181812865497074,1.5,57.0,1.2456140350877194,0.11168414842579827,2.5,1.8,26.902121834360027
00-0036862,Ben Skowronek,PIT,2026,5,1.044776119402985,5.0,0.02211342856504147,1.0,0.03685571427506911,1.0,2.44,23.5,4.164179104477612,11.119402985074627,0.07277605543067482,0.03685571427506911,6.4,2.553731343283582,0.6,4.066666666666666,0.07277605543067478,3.2175038562135336,1.3333333333333333,249.0,0.5223880597014925,0.02498926288295873,0.6666666666666666,0.8,29.180013689253936
00-0036900,Ja'Marr Chase,CIN,2026,5,6.597560975609756,1.0,0.2104111264229526,5.25,0.2237502261847971,6.333333333333333,16.76,24.5,37.80487804878049,85.96341463414635,0.5400975661383004,0.1972244343444802,61.6,19.34780487804878,5.8,18.999999999999996,0.4755182552908674,43.081678135099544,7.0,5.0,4.097560975609756,0.2921031812301496,15.0,7.6,26.50239561943874
00-0036912,DeVonta Smith,PHI,2026,5,4.867469879518072,1.0,0.26399999999999996,6.333333333333333,0.32502673796791437,6.333333333333333,12.24,17.75,19.3855421686747,63.30120481927711,0.8039954186488979,0.3250267379679144,62.4,13.487951807228916,4.8,16.166666666666668,0.8039954186488979,36.69599999999999,9.0,10.0,2.927710843373494,0.45207901671003753,13.0,7.2,27.797399041752225
00-0036963,Amon-Ra St. Brown,DET,2026,5,6.72093023255814,1.0,0.31829941588755134,7.75,0.27195201793224366,7.0,23.240000000000002,30.0,31.232558139534884,76.22093023255815,0.6256015421258934,0.29370760319277245,88.4,18.107906976744186,8.4,20.866666666666664,0.6629952851711571,57.85091883756245,11.5,112.0,4.116279069767442,0.3109621646107538,20.25,12.2,26.855578370978783
00-0036980,Elijah Moore,PHI,2026,5,3.1194029850746268,6.0,0.08717363433667782,,0.061677350427350425,1.3333333333333333,1.9400000000000002,17.75,10.17910447761194,33.940298507462686,0.17086412360871717,,9.6,7.580597014925374,1.0,2.4333333333333345,,12.117135172798218,,34.0,1.5522388059701493,0.11192585423955927,,2.4,26.431211498973305
00-0036988,Josh Palmer,BUF,2026,5,2.915492957746479,4.0,0.09593073593073592,1.0,0.10396825396825397,1.0,5.26,25.75,10.126760563380282,37.605633802816904,0.32411442750535013,0.10396825396825397,18.6,7.769014084507043,1.0,7.666666666666665,0.3241144275053502,15.612727272727271,3.0,77.0,1.732394366197183,0.24023149507567043,5.333333333333333,2.8,26.94318959616701
00-0037091,Bo Melton,GB,2026,5,0.8529411764705882,4.0,0.042484787018255574,0.25,0.029141311697092626,0.0,0.4,21.5,1.5,12.529411764705882,0.09842813997498968,0.028105983772819473,2.0,2.782352941176471,0.2,0.0,0.08692744826482435,7.39235294117647,1.0,229.0,0.6764705882352942,0.07816596061335819,0.0,1.0,27.290896646132786
00-0037093,Dareke Young,LV,2026,5,0.23076923076923078,4.0,0.02292219274977896,0.5,0.02538314176245211,0.6666666666666666,1.1199999999999999,21.0,1.4230769230769231,4.153846153846154,0.05493355586480519,0.01903735632183908,7.2,0.6461538461538462,0.4,1.8666666666666665,0.04120016689860389,2.515710654288241,0.75,233.0,0.19230769230769232,0.024084061744467172,3.5,0.8,27.24435318275154
00-0037132,Britain Covey,PHI,2026,5,0.2765957446808511,7.0,0.02352941176470589,0.0,0.0,0.0,0.7999999999999996,17.75,1.574468085106383,2.0425531914893615,0.0,0.0,4.0,0.48085106382978726,0.4,0.0,0.0,3.2705882352941185,0.0,473.0,0.1276595744680851,0.0,0.0,0.8,29.456536618754278
00-0037231,Kevin Austin Jr.,NO,2026,5,1.7857142857142858,4.0,0.14125223547056281,1.0,0.16038035584604213,3.0,6.94,20.5,6.714285714285714,21.285714285714285,0.34331578801074963,0.03125,29.4,4.4071428571428575,2.8,8.2,0.06659330985915493,27.579498975627388,1.0,473.0,1.2142857142857142,0.14677893463098066,1.0,4.6,26.42299794661191
00-0037238,Drake London,ATL,2026,5,4.984848484848484,1.0,0.27465318274648753,5.0,0.2986909770920991,6.0,15.040000000000001,23.5,17.681818181818183,65.62121212121212,0.752152190640286,0.27664981176644277,89.6,13.531515151515151,4.8,17.299999999999997,0.6930615114012673,35.63625046135676,6.25,8.0,3.3484848484848486,0.43445103571733945,49.75,6.6,25.10609171800137
00-0037239,Chris Olave,NO,2026,5,5.52542372881356,1.0,0.31004531126871554,8.75,0.2976063829787234,8.333333333333334,23.2,20.5,18.1864406779661,71.50847457627118,0.7475120299396959,0.2857047872340426,122.0,14.649152542372882,8.6,20.633333333333336,0.739166631150424,60.536347025216706,12.0,11.0,3.4745762711864407,0.43014636495944375,26.5,11.8,26.17932922655715
00-0037240,Jameson Williams,DET,2026,5,3.037037037037037,2.0,0.16882992280974904,4.0,0.1303860536857641,4.0,10.46,30.0,19.833333333333332,50.77777777777778,0.352466874402503,0.15548184795663073,60.6,10.488888888888889,4.4,10.133333333333335,0.4582557670987929,30.684838470671888,6.25,12.0,2.1481481481481484,0.22412541981979558,5.75,6.6,25.43463381245722
00-0037247,George Pickens,DAL,2026,5,4.130434782608695,2.0,0.18665334811963863,4.5,0.2009439859964991,5.0,8.48,28.0,17.695652173913043,65.14492753623189,0.5149278351874149,0.20070798949737434,46.8,12.63913043478261,3.8,11.566666666666668,0.5200955527659658,39.850489823542844,7.0,52.0,2.927536231884058,0.30501693741809455,8.75,6.2,25.49486652977413
00-0037261,Khalil Shakir,BUF,2026,5,3.4754098360655736,2.0,0.20454878454878456,3.75,0.19877899877899882,3.6666666666666665,8.02,25.75,26.18032786885246,40.78688524590164,0.4044665571457286,0.20265567765567766,42.2,8.634426229508197,4.2,7.200000000000004,0.4015269040584758,33.290314685314684,5.75,148.0,1.6885245901639345,0.15185436996747187,25.75,6.0,26.576317590691307
00-0037291,Jalen Nailor,LV,2026,5,1.608695652173913,2.0,0.10945812807881775,1.6666666666666667,0.1252873563218391,1.6666666666666667,3.62,21.0,6.956521739130435,24.304347826086957,0.3138760523537279,0.1252873563218391,20.2,5.53695652173913,1.6,3.4,0.3138760523537279,12.013029556650247,3.6666666666666665,191.0,1.2608695652173914,0.1799214541013847,4.666666666666667,3.0,27.50171115674196
00-0037524,Tay Martin,DET,2026,5,0.42857142857142855,5.0,0.017028985507246373,0.0,0.0,0.0,0.8600000000000001,30.0,1.4285714285714286,10.285714285714286,0.0,0.0,4.6,2.314285714285714,0.4,0.0,0.0,3.0950181159420285,0.0,473.0,0.2857142857142857,0.0,0.0,0.4,28.71457905544148
00-0037545,Rashid Shaheed,SEA,2026,5,2.909090909090909,2.0,0.12217948717948719,1.75,0.14914529914529914,2.0,5.040000000000001,24.0,11.727272727272727,42.10909090909091,0.4012591964728136,0.14310897435897435,15.0,9.463636363636363,1.6,7.533333333333331,0.3694103064455193,22.053397435897438,3.75,473.0,1.6,0.2536303539355214,9.0,3.2,28.00273785078713
00-0037664,Alec Pierce,IND,2026,5,2.4545454545454546,8.0,0.14717520027864855,2.5,0.15078369905956118,3.0,13.2,21.0,7.757575757575758,45.54545454545455,0.4555355039951683,0.12011494252873563,58.0,8.554545454545455,2.6,13.800000000000002,0.38113058589555415,19.57430163706026,3.5,53.0,1.9696969696969697,0.32765707915118103,5.0,4.6,26.33264887063655
00-0037666,Jalen Tolbert,MIA,2026,5,1.9361702127659575,5.0,0.07115480250071042,0.0,0.10817467083451739,1.3333333333333333,1.42,18.0,5.276595744680851,23.25531914893617,0.23503414275316414,0.058823529411764705,6.2,5.580851063829788,0.8,2.3666666666666676,0.07920303605313092,9.28570172634271,1.0,88.0,1.148936170212766,0.10396019500198304,0.0,2.2,27.509924709103355
00-0037740,Garrett Wilson,NYJ,2026,5,5.467741935483871,1.0,0.2798594642072903,6.0,0.2740740740740741,6.0,12.600000000000001,21.0,20.870967741935484,63.12903225806452,0.654262178339781,0.2816425120772947,54.0,13.601612903225808,4.8,16.366666666666667,0.6850354018707777,39.25028985507247,7.75,10.0,3.1451612903225805,0.34735866746952854,10.25,6.8,26.11088295687885
00-0037741,Jahan Dotson,ATL,2026,5,2.0483870967741935,2.0,0.16053117903247519,1.5,0.13648901355773727,1.6666666666666667,5.7,23.5,6.370967741935484,26.032258064516128,0.4553596263229753,0.14184044437882926,27.0,5.951612903225806,1.8,6.2,0.518912064239839,20.828920479463655,3.25,16.0,1.2903225806451613,0.358037294266242,5.25,4.2,26.444900752908968
00-0037742,Treylon Burks,WAS,2026,5,1.8333333333333333,4.0,0.09703523514669024,1.0,0.05980392156862744,1.0,5.26,23.5,7.888888888888889,24.694444444444443,0.18485351034983222,0.059803921568627454,16.6,5.152777777777778,1.2,7.000000000000001,0.18485351034983225,14.700838124723571,2.0,18.0,1.0833333333333333,0.13592518285270158,3.0,2.4,26.442162902121833
00-0037801,KaVontae Turpin,DAL,2026,5,1.0434782608695652,4.0,0.025362318840579712,0.5,0.016666666666666666,0.3333333333333333,2.2800000000000002,28.0,7.695652173913044,14.043478260869565,0.037867647058823534,0.020833333333333336,3.4,3.807246376811594,0.4,2.9666666666666686,0.041467078336188845,5.4148550724637685,0.75,473.0,0.6521739130434783,0.01838235294117649,3.25,0.8,30.080766598220396
00-0037816,Romeo Doubs,NE,2026,5,3.3968253968253967,1.0,0.15811674347158217,3.0,0.19126984126984123,4.0,10.7,24.5,10.492063492063492,41.698412698412696,0.48675661279818505,0.16764592933947772,53.0,9.806349206349205,3.0,14.766666666666667,0.4607469224507772,23.9151574500768,5.0,132.0,2.2857142857142856,0.28550264413346177,9.5,4.6,26.38466803559206
00-0037837,Calvin Austin III,NYG,2026,5,1.7872340425531914,5.0,0.07479177742335637,,0.0741479118672101,1.3333333333333333,4.08,20.0,7.51063829787234,23.404255319148938,0.21026780866505582,,18.8,5.525531914893617,1.0,5.4333333333333345,,8.02141812865497,,138.0,0.851063829787234,0.14149420123462952,,2.6,27.44147843942505
00-0038090,Skyy Moore,GB,2026,5,1.0188679245283019,3.0,0.066473968897904,1.5,0.10245661482983999,2.0,1.9,21.5,6.056603773584905,11.622641509433961,0.20622911649438055,0.08309246112237999,7.0,2.4037735849056605,1.2,3.166666666666668,0.16852444931108393,11.566470588235296,3.25,54.0,0.6226415094339622,0.07506313464231516,8.0,2.6,25.973990417522245
00-0038117,Wan'Dale Robinson,TEN,2026,5,4.896551724137931,2.0,0.24974500144885542,4.0,0.18389355742296917,3.6666666666666665,12.54,15.0,21.155172413793103,44.62068965517241,0.38817951742100343,0.19149159663865545,47.2,10.789655172413791,5.4,10.533333333333331,0.3926759914492113,36.025716458997394,5.75,43.0,2.189655172413793,0.16048454469507098,16.75,7.4,25.65366187542779
00-0038124,Christian Watson,GB,2026,5,3.0,1.0,0.22307775524002707,5.0,0.22512959206671176,4.666666666666667,19.880000000000003,21.5,14.980392156862745,50.88235294117647,0.509723529644713,0.2188471940500338,88.8,11.376470588235295,5.0,14.800000000000002,0.5046807069350273,38.81552941176471,8.0,34.0,2.176470588235294,0.2457559164923506,32.0,7.6,27.307323750855577
00-0038393,Dontayvion Wicks,PHI,2026,5,2.4489795918367347,2.0,0.1596577540106952,3.0,0.19215686274509805,3.3333333333333335,7.880000000000001,17.75,9.510204081632653,31.122448979591837,0.475630344935146,0.189572192513369,40.8,7.015510204081632,2.6,7.466666666666668,0.4863490213276221,22.192427807486634,5.0,159.0,1.7346938775510203,0.26770721545356985,12.25,4.2,25.21013004791239
00-0038543,Jaxon Smith-Njigba,SEA,2026,5,5.709090909090909,1.0,0.360042735042735,8.0,0.3447293447293447,8.0,26.212,24.0,27.545454545454547,73.30909090909091,0.8610533597100908,0.3731303418803419,113.0,15.988363636363637,7.6,30.153333333333336,0.9040286561462045,64.98771367521367,10.5,20.0,3.4545454545454546,0.491370489451534,36.0,10.0,24.54483230663929
00-0038544,Quentin Johnston,LAC,2026,5,3.0816326530612246,2.0,0.18378574830187733,1.75,0.14621400105271073,1.6666666666666667,6.58,19.5,14.693877551020408,40.51020408163265,0.3979231514322345,0.1652160563450886,41.2,9.346938775510203,2.4,4.800000000000001,0.40677569690750914,23.84620084216858,4.75,21.0,1.6938775510204083,0.255145928361669,10.25,5.4,24.985626283367555
00-0038559,Michael Wilson,ARI,2026,5,3.76,1.0,0.2911125631125631,6.25,0.3268864468864469,6.666666666666667,15.540000000000003,24.5,12.2,47.54,0.8388808066512757,0.2924621324621325,71.4,10.328,6.0,15.4,0.7514316392736253,32.82294149094149,11.0,94.0,2.48,0.4979301947451506,17.0,10.4,26.521560574948666
00-0038563,Tre Tucker,LV,2026,5,2.7058823529411766,1.0,0.18201591511936338,3.75,0.18045977011494252,4.333333333333333,9.94,21.0,10.745098039215685,35.27450980392157,0.4845163728000427,0.16982758620689656,52.6,7.982352941176471,3.4,13.200000000000001,0.4538282316903585,19.97624668435013,5.75,100.0,1.5098039215686274,0.3054667394680413,5.25,5.8,25.4839151266256
00-0038573,Derius Davis,LAC,2026,5,0.6595744680851063,6.0,0.026814485897677747,0.25,0.02357320099255583,0.3333333333333333,0.6600000000000004,19.5,5.148936170212766,4.127659574468085,0.053753543744100164,0.026939160003676133,2.6,1.7638297872340427,0.4,0.5333333333333333,0.08946045695337426,3.4791795452236878,0.75,125.0,0.10638297872340426,0.0262767746503806,0.0,0.8,25.971252566735114
00-0038576,Charlie Jones,NYG,2026,5,0.24242424242424243,4.0,0.0058823529411764705,0.0,0.0,0.0,0.0,20.0,1.1515151515151516,2.090909090909091,0.0,0.0,0.0,1.0363636363636364,0.0,0.0,0.0,0.6308823529411764,0.0,131.0,0.09090909090909091,0.0,0.0,0.2,27.84120465434634
00-0038606,Parker Washington,JAX,2026,5,2.9047619047619047,1.0,0.26404565254495127,4.0,0.24806379878843643,3.6666666666666665,14.160000000000002,24.75,10.166666666666666,38.023809523809526,0.6283979901729525,0.2574764205198988,63.0,8.857142857142858,4.2,10.6,0.652201680351084,37.75852831392803,6.5,185.0,1.6666666666666667,0.36614613141471125,5.0,7.0,24.449007529089666
00-0038608,Kayshon Boutte,HOU,2026,5,2.4166666666666665,3.0,0.11758004158004158,2.25,0.1112820512820513,2.6666666666666665,4.9799999999999995,22.5,5.944444444444445,35.388888888888886,0.2382767392335342,0.09697505197505198,27.8,7.511111111111112,2.2,5.800000000000002,0.216369129043247,21.311382536382535,3.25,187.0,1.5833333333333333,0.10193380330065331,4.0,3.4,24.320328542094455
00-0038618,Xavier Hutchinson,HOU,2026,5,1.4565217391304348,2.0,0.21917968517968517,3.0,0.2041025641025641,3.0,8.48,22.5,5.804347826086956,17.41304347826087,0.4884803000089724,0.19361746361746363,50.0,3.752173913043478,3.4,7.599999999999999,0.45814929668710536,39.726317938817935,6.5,205.0,0.7608695652173914,0.26046636265018036,16.0,7.0,26.250513347022586
00-0038619,Andrei Iosivas,CIN,2026,5,1.9333333333333333,6.0,0.0827033946778279,1.5,0.0664802423516096,1.6666666666666667,3.820000000000003,24.5,4.6,23.31111111111111,0.13659836575926243,0.06024667931688805,18.2,5.895555555555556,2.0,2.633333333333334,0.1257388357946067,16.933520060285264,2.0,206.0,1.3777777777777778,0.052682860331211445,1.0,2.8,26.88021902806297
00-0038621,DeMario Douglas,NE,2026,5,3.1,2.0,0.14420890937019967,2.25,0.1150793650793651,1.3333333333333333,4.42,24.5,18.8,34.22,0.26005476700839436,0.14276113671274962,22.2,7.3580000000000005,2.2,3.4000000000000017,0.3145601235704105,21.8115975422427,4.25,210.0,1.56,0.12490817055620966,7.75,4.0,25.730321697467488
00-0038640,Jalen Brooks,ARI,2026,5,0.9130434782608695,4.0,0.004,0.0,0.0066666666666666576,0.0,0.0,24.5,3.652173913043478,12.695652173913043,0.018805031446540905,0.006666666666666667,0.0,2.4434782608695653,0.0,0.0,0.018805031446540877,0.451,0.3333333333333333,244.0,0.6521739130434783,0.012578616352201257,0.0,0.2,26.31895961670089
00-0038679,Tyrell Shavers,BUF,2026,5,1.3333333333333333,7.0,0.08627298627298627,,0.07968574635241302,1.3333333333333333,6.74,25.75,11.25,26.166666666666668,0.24185322760325076,,37.4,4.95,1.8,3.766666666666667,,14.040928515928515,,473.0,1.0,0.17474944010661606,,2.4,27.039014373716633
00-0038728,Jared Wayne,HOU,2026,5,1.5,5.0,0.09491465149359887,1.3333333333333333,0.109009009009009,1.3333333333333333,3.625,22.5,5.0,21.25,0.2713565864782095,0.109009009009009,21.25,3.625,1.5,3.5,0.2713565864782095,17.203280583214795,4.0,473.0,1.25,0.15406153280670853,5.666666666666667,3.5,25.900068446269678
00-0038752,Jake Bobo,SEA,2026,5,1.096774193548387,7.0,0.015229885057471266,,0.011494252873563213,0.3333333333333333,0.8000000000000007,24.0,3.870967741935484,10.419354838709678,0.018074712643678218,,4.0,2.9225806451612906,0.4,0.43333333333333335,,2.7489942528735636,,473.0,0.5806451612903226,0.0011904761904761904,,0.4,28.076659822039698
00-0038824,Ryan Miller,MIA,2026,5,0.8095238095238095,6.0,0.025838509316770186,1.0,0.043064182194616975,1.0,3.6399999999999992,18.0,4.380952380952381,12.095238095238095,0.12239121534993269,0.043064182194616975,18.4,3.161904761904762,0.6,6.066666666666666,0.12239121534993269,3.371925465838509,1.3333333333333333,473.0,0.5238095238095238,0.08256420294001034,12.333333333333334,0.8,26.529774127310063
00-0038839,Mitchell Tinsley,CIN,2026,5,1.2222222222222223,5.0,0.1201810269101093,3.0,0.07329636392326593,1.3333333333333333,5.12,24.5,2.2222222222222223,18.333333333333332,0.20873326914026347,0.1320754716981132,23.2,4.388888888888889,1.6,3.5,0.3474666558230319,24.60706525984488,7.0,473.0,1.0,0.1411267475076637,4.0,5.0,26.962354551676935
00-0038976,Marvin Mims Jr.,DEN,2026,5,1.98,4.0,0.07654153008844085,0.5,0.06979405034324941,1.0,2.979999999999999,23.0,17.52,24.24,0.028433019845053753,0.039473684210526314,11.2,6.024,1.8,1.6666666666666667,0.09290036588798198,8.840546725214917,1.5,63.0,0.76,-0.1089400795283148,7.0,2.6,24.45448323066393
00-0038994,Jordan Addison,MIN,2026,5,3.72,2.0,0.19838651965883086,2.75,0.2683253588516746,3.6666666666666665,7.0,22.0,13.4,51.18,0.6730633674175731,0.2229831495735386,34.2,12.042,2.4,11.066666666666668,0.5642528121244446,18.400349698356564,5.5,23.0,2.2,0.38653618448580157,14.0,5.0,24.594113620807665
00-0038997,Josh Downs,IND,2026,5,4.215686274509804,1.0,0.20227198089267057,4.25,0.2507389162561577,5.0,9.36,21.0,19.49019607843137,45.92156862745098,0.6204298242692736,0.22253694581280786,52.6,10.121568627450982,4.2,10.499999999999998,0.5483897897150792,26.902173458725187,7.0,79.0,2.3137254901960786,0.3490306426929104,20.75,6.4,25.05407255304586
00-0039062,Jonathan Mingo,DAL,2026,5,1.7222222222222223,5.0,0.03647019997753061,0.5,0.04110774070329176,0.3333333333333333,0.4,28.0,6.25,17.22222222222222,0.09743556426316598,0.039922480620155035,2.0,3.4027777777777777,0.2,0.6666666666666666,0.09388172939426044,7.786387695202785,1.5,39.0,0.6388888888888888,0.051105647440326196,-0.5,1.2,25.366187542778917
00-0039064,Zay Flowers,BAL,2026,5,4.811320754716981,1.0,0.29955375253549693,6.0,0.29827586206896556,6.0,22.0,20.0,27.79245283018868,65.66037735849056,0.6860309996743719,0.29827586206896556,104.0,13.70566037735849,5.2,22.400000000000002,0.686030999674372,52.79634888438133,7.333333333333333,22.0,2.849056603773585,0.3408817236727482,55.0,6.6,25.971252566735114
00-0039075,Puka Nacua,LA,2026,5,7.108695652173913,1.0,0.29634834834834833,7.0,0.29021021021021015,8.0,25.660000000000004,28.75,41.34782608695652,95.43478260869566,0.6391935392361194,0.2866666666666666,109.4,20.004347826086956,8.2,22.033333333333335,0.6929203999480587,54.82444444444444,10.5,177.0,4.391304347826087,0.29125460560114885,39.5,11.6,25.259411362080765
00-0039146,Jayden Reed,GB,2026,5,3.55,7.0,0.13222988505747127,2.0,0.12316091954022988,2.6666666666666665,6.42,21.5,20.3,47.025,0.22907258221145588,0.10474137931034483,31.0,11.727500000000001,3.2,4.833333333333336,0.18632364994948625,23.008,4.0,50.0,1.75,0.06333028985873011,6.0,4.2,26.34360027378508
00-0039337,Malik Nabers,NYG,2026,5,6.304347826086956,1.0,0.22248768472906405,4.5,0.21736453201970443,4.0,9.76,20.0,24.17391304347826,73.17391304347827,0.4667310721278473,0.24060960591133004,45.6,16.32608695652174,4.0,10.633333333333335,0.5399990430121417,23.86180418719212,6.5,6.0,3.260869565217391,0.20097753442612956,10.5,5.8,23.096509240246405
00-0039355,Luke McCaffrey,WAS,2026,5,1.2608695652173914,6.0,0.041236559139784947,0.0,0.03333333333333335,1.0,3.14,23.5,7.217391304347826,16.130434782608695,0.06872427983539095,0.0,11.4,3.7434782608695656,0.8,1.8,0.0,6.247338709677419,0.0,100.0,0.6086956521739131,0.026748971193415638,0.0,1.2,25.415468856947296
00-0039365,Jacob Cowing,SF,2026,5,0.21052631578947367,4.0,0.03180497663256284,0.0,0.03713527851458886,0.0,1.1800000000000002,21.5,1.368421052631579,4.2105263157894735,0.10678403263252571,0.027851458885941646,6.0,0.6789473684210526,0.4,0.06666666666666667,0.08008802447439428,4.452696728558798,0.75,135.0,0.15789473684210525,0.07297302122948918,0.0,1.0,25.571526351813826
00-0039410,Ryan Flournoy,DAL,2026,5,2.25,3.0,0.18950172325690118,3.25,0.16994248562140535,3.6666666666666665,7.040000000000001,28.0,10.785714285714286,24.321428571428573,0.3416835340845077,0.16079019754938734,34.4,5.557142857142857,3.6,6.400000000000001,0.3192885405310183,40.4586179153484,5.75,216.0,1.4285714285714286,0.1239568652177138,16.0,6.0,26.847364818617386
00-0039424,Devaughn Vele,NO,2026,5,3.3461538461538463,2.0,0.185372934375165,5.25,0.1867464539007092,4.666666666666667,13.5,20.5,8.115384615384615,38.23076923076923,0.4705355203465003,0.1833290711947627,59.0,8.784615384615385,5.2,11.9,0.44063157337024317,36.19406543675097,7.75,235.0,2.1923076923076925,0.27202262785062364,12.5,7.4,28.720054757015742
00-0039451,Isaiah Williams,NYJ,2026,5,1.4074074074074074,3.0,0.1567764602547211,2.5,0.14074074074074075,3.0,7.660000000000001,21.0,6.888888888888889,12.37037037037037,0.3511813428846559,0.11642512077294687,31.8,3.488888888888889,3.0,9.733333333333334,0.28698202165624553,21.987898550724637,3.0,473.0,0.5185185185185185,0.20010033110506395,15.0,3.8,25.587953456536617
00-0039589,Kameron Johnson,TB,2026,5,0.2,5.0,0.015384615384615385,0.25,0.025641025641025644,0.3333333333333333,0.26,19.5,0.96,2.68,0.042591331971862954,0.019230769230769232,0.6,0.8039999999999999,0.2,0.43333333333333335,0.031943498978897214,1.926923076923077,0.5,473.0,0.12,0.0058997050147492625,1.0,0.4,24.459958932238195
00-0039623,Mason Tipton,NO,2026,5,1.4705882352941178,7.0,0.07631388447862905,,0.05696636925188744,1.6666666666666667,4.08,20.5,3.764705882352941,10.294117647058824,0.1176506145025779,,15.2,2.6058823529411765,2.2,3.066666666666667,,14.900285944452323,,473.0,0.35294117647058826,0.04600151517820963,,3.0,25.927446954141
00-0039739,Roman Wilson,PIT,2026,5,2.0,3.0,0.14343468214435956,3.5,0.16985223436836341,3.6666666666666665,8.959999999999999,23.5,11.538461538461538,27.23076923076923,0.40352944899011445,0.16792971631681308,37.6,6.415384615384616,2.8,13.066666666666665,0.4176348017303008,20.869746252004315,6.0,84.0,1.2307692307692308,0.21250156776795617,21.0,5.0,25.201916495550993
00-0039751,Jordan Whittington,LA,2026,5,1.3548387096774193,3.0,0.01957407407407407,1.0,0.025679012345679014,0.6666666666666666,1.2200000000000002,28.75,9.387096774193548,15.35483870967742,0.04892928768269633,0.03851851851851852,6.2,2.967741935483871,0.6,1.0666666666666667,0.0733939315240445,3.621203703703703,1.5,213.0,0.6774193548387096,0.014872527377396874,0.0,0.8,25.916495550992472
00-0039792,Devontez Walker,BAL,2026,5,0.6428571428571429,3.0,0.06111561866125761,0.6666666666666666,0.06264367816091954,0.6666666666666666,4.24,20.0,2.142857142857143,15.928571428571429,0.24543890189829085,0.06264367816091954,22.4,3.95,0.8,2.866666666666667,0.24543890189829087,10.771627789046653,1.6666666666666667,113.0,0.5714285714285714,0.2163905495098737,2.3333333333333335,1.4,25.201916495550993
00-0039816,Anthony Gould,IND,2026,5,0.13636363636363635,7.0,0.005555555555555555,0.0,0.0,0.0,0.26,21.0,0.5909090909090909,1.3181818181818181,0.0,0.0,0.6,0.2681818181818182,0.2,0.0,0.0,0.7388888888888888,0.0,142.0,0.045454545454545456,0.0,0.0,0.2,25.404517453798768
00-0039849,Marvin Harrison Jr.,ARI,2026,5,3.272727272727273,2.0,0.07247995247995248,1.25,0.08424908424908423,1.3333333333333333,3.9,24.5,8.333333333333334,47.81818181818182,0.23804211034607428,0.08345708345708346,17.0,10.418181818181818,1.0,5.0666666666666655,0.25284158180453714,8.172114642114643,3.25,4.0,2.3636363636363638,0.15952640567492574,2.0,2.8,24.057494866529773
00-0039855,Jalen McMillan,TB,2026,5,2.7222222222222223,7.0,0.09221428571428572,0.0,0.09285714285714286,2.6666666666666665,5.98,19.5,10.666666666666666,35.5,0.24133797710118576,0.02857142857142857,35.6,9.183333333333332,2.4,6.833333333333333,0.06950688905003626,11.549839285714286,1.0,92.0,1.7222222222222223,0.145788946879245,0.0,3.2,24.733744010951405
00-0039868,Troy Franklin,DEN,2026,5,2.638888888888889,5.0,0.05796939755444375,0.6666666666666666,0.046086872931515144,0.6666666666666666,2.6,23.0,12.75,28.333333333333332,0.18657493117674204,0.04608687293151512,13.0,6.986111111111111,1.2,2.4333333333333336,0.18657493117674195,6.695465417538252,1.3333333333333333,102.0,1.25,0.16777803111352751,4.666666666666667,1.8,23.567419575633128
00-0039880,Malik Washington,MIA,2026,5,2.5428571428571427,1.0,0.2520372400167797,4.25,0.2657410790403118,4.666666666666667,9.98,18.0,14.114285714285714,21.685714285714287,0.5586794046775406,0.2733798833543079,45.0,6.045714285714285,4.0,10.6,0.6065769752988782,32.890859822189746,7.0,184.0,1.0285714285714285,0.22866826588153277,29.5,6.4,25.864476386036962
00-0039890,Adonai Mitchell,NYJ,2026,5,1.8571428571428572,2.0,0.21157046810819188,4.5,0.20004391743522176,3.0,6.76,21.0,5.914285714285715,25.37142857142857,0.6465685261313053,0.23188405797101447,37.6,4.656000000000001,3.0,7.100000000000001,0.7189499249379294,29.672758152173913,7.5,52.0,1.0857142857142856,0.4950037856835325,13.0,6.6,23.89869952087611
00-0039893,Brian Thomas Jr.,JAX,2026,5,4.114285714285714,3.0,0.14277106198564823,2.25,0.1365692814968177,2.0,6.68,24.75,20.8,59.82857142857143,0.2978801125267517,0.138141246836899,30.8,12.80857142857143,2.4,6.166666666666665,0.3087996947846741,20.416261863947696,3.5,23.0,2.657142857142857,0.13289455754503587,1.75,3.8,23.89869952087611
00-0039901,Keon Coleman,BUF,2026,5,2.793103448275862,3.0,0.14062271062271062,3.5,0.17484737484737486,4.333333333333333,10.120000000000001,25.75,11.96551724137931,40.58620689655172,0.44019379463388414,0.14006410256410257,53.2,8.813793103448276,3.2,13.533333333333333,0.3453658793584792,22.88634615384615,4.0,33.0,2.0,0.25417533194688846,11.0,4.0,23.293634496919918
00-0039915,Ladd McConkey,LAC,2026,5,4.444444444444445,1.0,0.13103825684470846,3.0,0.11047196531067499,2.3333333333333335,8.080000000000002,19.5,20.083333333333332,58.916666666666664,0.2775629071417182,0.14766878879782105,42.8,12.725000000000001,2.6,5.700000000000003,0.36757388975799804,17.002213825600922,4.25,34.0,2.6944444444444446,0.15979279882243674,5.75,3.8,24.804928131416837
00-0039916,Ricky Pearsall,SF,2026,5,3.35,9.0,0.1655718050065876,,0.20761967501097933,4.333333333333333,7.26,21.5,9.4,46.4,0.5103905921284007,,40.2,9.105,3.2,10.833333333333334,,23.180052700922264,,31.0,2.35,0.28423011373133084,,4.8,25.976728268309376
00-0039919,Rome Odunze,CHI,2026,5,3.393939393939394,1.0,0.16769899771322921,3.5,0.17853679106051024,4.0,8.020000000000001,24.0,15.272727272727273,49.333333333333336,0.5116914589178579,0.16274874714153653,48.2,9.94848484848485,3.2,10.033333333333333,0.4764108657099754,28.257281114679124,5.0,9.0,2.515151515151515,0.3484089604672753,9.25,5.2,24.246406570841888
00-0039920,Malachi Corley,CLE,2026,5,0.6666666666666666,6.0,0.019047619047619046,0.0,0.0,0.0,1.1600000000000001,18.5,3.4761904761904763,4.523809523809524,0.0,0.0,4.0,1.7523809523809522,0.4,0.0,0.0,2.3904761904761904,0.0,65.0,0.2857142857142857,0.0,0.0,0.4,24.449007529089666
00-0040009,Savion Williams,GB,2026,5,0.8333333333333334,6.0,0.03154978354978355,,0.01333333333333333,0.3333333333333333,1.7200000000000002,21.5,5.083333333333333,6.5,0.046279863481228666,,9.4,2.1250000000000004,1.0,1.7333333333333336,,5.489662337662338,,87.0,0.25,0.03754266211604096,,1.0,24.774811772758383
00-0040024,Darius Cooper,PHI,2026,5,1.4,5.0,0.10305882352941179,1.25,0.1227450980392157,1.6666666666666667,7.040000000000001,17.75,4.3,15.1,0.30947116009461667,0.09205882352941178,18.4,4.71,1.6,9.633333333333333,0.23210337007096254,14.325176470588238,2.5,473.0,1.0,0.17907644719399027,5.25,3.0,24.774811772758383
00-0040075,LaJohntay Wester,BAL,2026,5,0.16666666666666666,5.0,0.030459770114942532,0.75,0.022988505747126436,0.3333333333333333,1.1800000000000002,20.0,1.2777777777777777,1.6111111111111112,0.04175170981487449,0.03807471264367816,5.8,0.3277777777777778,0.6,0.8000000000000002,0.06971991619015215,5.368534482758621,1.0,203.0,0.05555555555555555,0.010384215991692628,5.75,0.8,24.427104722792606
00-0040129,Emeka Egbuka,TB,2026,5,3.7142857142857144,1.0,0.18421800421800422,3.75,0.18750138750138748,3.3333333333333335,7.580000000000001,19.5,18.904761904761905,52.0,0.41387962777484794,0.19618159618159617,32.4,11.038095238095238,3.2,8.266666666666667,0.49654025696167203,23.07330502830503,6.0,19.0,1.9523809523809523,0.18946792360395245,15.5,5.4,23.88227241615332
00-0040130,Jayden Higgins,HOU,2026,5,2.411764705882353,7.0,0.12885992003639063,,0.14021762551174316,1.6666666666666667,7.520000000000001,22.5,7.235294117647059,30.88235294117647,0.36054093418341077,,33.2,7.617647058823529,1.8,9.933333333333334,,23.3558605065958,,34.0,1.6470588235294117,0.21459213702256577,,3.6,23.71252566735113
00-0040131,Kyle Williams,NE,2026,5,0.6666666666666666,5.0,0.05015873015873016,0.5,0.0835978835978836,0.6666666666666666,1.3800000000000001,24.5,5.222222222222222,14.055555555555555,0.1984152502289446,0.0626984126984127,8.8,3.088888888888889,0.4,2.1333333333333333,0.14881143767170846,7.586507936507936,1.75,69.0,0.5,0.10431203547445607,3.75,1.4,23.800136892539356
00-0040134,Pat Bryant,DEN,2026,5,2.3529411764705883,3.0,0.12351195652880972,2.25,0.059315418691333444,1.6666666666666667,7.8,23.0,12.117647058823529,30.058823529411764,0.15597125274803095,0.10004211957405564,32.8,6.276470588235294,2.6,7.8999999999999995,0.2478661207204435,14.265630979077523,3.0,74.0,1.7058823529411764,0.09571160673004399,14.75,3.4,23.72621492128679
00-0040138,Jaylin Noel,HOU,2026,5,1.619047619047619,4.0,0.07703059103059104,2.0,0.09846153846153845,2.0,6.279999999999999,22.5,6.761904761904762,22.761904761904763,0.2204187234603574,0.08735966735966737,39.8,4.642857142857143,1.8,7.266666666666667,0.199714747648147,13.961794624294626,3.0,79.0,0.9523809523809523,0.10389487966864246,10.75,2.6,23.991786447638603
00-0040154,Tai Felton,MIN,2026,5,0.2857142857142857,4.0,0.03945191040843214,0.5,0.03676767676767677,0.3333333333333333,1.2,22.0,1.4285714285714286,2.7857142857142856,0.07304581394469035,0.05515151515151515,6.0,0.5642857142857143,0.6,0.8000000000000002,0.10956872091703553,3.6591646903820814,1.5,102.0,0.14285714285714285,0.02556328399025028,3.0,1.0,23.46611909650924
00-0040164,Jaylin Lane,WAS,2026,5,0.9473684210526315,7.0,0.013563218390804599,0.5,0.011111111111111112,0.3333333333333333,0.9,23.5,3.263157894736842,13.157894736842104,0.014784946236559104,0.01695402298850575,5.0,2.931578947368421,0.4,1.0333333333333334,0.026227946052922453,2.0548275862068968,0.5,128.0,0.5789473684210527,-0.0026881720430107525,5.75,0.4,24.33675564681725
00-0040170,Elic Ayomanor,TEN,2026,5,2.3,3.0,0.14161446396740512,1.25,0.09929971988795515,1.3333333333333333,6.0600000000000005,15.0,7.9,31.4,0.24795542778514904,0.10126050420168067,32.6,6.94,1.6,4.733333333333334,0.2639083001621701,20.42788642729819,2.5,136.0,1.75,0.14143692564745192,10.75,4.0,23.247091033538673
00-0040172,Jordan Watkins,SF,2026,5,1.3333333333333333,5.0,0.06163915560830007,2.0,0.06163915560830007,1.3333333333333333,4.2,21.5,9.333333333333334,28.666666666666668,0.1639124018704289,0.07692307692307693,28.666666666666668,4.2,1.3333333333333333,4.2,0.19395604395604396,8.62948178516201,2.0,138.0,1.0,0.102076669225684,27.0,1.6666666666666667,24.542094455852155
00-0040184,KeAndre Lambert-Smith,LAC,2026,5,0.5,7.0,0.054745424354931994,,0.06651709919961192,1.0,3.0,19.5,2.1,5.1,0.16286554260833672,,10.0,1.61,0.8,2.1333333333333333,,7.103218810052426,,158.0,0.3,0.09012841972702684,,1.8,24.876112251882272
00-0040237,Tez Johnson,TB,2026,5,1.6842105263157894,4.0,0.06755392755392756,1.0,0.08509268509268508,1.3333333333333333,3.04,19.5,6.368421052631579,20.842105263157894,0.27187495530392225,0.07307877307877308,18.2,5.494736842105263,1.0,4.1333333333333355,0.22880909138081656,8.461129426129427,2.25,235.0,0.9473684210526315,0.20605132523556371,2.75,2.0,24.290212183436
00-0040277,Jahdae Walker,CHI,2026,5,1.0,5.0,0.0695844385499558,1.0,0.08149130562923666,1.6666666666666667,6.76,24.0,1.1428571428571428,12.571428571428571,0.19518090137926258,0.038461538461538464,17.6,4.828571428571428,1.4,7.900000000000001,0.05988666505907886,11.724977895667553,1.0,473.0,0.7142857142857143,0.104205632764868,0.0,2.2,24.15879534565366
00-0040405,Jamaal Pritchett,NYJ,2026,5,0.0,5.0,0.0,0.0,0.0,0.0,0.0,21.0,0.0,0.0,0.0,0.0,0.0,0.0,0.0,0.0,0.0,0.0,0.0,473.0,0.0,0.0,0.0,0.0,23.227926078028748
00-0040432,Beaux Collins,ATL,2026,5,0.5,6.0,0.049533799533799536,,0.06604506604506605,0.6666666666666666,1.125,23.5,1.5,6.25,0.1561145850096496,,6.25,1.125,0.5,1.5,,6.42701048951049,,473.0,0.25,0.08149569420292933,,1.5,23.709787816564
00-0040506,Myles Price,MIN,2026,5,0.1,5.0,0.022647527910685805,0.5,0.037745879851143006,0.6666666666666666,1.7600000000000002,22.0,0.2,0.3,0.062212941773899556,0.028309409888357256,1.2,0.44000000000000006,0.4,2.9333333333333336,0.04665970633042467,2.1005582137161083,0.75,473.0,0.0,0.007991602853121496,1.0,0.6,24.709103353867214
00-0040563,Efton Chism III,NE,2026,5,0.6363636363636364,4.0,0.07107936507936508,1.3333333333333333,0.07513227513227512,1.3333333333333333,6.247999999999999,24.5,3.6363636363636362,10.545454545454545,0.14221473210242344,0.07513227513227512,23.2,2.84,1.4,4.913333333333333,0.14221473210242344,10.750753968253967,2.3333333333333335,473.0,0.45454545454545453,0.04216617057715819,0.0,2.0,24.84873374401095
00-0040581,Dont'e Thornton Jr.,LV,2026,5,0.9090909090909091,6.0,0.07996936396936397,,0.09074259074259072,1.0,1.8200000000000003,21.0,3.4545454545454546,12.272727272727273,0.33170544046830414,,8.2,2.1363636363636362,1.0,1.7666666666666668,,8.776637695637696,,108.0,0.6363636363636364,0.2794165062205971,,2.2,23.753593429158112
00-0040582,Arian Smith,NYJ,2026,5,0.4666666666666667,8.0,0.0390098232969077,0.0,0.04479578392621871,0.0,0.33999999999999997,21.0,2.2,3.466666666666667,0.10151635473255483,0.021739130434782608,1.0,0.9,0.2,0.06666666666666667,0.040942028985507244,5.471127717391305,0.5,110.0,0.26666666666666666,0.04903239834746684,0.0,1.0,24.889801505817932
00-0040590,Konata Mumpfield,LA,2026,5,1.1428571428571428,4.0,0.07079920737063594,1.5,0.09664399092970521,2.0,4.64,28.75,4.142857142857143,14.571428571428571,0.253460584348329,0.08174225245653816,22.4,3.4571428571428577,1.2,7.733333333333333,0.21290589577758665,13.09785336356765,3.5,242.0,0.8571428571428571,0.15499228279110175,8.25,3.0,23.854893908281998
00-0040621,Montorie Foster Jr,SEA,2026,5,0.0,5.0,0.0,0.0,0.0,0.0,0.0,24.0,0.0,0.0,0.0,0.0,0.0,0.0,0.0,0.0,0.0,0.0,0.0,473.0,0.0,0.0,0.0,0.0,25.078713210130047
00-0040648,Tory Horton,SEA,2026,5,1.7,4.0,0.0856896551724138,2.0,0.09444444444444444,2.6666666666666665,7.24,24.0,3.9,21.5,0.23035675898780972,0.058333333333333334,20.4,8.05,1.6,12.066666666666668,0.14952064572809137,15.46698275862069,2.0,166.0,1.1,0.1267001318873472,3.0,2.4,23.756331279945243
00-0040667,Matthew Golden,GB,2026,5,2.611111111111111,2.0,0.25510480054090606,4.5,0.2251746675681767,4.0,11.959999999999999,21.5,11.5,35.27777777777778,0.6392232826778873,0.24388100067613253,56.4,7.111111111111111,3.8,14.166666666666666,0.6430368649934901,44.388235294117656,9.25,23.0,1.6111111111111112,0.4306589733223178,26.5,8.0,23.085557837097877
00-0040669,Isaac TeSlaa,DET,2026,5,1.3888888888888888,3.0,0.08772693788673017,2.25,0.12840529533828246,3.0,6.1,30.0,6.111111111111111,23.666666666666668,0.33187332717359513,0.10271422791396825,41.0,5.7555555555555555,2.0,9.233333333333334,0.2610566118796389,15.944370960913208,4.25,70.0,1.1666666666666667,0.19895054880881632,13.75,3.6,24.528405201916495
00-0040705,Chimere Dike,TEN,2026,5,2.4285714285714284,5.0,0.044242424242424236,0.75,0.021428571428571425,0.6666666666666666,2.2399999999999998,15.0,11.380952380952381,21.333333333333332,0.035213032581453634,0.024999999999999998,10.4,6.3619047619047615,1.2,1.2666666666666666,0.04256578947368421,6.381969696969696,0.75,103.0,1.0,0.004385964912280739,4.75,1.4,24.71457905544148
00-0040727,Tre Harris,LAC,2026,5,2.15,3.0,0.17378262183016002,3.25,0.16293205002882424,3.3333333333333335,7.74,19.5,10.85,26.65,0.4349108294524299,0.17775459307717373,47.4,5.165000000000001,3.0,9.633333333333335,0.4396446605508608,22.548295182463264,5.25,55.0,1.25,0.2721610777274193,19.5,5.4,24.50650239561944
00-0040729,Jack Bech,LV,2026,5,1.5625,7.0,0.10803665300217022,2.5,0.09460654288240496,1.6666666666666667,5.16,21.0,5.125,17.0,0.21250301611228126,0.10344827586206896,21.6,3.6375,1.8,5.266666666666667,0.22699142001593717,11.85702266698818,3.0,58.0,0.8125,0.10084743112667689,7.0,2.8,23.704312114989733
00-0040735,Luther Burden III,CHI,2026,5,3.473684210526316,2.0,0.2161299717970529,4.75,0.2501370440649378,4.666666666666667,10.879999999999999,24.0,21.736842105263158,45.8421052631579,0.6097651475806353,0.23567970612562644,50.8,9.200000000000001,4.4,12.466666666666669,0.5491884616018016,36.417900247803416,7.25,39.0,1.894736842105263,0.3350851164046123,19.75,6.6,22.72142368240931
00-0040782,Isaiah Bond,CLE,2026,5,1.1764705882352942,4.0,0.04047054394880482,1.0,0.05295815295815296,1.0,2.1,18.5,4.823529411764706,20.58823529411765,0.153562773117886,0.031818181818181815,12.4,3.405882352941177,0.8,1.9666666666666668,0.07320130253397186,5.079053265575005,1.0,473.0,0.7058823529411765,0.10589363382950938,1.5,1.0,22.46406570841889
00-0040785,Dohnte Meyers,CIN,2026,5,2.75,4.0,0.09165407127796588,2.75,0.11240150680199372,3.3333333333333335,6.2250000000000005,24.5,17.25,32.25,0.21361888835196874,0.09165407127796588,32.25,6.2250000000000005,2.75,7.033333333333334,0.1727922505950541,18.766171094163514,4.0,473.0,2.0,0.06430946878425452,17.25,4.0,26.154688569472963
00-0040867,Makai Lemon,PHI,2026,5,2.5,3.0,0.15280748663101604,2.5,0.1431372549019608,2.3333333333333335,4.0,17.75,5.75,16.25,0.32767465536811274,0.15280748663101604,16.25,4.0,2.5,4.5,0.31393780970790275,21.240240641711228,3.75,20.0,1.25,0.16138396145024514,5.75,3.75,22.247775496235455
00-0040870,Ja'Kobi Lane,BAL,2026,5,1.0,7.0,0.125,1.0,0.125,1.0,2.1,20.0,4.0,11.0,0.26556691449814124,0.125,11.0,2.1,1.0,2.1,0.26556691449814124,22.03125,3.0,80.0,0.0,0.11152416356877323,4.0,3.0,22.072553045859
00-0040876,Elijah Sarratt,BAL,2026,5,1.0,6.0,0.06896551724137931,1.0,0.06896551724137931,1.0,2.3,20.0,4.0,13.0,0.1751555929352397,0.06896551724137931,13.0,2.3,1.0,2.3,0.1751555929352397,12.155172413793103,2.0,115.0,1.0,0.1024390243902439,4.0,2.0,23.263518138261464
00-0040894,Malik Benson,LV,2026,5,0.25,5.0,0.034195402298850576,0.25,0.02260536398467433,0.0,0.2,21.0,1.75,1.5,0.09035756426398561,0.034195402298850576,1.5,0.2,0.25,0.0,0.11763466694226751,3.7529454022988507,1.0,195.0,0.0,0.0806421689813916,1.75,1.0,23.874058863791923
00-0040948,J. Michael Sturdivant,GB,2026,5,1.0,5.0,0.030718954248366015,1.0,0.030718954248366015,1.0,1.7333333333333334,21.5,0.0,7.333333333333333,0.11886359194840727,0.030718954248366015,7.333333333333333,1.7333333333333334,1.0,1.7333333333333334,0.11886359194840727,5.345098039215687,1.3333333333333333,473.0,0.6666666666666666,0.10397880082265465,0.0,1.3333333333333333,23.98631074606434
00-0041037,Denzel Boston,CLE,2026,5,3.25,1.0,0.19015151515151515,3.25,0.19292929292929295,3.6666666666666665,13.85,18.5,27.25,71.0,0.6350887656015981,0.19015151515151515,71.0,13.85,3.25,13.833333333333334,0.6319983923830167,23.86401515151515,5.5,39.0,2.5,0.49384975172522655,27.25,5.5,22.7378507871321
00-0041040,Antonio Williams,WAS,2026,5,3.0,3.0,0.14543047103899032,3.0,0.14793028322440085,2.6666666666666665,7.6,23.5,5.75,31.0,0.3360216731023173,0.14543047103899032,31.0,7.6,3.0,4.666666666666667,0.334103168783009,22.032716362407033,4.75,71.0,1.25,0.16303749752245134,5.75,4.75,22.132785763175907
00-0041042,Malachi Fields,NYG,2026,5,2.0,2.0,0.13102935139573071,2.0,0.12872879036672139,2.0,6.65,20.0,8.25,31.5,0.3458811616740016,0.13102935139573071,31.5,6.65,2.0,7.366666666666667,0.3618492949008214,14.05289793719212,3.75,74.0,1.5,0.21826853731988502,8.25,3.75,23.017111567419576
00-0041044,Zachariah Branch,ATL,2026,5,1.25,4.0,0.06286816269284712,1.25,0.08382421692379616,1.6666666666666667,2.0250000000000004,23.5,9.75,7.75,0.14120634591713052,0.06286816269284712,7.75,2.0250000000000004,1.25,2.7000000000000006,0.10590475943784788,8.157144109396913,1.5,79.0,0.25,0.022100029330623227,9.75,1.5,22.425735797399042
00-0041048,Ted Hurst III,TB,2026,5,2.0,3.0,0.1310828060828061,2.0,0.13774003774003774,1.6666666666666667,6.7,19.5,6.25,32.0,0.3847738585191931,0.1310828060828061,32.0,6.7,2.0,6.733333333333334,0.3718554521644531,16.41812146187146,4.0,84.0,1.5,0.25451971701305215,6.25,4.0,22.16563997262149
00-0041051,Zavion Thomas,CHI,2026,5,0.3333333333333333,4.0,0.00980392156862745,0.3333333333333333,0.00980392156862745,0.3333333333333333,0.3666666666666667,24.0,1.6666666666666667,0.3333333333333333,0.010240172624073552,0.00980392156862745,0.3333333333333333,0.3666666666666667,0.3333333333333333,0.3666666666666667,0.010240172624073552,1.6519607843137254,0.3333333333333333,89.0,0.0,-0.006379585326953748,1.6666666666666667,0.3333333333333333,22.546201232032853
00-0041067,Bryce Lance,NO,2026,5,1.25,3.0,0.0723890139116203,1.25,0.07087765957446808,0.6666666666666666,2.6750000000000003,20.5,1.75,14.25,0.21176028085920037,0.0723890139116203,14.25,2.6750000000000003,1.25,1.1666666666666667,0.20215911811374254,14.133954966243863,3.25,136.0,0.5,0.15063398785356893,1.75,3.25,24.032854209445585
00-0041069,Colbie Young,CIN,2026,5,1.0,3.0,0.02964254577157803,1.0,0.02964254577157803,1.0,1.4500000000000002,24.5,1.0,4.5,0.05795389833241782,0.02964254577157803,4.5,1.4500000000000002,1.0,1.4500000000000002,0.05795389833241782,6.069311246730602,1.0,140.0,0.0,0.019271542392929674,1.0,1.0,24.10677618069815
00-0041099,Barion Brown,NO,2026,5,0.0,5.0,0.0,0.0,0.0,0.0,-0.06666666666666665,20.5,0.0,0.0,0.0,0.0,0.0,-0.06666666666666665,0.0,-0.06666666666666665,0.0,0.0,0.0,190.0,0.0,0.0,0.0,0.0,22.72142368240931
00-0041100,Josh Cameron,JAX,2026,5,1.25,4.0,0.06406717276282493,1.25,0.053676865271068165,1.0,6.1,24.75,10.25,18.5,0.11652352835927715,0.06406717276282493,18.5,6.1,1.25,4.8,0.1361234609093634,9.161605705083966,1.5,191.0,1.25,0.05144032921810699,10.25,1.5,23.457905544147845
00-0041132,Deion Burks,IND,2026,5,0.5,5.0,0.034482758620689655,0.5,0.034482758620689655,0.5,1.5,21.0,1.0,3.0,0.14195851293103448,0.034482758620689655,3.0,1.5,0.5,1.5,0.14195851293103448,4.586206896551724,1.0,254.0,0.0,0.12890625,1.0,1.0,23.64681724845996
00-0041267,Malik McClain,NYJ,2026,5,0.0,4.0,0.0,0.0,0.0,0.0,0.0,21.0,0.0,0.0,0.0,0.0,0.0,0.0,0.0,0.0,0.0,0.0,0.0,473.0,0.0,0.0,0.0,0.0,23.89869952087611
00-0041397,Kaden Wetjen,PIT,2026,5,0.0,6.0,0.0,0.0,0.0,0.0,0.0,23.5,0.0,0.0,0.0,0.0,0.0,0.0,0.0,0.0,0.0,0.0,0.0,121.0,0.0,0.0,0.0,0.0,24.48186173853525
00-0041438,Carnell Tate,TEN,2026,5,5.5,1.0,0.2985294117647059,5.5,0.3266106442577031,6.0,11.7,15.0,15.75,67.0,0.841377954690648,0.2985294117647059,67.0,11.7,5.5,13.0,0.7731011351909184,43.06286764705882,8.0,4.0,2.75,0.5020885547201336,15.75,8.0,21.61533196440794
00-0041489,Germie Bernard,PIT,2026,5,2.3333333333333335,4.0,0.09991877733813219,2.3333333333333335,0.09991877733813219,2.3333333333333335,4.333333333333333,23.5,4.666666666666667,20.0,0.2391121173667555,0.09991877733813219,20.0,4.333333333333333,2.3333333333333335,4.333333333333333,0.2391121173667555,14.538182102698233,3.6666666666666665,47.0,1.0,0.12747707337079603,4.666666666666667,3.6666666666666665,22.748802190280628
00-0041511,Omar Cooper Jr.,NYJ,2026,5,1.0,7.0,0.043478260869565216,1.0,0.043478260869565216,1.0,4.0,21.0,26.0,30.0,0.08188405797101449,0.043478260869565216,30.0,4.0,1.0,4.0,0.08188405797101449,6.0978260869565215,1.0,30.0,1.0,0.023809523809523808,26.0,1.0,22.715947980835043
00-0041523,Caleb Douglas,MIA,2026,5,3.5,2.0,0.19484702093397743,3.5,0.19484702093397743,3.5,9.15,18.0,20.5,56.5,0.43734818215449445,0.19484702093397743,56.5,9.15,3.5,9.15,0.43734818215449445,25.427536231884055,5.0,75.0,2.5,0.20725378679075468,20.5,5.0,22.978781656399725
00-0041525,Chris Bell,MIA,2026,5,1.25,3.0,0.12350573079473336,1.25,0.13998294970161979,1.3333333333333333,3.55,18.0,9.25,23.0,0.40672797628107277,0.12350573079473336,23.0,3.55,1.25,3.5666666666666664,0.35661016775557264,16.117497868712704,3.25,94.0,1.0,0.2810765024694902,9.25,3.25,22.234086242299796
00-0041529,Kevin Coleman Jr.,MIA,2026,5,0.6666666666666666,4.0,0.14121796866894906,0.6666666666666666,0.14121796866894906,0.6666666666666666,0.8666666666666667,18.0,0.6666666666666666,2.0,0.33921037523191483,0.14121796866894906,2.0,0.8666666666666667,0.6666666666666666,0.8666666666666667,0.33921037523191483,18.42894491129785,3.3333333333333335,177.0,0.0,0.1819763174692732,0.6666666666666666,3.3333333333333335,22.976043805612594
00-0041547,KC Concepcion,CLE,2026,5,4.25,2.0,0.24242424242424243,4.25,0.2474747474747475,4.333333333333333,7.575,18.5,17.25,36.0,0.5036113786183276,0.24242424242424243,36.0,7.575,4.25,7.5,0.5112910698489131,30.424242424242426,7.0,24.0,1.5,0.1891417962945805,17.25,7.0,21.935660506502394
00-0041550,Brenen Thompson,LAC,2026,5,1.0,4.0,0.11538461538461539,1.0,0.11538461538461539,1.0,2.3,19.5,0.0,13.0,0.28757506434086355,0.11538461538461539,13.0,2.3,1.0,2.3,0.28757506434086355,14.971153846153847,3.0,105.0,1.0,0.16356877323420074,0.0,3.0,23.104722792607802
