,player_id,display_name,predicted_receptions,predicted_receiving_yards,predicted_receiving_tds,receiving_yards_season_avg,receptions_season_avg,receiving_tds_season_avg,projected_std_points,projected_ppr_points
2,00-0036963,Amon-Ra St. Brown,6.6174793,82.39292,1.141442,76.85714285714286,7.666666666666667,1.0,15.0879,21.7054
3,00-0036963,Amon-Ra St. Brown,6.6174793,82.39292,1.1117748,76.85714285714286,7.666666666666667,0.875,14.9099,21.5274
8,00-0037239,Chris Olave,6.9156795,76.009285,0.64358777,62.875,6.333333333333333,0.3333333333333333,11.4625,18.3781
4,00-0036358,CeeDee Lamb,6.8686824,80.080894,0.5025372,101.5,7.0,0.25,11.0233,17.892
5,00-0036358,CeeDee Lamb,6.8686824,80.080894,0.4293334,101.5,7.0,0.2,10.5841,17.4528
16,00-0036900,Ja'Marr Chase,4.889562,71.442276,0.7630911,90.0,12.666666666666666,0.5555555555555556,11.7228,16.6123
9,00-0037239,Chris Olave,6.9156795,76.009285,0.3297061,62.875,6.333333333333333,0.375,9.5792,16.4948
17,00-0036900,Ja'Marr Chase,4.889562,71.442276,0.7033312,90.0,12.666666666666666,0.625,11.3642,16.2538
6,00-0031381,Davante Adams,4.437072,78.603065,0.63613796,61.57142857142857,4.666666666666667,0.8571428571428571,11.6771,16.1142
14,00-0035719,Deebo Samuel Sr.,7.1841903,72.50149,0.2705559,46.57142857142857,5.0,0.375,8.8735,16.0577
0,00-0038994,Jordan Addison,4.473972,89.64242,0.41760096,77.25,5.666666666666667,0.5,11.4698,15.9438
32,00-0037238,Drake London,5.5705156,66.461494,0.6189041,78.16666666666667,7.333333333333333,0.3333333333333333,10.3596,15.9301
7,00-0031381,Davante Adams,4.437072,78.603065,0.50167054,61.57142857142857,4.666666666666667,1.0,10.8703,15.3074
52,00-0039067,Rashee Rice,6.6355247,54.854355,0.5175462,67.5,9.333333333333334,1.5,8.5907,15.2262
53,00-0039067,Rashee Rice,6.6355247,54.854355,0.50654393,67.5,9.333333333333334,1.0,8.5247,15.1602
12,00-0039064,Zay Flowers,5.77618,74.05269,0.3255247,69.42857142857143,6.0,0.125,9.3584,15.1346
1,00-0038994,Jordan Addison,4.473972,89.64242,0.27128488,77.25,5.666666666666667,0.4,10.592,15.0659
54,00-0039075,Puka Nacua,5.0464487,54.796246,0.74760014,102.66666666666669,8.333333333333334,0.3333333333333333,9.9652,15.0117
13,00-0039064,Zay Flowers,5.77618,74.05269,0.3021752,69.42857142857143,6.0,0.1428571428571428,9.2183,14.9945
10,00-0036410,Tee Higgins,3.8293145,74.89103,0.58617705,45.0,4.0,0.6666666666666666,11.0062,14.8355
40,00-0040124,Tetairoa McMillan,5.8867245,60.40764,0.4669654,64.0,4.333333333333333,0.25,8.8426,14.7293
33,00-0037238,Drake London,5.5705156,66.461494,0.4153475,78.16666666666667,7.333333333333333,0.7142857142857143,9.1382,14.7088
15,00-0035719,Deebo Samuel Sr.,7.1841903,72.50149,0.042493913,46.57142857142857,5.0,0.4285714285714285,7.5051,14.6893
26,00-0036322,Justin Jefferson,5.313463,66.73547,0.42053294,86.0,6.333333333333333,0.1428571428571428,9.1967,14.5102
24,00-0039919,Rome Odunze,4.9206743,66.801506,0.48222658,67.57142857142857,3.6666666666666665,0.625,9.5735,14.4942
50,00-0037247,George Pickens,5.1303363,55.97487,0.6252092,85.625,6.666666666666667,0.75,9.3487,14.4791
27,00-0036322,Justin Jefferson,5.313463,66.73547,0.4120529,86.0,6.333333333333333,0.25,9.1459,14.4593
60,00-0037545,Rashid Shaheed,4.297581,52.762325,0.81395733,53.875,5.666666666666667,0.25,10.16,14.4576
61,00-0037545,Rashid Shaheed,4.297581,52.762325,0.812128,53.875,5.666666666666667,0.2222222222222222,10.149,14.4466
25,00-0039919,Rome Odunze,4.9206743,66.801506,0.4699979,67.57142857142857,3.6666666666666665,0.7142857142857143,9.5001,14.4208
28,00-0031588,Stefon Diggs,5.3288565,66.68934,0.40058532,58.75,4.333333333333333,0.125,9.0724,14.4013
29,00-0031588,Stefon Diggs,5.3288565,66.68934,0.39994806,58.75,4.333333333333333,0.2222222222222222,9.0686,14.3975
36,00-0030279,Keenan Allen,5.9620633,65.75809,0.30640525,59.875,6.333333333333333,0.5,8.4142,14.3763
20,00-0038544,Quentin Johnston,4.9268975,69.37204,0.39321306,67.83333333333333,4.666666666666667,0.8333333333333334,9.2965,14.2234
21,00-0038544,Quentin Johnston,4.9268975,69.37204,0.37482333,67.83333333333333,4.666666666666667,0.8571428571428571,9.1861,14.113
37,00-0030279,Keenan Allen,5.9620633,65.75809,0.25360495,59.875,6.333333333333333,0.4444444444444444,8.0974,14.0595
44,00-0036554,Nico Collins,5.5124874,58.374176,0.44498524,56.5,4.0,0.5,8.5073,14.0198
55,00-0039075,Puka Nacua,5.0464487,54.796246,0.57221967,102.66666666666669,8.333333333333334,0.4285714285714285,8.9129,13.9594
38,00-0038997,Josh Downs,4.7777305,65.73719,0.42323306,36.57142857142857,5.0,0.375,9.1131,13.8908
39,00-0038997,Josh Downs,4.7777305,65.73719,0.4056679,36.57142857142857,5.0,0.2857142857142857,9.0077,13.7855
11,00-0036410,Tee Higgins,3.8293145,74.89103,0.4054678,45.0,4.0,0.5,9.9219,13.7512
22,00-0037816,Romeo Doubs,4.5416465,69.056465,0.37163082,50.0,4.666666666666667,0.5,9.1354,13.6771
34,00-0034348,Courtland Sutton,4.201687,66.24961,0.44057107,67.0,3.6666666666666665,0.375,9.2684,13.4701
41,00-0040124,Tetairoa McMillan,5.8867245,60.40764,0.2521963,64.0,4.333333333333333,0.2222222222222222,7.5539,13.4407
42,00-0038117,Wan'Dale Robinson,5.2198973,60.028923,0.3616933,61.75,5.0,0.2222222222222222,8.1731,13.3929
43,00-0038117,Wan'Dale Robinson,5.2198973,60.028923,0.36024123,61.75,5.0,0.25,8.1643,13.3842
18,00-0035640,DK Metcalf,4.0185056,69.943825,0.39262158,65.85714285714286,4.0,0.7142857142857143,9.3501,13.3686
23,00-0037816,Romeo Doubs,4.5416465,69.056465,0.29506755,50.0,4.666666666666667,0.5714285714285714,8.6761,13.2177
51,00-0037247,George Pickens,5.1303363,55.97487,0.4105988,85.625,6.666666666666667,0.6666666666666666,8.0611,13.1914
30,00-0039342,Xavier Legette,5.0567875,66.53669,0.21413888,26.5,4.333333333333333,0.3333333333333333,7.9385,12.9953
56,00-0038543,Jaxon Smith-Njigba,5.935619,54.44009,0.2689648,117.0,8.0,0.5,7.0578,12.9934
57,00-0038543,Jaxon Smith-Njigba,5.935619,54.44009,0.26217178,117.0,8.0,0.5714285714285714,7.017,12.9527
31,00-0039342,Xavier Legette,5.0567875,66.53669,0.18827187,26.5,4.333333333333333,0.2857142857142857,7.7833,12.8401
81,00-0036252,Michael Pittman,4.7281914,43.680687,0.60266036,55.75,5.666666666666667,0.6666666666666666,7.984,12.7122
48,00-0039915,Ladd McConkey,5.5606833,56.095905,0.25400305,58.5,7.333333333333333,0.375,7.1336,12.6943
35,00-0034348,Courtland Sutton,4.201687,66.24961,0.3010424,67.0,3.6666666666666665,0.4444444444444444,8.4312,12.6329
49,00-0039915,Ladd McConkey,5.5606833,56.095905,0.22814034,58.5,7.333333333333333,0.3333333333333333,6.9784,12.5391
19,00-0035640,DK Metcalf,4.0185056,69.943825,0.23172775,65.85714285714286,4.0,0.625,8.3847,12.4033
45,00-0036554,Nico Collins,5.5124874,58.374176,0.16926263,56.5,4.0,0.4285714285714285,6.853,12.3655
75,00-0035662,Marquise Brown,4.1507974,48.75302,0.50026363,39.5,2.0,0.5,7.8769,12.0277
85,00-0037664,Alec Pierce,3.5405488,42.36679,0.6604717,64.33333333333333,3.0,0.0,8.1995,11.7401
70,00-0039916,Ricky Pearsall,4.338808,50.558086,0.37689206,81.75,5.333333333333333,0.0,7.3172,11.656
82,00-0036252,Michael Pittman,4.7281914,43.680687,0.39581782,55.75,5.666666666666667,0.75,6.743,11.4712
71,00-0036259,Jauan Jennings,3.3030825,50.013203,0.52557033,35.333333333333336,3.0,0.2857142857142857,8.1547,11.4578
58,00-0037837,Calvin Austin III,3.3492444,53.832165,0.41747797,33.4,3.0,0.4,7.8881,11.2373
68,00-0038608,Kayshon Boutte,4.255077,50.695072,0.2861317,53.875,3.333333333333333,0.625,6.7863,11.0414
66,00-0036613,Jaylen Waddle,4.132688,51.53078,0.28392008,63.0,4.0,0.5,6.8566,10.9893
46,00-0039893,Brian Thomas Jr.,3.6516142,56.138752,0.28717637,52.142857142857146,5.0,0.125,7.3369,10.9885
64,00-0039868,Troy Franklin,3.9496403,52.36187,0.2822081,44.75,4.0,0.4444444444444444,6.9294,10.8791
62,00-0034960,Jakobi Meyers,3.9139347,52.385418,0.28173643,54.833333333333336,4.0,0.0,6.929,10.8429
67,00-0036613,Jaylen Waddle,4.132688,51.53078,0.2323003,63.0,4.0,0.4444444444444444,6.5469,10.6796
65,00-0039868,Troy Franklin,3.9496403,52.36187,0.24560179,44.75,4.0,0.5,6.7098,10.6594
90,00-0040705,Chimere Dike,3.5309231,39.984894,0.5085575,27.0,4.333333333333333,0.125,7.0498,10.5808
47,00-0039893,Brian Thomas Jr.,3.6516142,56.138752,0.20859025,52.142857142857146,5.0,0.1428571428571428,6.8654,10.517
73,00-0034775,Christian Kirk,3.5346344,49.31017,0.3398604,36.333333333333336,3.333333333333333,0.0,6.9702,10.5048
76,00-0035662,Marquise Brown,4.1507974,48.75302,0.23448743,39.5,2.0,0.4444444444444444,6.2822,10.433
63,00-0034960,Jakobi Meyers,3.9139347,52.385418,0.19388554,54.833333333333336,4.0,0.0,6.4019,10.3158
74,00-0034775,Christian Kirk,3.5346344,49.31017,0.30084437,36.333333333333336,3.333333333333333,0.0,6.7361,10.2707
69,00-0038608,Kayshon Boutte,4.255077,50.695072,0.1471985,53.875,3.333333333333333,0.5555555555555556,5.9527,10.2078
87,00-0037240,Jameson Williams,2.235319,41.892605,0.5896284,41.285714285714285,2.333333333333333,0.375,7.727,9.9623
77,00-0037261,Khalil Shakir,3.9443069,46.979214,0.21877404,50.85714285714285,5.0,0.4285714285714285,6.0106,9.9549
92,00-0039901,Keon Coleman,3.926639,39.85159,0.33691147,38.142857142857146,3.333333333333333,0.25,6.0066,9.9333
86,00-0037664,Alec Pierce,3.5405488,42.36679,0.34337446,64.33333333333333,3.0,0.0,6.2969,9.8375
72,00-0036259,Jauan Jennings,3.3030825,50.013203,0.24352749,35.333333333333336,3.0,0.1666666666666666,6.4625,9.7656
99,00-0033555,Mack Hollins,3.603607,37.020252,0.39965782,29.714285714285715,3.6666666666666665,0.2857142857142857,6.1,9.7036
78,00-0037261,Khalil Shakir,3.9443069,46.979214,0.1728401,50.85714285714285,5.0,0.375,5.735,9.6793
79,00-0033307,Kendrick Bourne,4.0706277,44.176163,0.19632395,61.285714285714285,3.333333333333333,0.0,5.5956,9.6662
121,00-0038563,Tre Tucker,3.592842,31.646824,0.47817072,55.57142857142857,4.666666666666667,0.5714285714285714,6.0337,9.6265
59,00-0037837,Calvin Austin III,3.3492444,53.832165,0.14231646,33.4,3.0,0.3333333333333333,6.2371,9.5864
93,00-0039901,Keon Coleman,3.926639,39.85159,0.2577702,38.142857142857146,3.333333333333333,0.2857142857142857,5.5318,9.4584
80,00-0033307,Kendrick Bourne,4.0706277,44.176163,0.11910084,61.285714285714285,3.333333333333333,0.0,5.1322,9.2028
91,00-0040705,Chimere Dike,3.5309231,39.984894,0.24861072,27.0,4.333333333333333,0.1428571428571428,5.4902,9.0211
100,00-0033555,Mack Hollins,3.603607,37.020252,0.27432764,29.714285714285715,3.6666666666666665,0.25,5.348,8.9516
83,00-0039849,Marvin Harrison Jr.,2.66985,42.632698,0.26617622,56.57142857142857,2.6666666666666665,0.375,5.8603,8.5302
113,00-0030564,DeAndre Hopkins,2.2948415,32.91163,0.48499516,27.428571428571427,1.6666666666666667,0.25,6.2011,8.496
125,00-0031236,Brandin Cooks,2.0949113,31.063011,0.54290307,18.625,1.6666666666666667,0.0,6.3637,8.4586
98,00-0034837,Calvin Ridley,2.7707498,37.37435,0.32444584,48.333333333333336,2.6666666666666665,0.0,5.6841,8.4549
126,00-0031236,Brandin Cooks,2.0949113,31.063011,0.54089123,18.625,1.6666666666666667,0.0,6.3516,8.4466
84,00-0039849,Marvin Harrison Jr.,2.66985,42.632698,0.24043413,56.57142857142857,2.6666666666666665,0.2857142857142857,5.7059,8.3757
88,00-0037240,Jameson Williams,2.235319,41.892605,0.31154174,41.285714285714285,2.333333333333333,0.2857142857142857,6.0585,8.2938
122,00-0038563,Tre Tucker,3.592842,31.646824,0.24826106,55.57142857142857,4.666666666666667,0.5,4.6542,8.2471
105,00-0039894,Xavier Worthy,3.2260587,34.99098,0.2404334,38.833333333333336,3.333333333333333,0.1666666666666666,4.9417,8.1678
101,00-0039880,Malik Washington,3.080545,35.232536,0.25961313,16.875,4.333333333333333,0.125,5.0809,8.1615
117,00-0038619,Andrei Iosivas,2.4821315,32.42494,0.35877597,28.33333333333333,1.3333333333333333,0.1428571428571428,5.3951,7.8773
94,00-0035535,Darius Slayton,2.640696,39.07867,0.2210638,32.0,2.6666666666666665,0.0,5.2342,7.8749
107,00-0039739,Roman Wilson,2.3186352,34.83541,0.34371498,27.5,2.333333333333333,0.2,5.5458,7.8645
96,00-0036309,Darnell Mooney,2.7131643,37.46142,0.23375456,31.6,1.6666666666666667,0.0,5.1487,7.8618
102,00-0039880,Malik Washington,3.080545,35.232536,0.20424162,16.875,4.333333333333333,0.1111111111111111,4.7487,7.8292
97,00-0036309,Darnell Mooney,2.7131643,37.46142,0.22292681,31.6,1.6666666666666667,0.0,5.0837,7.7969
103,00-0040667,Matthew Golden,2.634107,35.017952,0.27293378,36.142857142857146,3.333333333333333,0.0,5.1394,7.7735
106,00-0039894,Xavier Worthy,3.2260587,34.99098,0.161515,38.833333333333336,3.333333333333333,0.1428571428571428,4.4682,7.6942
89,00-0033908,Cooper Kupp,2.8034828,40.298058,0.14146583,41.85714285714285,3.0,0.1428571428571428,4.8786,7.6821
104,00-0040667,Matthew Golden,2.634107,35.017952,0.2529118,36.142857142857146,3.333333333333333,0.0,5.0193,7.6534
95,00-0035535,Darius Slayton,2.640696,39.07867,0.17534055,32.0,2.6666666666666665,0.0,4.9599,7.6006
114,00-0030564,DeAndre Hopkins,2.2948415,32.91163,0.32975265,27.428571428571427,1.6666666666666667,0.2857142857142857,5.2697,7.5645
118,00-0038619,Andrei Iosivas,2.4821315,32.42494,0.26458532,28.33333333333333,1.3333333333333333,0.0,4.83,7.3121
111,00-0039491,Jalen Coker,2.5375319,33.231396,0.23530398,18.0,3.333333333333333,0.0,4.735,7.2725
123,00-0034827,DJ Moore,2.818658,31.111467,0.21286301,45.71428571428572,3.333333333333333,0.125,4.3883,7.207
112,00-0039491,Jalen Coker,2.5375319,33.231396,0.2231586,18.0,3.333333333333333,0.0,4.6621,7.1996
138,00-0038124,Christian Watson,3.081839,21.742926,0.31400687,85.0,1.3333333333333333,0.0,4.0583,7.1402
115,00-0036550,Rashod Bateman,2.87286,32.743343,0.14238605,24.428571428571427,1.0,0.25,4.1287,7.0015
127,00-0038976,Marvin Mims Jr.,2.489047,29.587898,0.25699952,29.25,2.6666666666666665,0.125,4.5008,6.9898
110,00-0035659,Terry McLaurin,3.2649994,34.070004,0.05099793,50.75,3.6666666666666665,0.25,3.713,6.978
108,00-0039739,Roman Wilson,2.3186352,34.83541,0.19542687,27.5,2.333333333333333,0.25,4.6561,6.9747
135,00-0040648,Tory Horton,2.0260763,23.678629,0.40700966,18.83333333333333,1.0,0.5,4.8099,6.836
146,00-0040170,Elic Ayomanor,1.8750001,16.037348,0.5283581,34.625,3.0,0.2222222222222222,4.7739,6.6489
109,00-0039751,Jordan Whittington,2.24304,34.352562,0.16047773,20.166666666666668,2.333333333333333,0.0,4.3981,6.6412
116,00-0036550,Rashod Bateman,2.87286,32.743343,0.06886225,24.428571428571427,1.0,0.1428571428571428,3.6875,6.5604
136,00-0040648,Tory Horton,2.0260763,23.678629,0.35318977,18.83333333333333,1.0,0.7142857142857143,4.487,6.5131
129,00-0035208,Olamide Zaccheaus,2.7966156,27.429548,0.1597518,26.428571428571427,3.6666666666666665,0.0,3.7015,6.4981
124,00-0034827,DJ Moore,2.818658,31.111467,0.07627312,45.71428571428572,3.333333333333333,0.1428571428571428,3.5688,6.3874
139,00-0038124,Christian Watson,3.081839,21.742926,0.14547764,85.0,1.3333333333333333,0.0,3.0472,6.129
130,00-0035208,Olamide Zaccheaus,2.7966156,27.429548,0.07183998,26.428571428571427,3.6666666666666665,0.125,3.174,5.9706
119,00-0038559,Michael Wilson,2.4056017,31.766636,0.063688695,19.428571428571427,3.0,0.1428571428571428,3.5588,5.9644
128,00-0033891,Zay Jones,2.6965885,27.944464,0.06253778,36.6,3.0,0.0,3.1697,5.8663
134,00-0037666,Jalen Tolbert,2.4188056,24.15028,0.17185627,21.5,1.3333333333333333,0.125,3.4462,5.865
142,00-0038606,Parker Washington,2.2009466,19.16291,0.2863643,34.5,2.6666666666666665,0.1428571428571428,3.6345,5.8354
131,00-0037291,Jalen Nailor,2.091286,26.886078,0.15455656,23.142857142857142,1.6666666666666667,0.1428571428571428,3.6159,5.7072
120,00-0038559,Michael Wilson,2.4056017,31.766636,0.013128614,19.428571428571427,3.0,0.125,3.2554,5.661
132,00-0037291,Jalen Nailor,2.091286,26.886078,0.14143835,23.142857142857142,1.6666666666666667,0.125,3.5372,5.6285
137,00-0036988,Josh Palmer,2.075212,22.18886,0.17859884,39.0,2.0,0.0,3.2905,5.3657
147,00-0040170,Elic Ayomanor,1.8750001,16.037348,0.30283728,34.625,3.0,0.25,3.4208,5.2958
143,00-0038606,Parker Washington,2.2009466,19.16291,0.17267194,34.5,2.6666666666666665,0.1666666666666666,2.9523,5.1533
144,00-0035359,David Sills,1.6948781,18.308546,0.16682468,11.5,1.3333333333333333,0.0,2.8318,4.5267
145,00-0035359,David Sills,1.6948781,18.308546,0.10712782,11.5,1.3333333333333333,0.0,2.4736,4.1685
133,00-0040432,Beaux Collins,1.5228176,24.584787,0.0032162147,8.333333333333334,0.6666666666666666,0.0,2.4778,4.0006
140,00-0036182,Nick Westbrook-Ikhine,1.3695171,20.232105,0.09063454,10.0,1.3333333333333333,0.0,2.567,3.9365
141,00-0036182,Nick Westbrook-Ikhine,1.3695171,20.232105,0.059655443,10.0,1.3333333333333333,0.0,2.3811,3.7507
