Unnamed: 0.2,Unnamed: 0.1,Unnamed: 0,Rank,Player,Team,Bye,POS,Yahoo,Sleeper,RTSports,AVG,gsis_id,position,season,availability,age,rookie_season,snap_share,fan_pts_var,apy_cap_pct,draft_pick,pick_value,prev_year_games,prev_year_completions,prev_year_passing_yards,prev_year_passing_tds,prev_year_carries,prev_year_rushing_yards,prev_year_rushing_tds,prev_year_receptions,prev_year_receiving_yards,prev_year_receiving_tds,prev_year_turnovers,obj_completions,obj_passing_yards,obj_passing_tds,obj_carries,obj_rushing_yards,obj_rushing_tds,obj_receptions,obj_receiving_yards,obj_receiving_tds,obj_turnovers
0,0,0,1,Christian McCaffrey,SF,11,RB1,1.0,,,1.0,00-0033280,RB,2019,1.0,23,2017,0.9221428571428572,98.952,0.081,8.0,21.4,16,0,0.0,0,287,1387.0,15,116,1005.0,4,0.0,0,0.0,0,59,225.0,5,17,149.0,1,0.0
1,1,1,2,Saquon Barkley,PHI,9,RB2,2.0,,,2.0,00-0034844,RB,2019,0.90625,22,2018,0.8258333333333333,111.69859,0.044000000000000004,2.0,30.2,13,0,0.0,0,217,1003.0,6,52,438.0,2,0.0,0,0.0,0,19,34.0,0,6,60.0,0,0.0
2,2,2,3,Ezekiel Elliott,,,RB3,3.0,,,3.0,00-0033045,RB,2019,0.90625,24,2016,0.8314285714285715,37.138958,0.08,4.0,25.8,16,0,0.0,0,301,1357.0,12,54,420.0,2,2.0,0,0.0,0,244,979.0,6,52,338.0,2,5.0
3,3,3,4,Dalvin Cook,,,RB4,7.0,,,5.3,00-0033893,RB,2019,0.7083333333333334,24,2017,0.6699999999999999,53.721317,0.064,41.0,11.0,14,0,0.0,0,250,1135.0,13,53,519.0,0,2.0,0,0.0,0,312,1557.0,16,44,361.0,1,3.0
4,4,4,5,Alvin Kamara,NO,6,RB5,4.0,,,5.3,00-0033906,RB,2019,0.9583333333333334,24,2017,0.6745454545454546,70.17548,0.076,67.0,7.8,14,1,13.0,0,171,797.0,5,81,533.0,1,1.0,0,0.0,0,187,932.0,16,83,756.0,5,0.0
5,5,5,6,Derrick Henry,BAL,7,RB6,5.0,,,5.7,00-0032764,RB,2019,0.984375,25,2016,0.6361538461538461,104.549706,0.063,45.0,10.4,15,0,0.0,0,303,1540.0,16,18,206.0,2,3.0,0,0.0,0,378,2027.0,17,19,114.0,0,2.0
6,6,6,7,Michael Thomas,,,WR1,6.0,,,6.0,00-0032765,WR,2019,1.0,26,2016,0.8830769230769231,72.06917,0.102,47.0,10.1,16,0,0.0,0,1,-9.0,0,149,1725.0,9,0.0,0,0.0,0,1,1.0,0,40,438.0,0,0.0
7,7,7,8,Davante Adams,LAR,9,WR2,9.0,,,9.3,00-0031381,WR,2019,0.9591836734693877,26,2014,0.857,48.60204,0.087,53.0,9.3,12,0,0.0,0,0,0.0,0,83,997.0,5,1.0,0,0.0,0,0,0.0,0,115,1374.0,18,1.0
8,8,8,9,Joe Mixon,HOU,8,RB7,11.0,,,9.7,00-0033897,RB,2019,1.0,23,2017,0.5864285714285714,59.85717,0.061,48.0,9.9,16,0,0.0,0,278,1137.0,5,35,287.0,3,0.0,0,0.0,0,119,428.0,3,21,138.0,1,1.0
9,9,9,10,Tyreek Hill,MIA,7,WR3,12.0,,,12.7,00-0033040,WR,2019,0.96875,25,2016,0.7,94.03538,0.096,165.0,2.1,12,0,0.0,0,8,23.0,0,58,860.0,7,0.0,0,0.0,0,13,123.0,2,87,1276.0,15,0.0
10,10,10,11,Nick Chubb,HOU,8,RB8,13.0,,,12.7,00-0034791,RB,2019,1.0,23,2018,0.6880000000000002,89.938286,0.01,35.0,12.0,16,0,0.0,0,299,1513.0,8,36,278.0,0,3.0,0,0.0,0,190,1067.0,12,16,150.0,0,1.0
11,11,11,12,Clyde Edwards-Helaire,NO,6,RB9,8.0,,,13.3,00-0036360,RB,2019,--,20,2020,-1.0,--,0.013999999999999999,32.0,12.5,--,--,--,--,--,--,--,--,--,--,--,0,0.0,0,181,803.0,4,36,297.0,1,0.0
12,12,12,13,Josh Jacobs,GB,5,RB10,18.0,,,14.3,00-0035700,RB,2019,0.8125,21,2019,0.5576923076923077,57.780895,0.016,24.0,14.4,13,0,0.0,0,242,1150.0,7,20,166.0,0,1.0,0,0.0,0,273,1065.0,12,33,238.0,0,2.0
13,13,13,14,Julio Jones,,,WR4,14.0,,,14.3,00-0027944,WR,2019,0.9562043795620438,30,2011,0.7586666666666668,76.4321,0.11699999999999999,6.0,23.2,15,0,0.0,0,2,-3.0,0,99,1394.0,6,0.0,0,0.0,0,0,0.0,0,51,771.0,3,0.0
14,14,14,15,Kenyan Drake,,,RB11,17.0,,,15.7,00-0033118,RB,2019,0.9841269841269841,25,2016,0.6907692307692308,124.98155,0.043,73.0,7.3,14,0,0.0,0,168,785.0,8,50,345.0,0,1.0,0,0.0,0,239,955.0,10,25,137.0,0,1.0
15,15,15,16,DeAndre Hopkins,BAL,7,WR5,20.0,,,17.0,00-0030564,WR,2019,1.0,27,2013,0.9753846153846154,54.71839,0.13699999999999998,27.0,13.6,15,1,6.0,1,2,18.0,0,104,1165.0,7,1.0,0,0.0,0,1,1.0,0,115,1407.0,6,2.0
16,16,16,17,Patrick Mahomes II,KC,10,QB1,10.0,,,18.7,00-0033873,QB,2019,0.9583333333333334,23,2017,0.9276923076923076,53.174576,0.22699999999999998,10.0,19.9,14,319,4031.0,26,43,218.0,2,0,0.0,0,7.0,390,4740.0,38,62,308.0,2,0,0.0,0,8.0
17,17,17,18,Travis Kelce,KC,10,TE1,19.0,,,18.7,00-0030506,TE,2019,0.9514563106796117,29,2013,0.9153333333333332,31.50596,0.07200000000000001,63.0,8.2,16,0,0.0,0,1,4.0,1,97,1229.0,5,1.0,1,4.0,0,0,0.0,0,105,1416.0,11,1.0
18,18,18,19,Austin Ekeler,WAS,8,RB12,22.0,,,19.0,00-0033699,RB,2019,1.0,24,2017,0.5693333333333334,79.442505,0.031,,0.0,16,0,0.0,0,132,557.0,3,92,993.0,8,1.0,0,0.0,0,116,530.0,1,54,403.0,2,0.0
19,19,19,20,Aaron Jones Sr.,MIN,7,RB13,21.0,,,19.0,00-0033293,RB,2019,0.9166666666666666,24,2017,0.6135714285714285,179.81534,0.004,182.0,1.5,16,0,0.0,0,236,1084.0,16,49,474.0,3,2.0,0,0.0,0,201,1104.0,9,47,355.0,2,0.0
20,20,20,21,Miles Sanders,DAL,10,RB14,23.0,,,19.3,00-0035243,RB,2019,1.0,22,2019,0.4985714285714285,77.08762,0.006999999999999999,53.0,9.3,16,0,0.0,0,179,818.0,3,50,509.0,3,1.0,0,0.0,0,164,867.0,6,28,197.0,0,2.0
21,21,21,22,George Kittle,SF,11,TE2,16.0,,,20.0,00-0033288,TE,2019,0.9583333333333334,25,2017,0.8809090909090909,44.22379,0.076,146.0,2.9,14,0,0.0,0,5,22.0,0,85,1053.0,5,0.0,0,0.0,0,2,17.0,0,48,634.0,2,0.0
22,22,22,23,Lamar Jackson,BAL,7,QB2,15.0,,,20.3,00-0034796,QB,2019,0.96875,22,2018,0.9369230769230767,50.35313,0.013000000000000001,32.0,12.5,15,265,3127.0,36,176,1206.0,7,0,0.0,0,8.0,242,2757.0,26,159,1005.0,7,0,0.0,0,13.0
23,23,23,24,Chris Godwin,TB,13,WR6,24.0,,,21.0,00-0033921,WR,2019,0.9583333333333334,23,2017,0.9215384615384616,115.94182,0.005,84.0,6.4,14,0,0.0,0,1,8.0,0,86,1333.0,9,0.0,0,0.0,0,0,0.0,0,65,840.0,7,0.0
24,24,24,25,Kenny Golladay,,,WR7,27.0,,,25.3,00-0033932,WR,2019,1.0,25,2017,0.852142857142857,70.624,0.005,96.0,5.5,16,0,0.0,0,0,0.0,0,65,1190.0,11,1.0,0,0.0,0,0,0.0,0,20,338.0,2,0.0
25,25,25,26,Mike Evans,TB,13,WR8,28.0,,,27.3,00-0031408,WR,2019,0.9591836734693877,26,2014,0.9008333333333336,208.40666,0.09300000000000001,7.0,22.2,13,0,0.0,0,0,0.0,0,67,1157.0,8,0.0,0,0.0,0,0,0.0,0,70,1006.0,13,0.0
26,26,26,27,Chris Carson,,,RB15,31.0,,,30.0,00-0033594,RB,2019,0.7291666666666666,24,2017,0.7030769230769232,47.31781,0.004,249.0,0.0,15,0,0.0,0,278,1230.0,7,37,266.0,2,4.0,0,0.0,0,141,681.0,5,37,287.0,4,0.0
27,27,27,28,Odell Beckham Jr.,,,WR9,30.0,,,30.0,00-0031235,WR,2019,0.8762886597938144,26,2014,0.9586666666666668,50.136627,0.102,12.0,18.8,16,1,20.0,0,3,10.0,0,75,1091.0,5,0.0,1,18.0,0,3,72.0,1,23,319.0,3,0.0
28,28,28,29,Allen Robinson,II,,WR10,26.0,,,30.7,00-0031428,WR,2019,0.717391304347826,26,2014,0.9353333333333336,57.03296,0.079,61.0,8.4,16,0,0.0,0,1,2.0,0,98,1147.0,7,0.0,0,0.0,0,1,-1.0,0,102,1250.0,6,0.0
29,29,29,30,Todd Gurley,II,,RB16,32.0,,,31.0,00-0032241,RB,2019,0.9876543209876543,25,2015,0.725,41.837807,0.027999999999999997,10.0,19.9,15,0,0.0,0,223,857.0,12,31,207.0,2,2.0,0,0.0,0,195,678.0,9,25,164.0,0,0.0
30,30,30,31,Adam Thielen,CAR,13,WR11,29.0,,,32.0,00-0030035,WR,2019,0.9489795918367347,29,2013,0.7,102.122665,0.086,,0.0,10,0,0.0,0,4,6.0,1,30,418.0,6,0.0,0,0.0,0,3,15.0,0,74,925.0,14,0.0
31,31,31,32,James Conner,ARI,8,RB17,25.0,,,33.0,00-0033553,RB,2019,0.8333333333333334,24,2017,0.534,93.89833,0.005,105.0,5.0,10,0,0.0,0,116,464.0,4,34,251.0,3,1.0,0,0.0,0,169,721.0,6,35,215.0,0,0.0
32,32,32,33,DJ Moore,CHI,11,WR12,37.0,,,34.0,00-0034827,WR,2019,0.96875,22,2018,0.8676923076923078,48.16095,0.016,24.0,14.4,15,0,0.0,0,6,40.0,0,87,1175.0,4,1.0,0,0.0,0,2,22.0,0,66,1193.0,4,0.0
33,33,33,34,Amari Cooper,,,WR13,38.0,,,34.3,00-0031544,WR,2019,1.0,25,2015,0.7549999999999999,123.149956,0.10099999999999999,4.0,25.8,16,0,0.0,0,1,6.0,0,79,1189.0,8,0.0,0,0.0,0,6,14.0,0,92,1114.0,5,0.0
34,34,34,35,JuJu Smith-Schuster,KC,10,WR14,34.0,,,34.3,00-0033857,WR,2019,0.8958333333333334,22,2017,0.7741666666666668,48.251514,0.006,62.0,8.3,12,0,0.0,0,0,0.0,0,42,552.0,3,1.0,0,0.0,0,0,0.0,0,97,831.0,9,1.0
35,35,35,36,Jonathan Taylor,IND,7,RB18,36.0,,,37.0,00-0036223,RB,2019,--,20,2020,-1.0,--,0.01,41.0,11.0,--,--,--,--,--,--,--,--,--,--,--,0,0.0,0,232,1169.0,11,36,299.0,1,1.0
36,36,36,37,Melvin Gordon,III,,RB19,33.0,,,37.3,00-0032144,RB,2019,0.8026315789473685,26,2015,0.5345454545454547,48.613335,0.04,15.0,17.4,12,0,0.0,0,162,612.0,8,42,296.0,1,3.0,0,0.0,0,215,986.0,9,32,158.0,1,4.0
37,37,37,38,A.J. Brown,PHI,9,WR15,39.0,,,39.3,00-0035676,WR,2019,1.0,22,2019,0.6771428571428572,93.012955,0.008,51.0,9.6,16,0,0.0,0,3,60.0,1,52,1051.0,8,0.0,0,0.0,0,0,0.0,0,70,1075.0,11,1.0
38,38,38,39,Mark Andrews,BAL,7,TE3,35.0,,,39.7,00-0034753,TE,2019,0.96875,23,2018,0.4392307692307693,70.31266,0.005,86.0,6.2,15,0,0.0,0,0,0.0,0,64,852.0,10,1.0,0,0.0,0,0,0.0,0,58,701.0,7,0.0
39,39,39,40,Cooper Kupp,SEA,6,WR16,44.0,,,40.0,00-0033908,WR,2019,0.8958333333333334,26,2017,0.8192307692307691,96.57662,0.079,69.0,7.6,16,0,0.0,0,2,4.0,0,94,1161.0,10,0.0,0,0.0,0,4,33.0,0,92,974.0,3,0.0
40,40,40,41,Le'Veon Bell,,,RB20,45.0,,,41.7,00-0030496,RB,2019,0.9176470588235294,27,2013,0.83,22.689524,0.005,48.0,9.9,15,0,0.0,0,245,789.0,3,66,461.0,1,1.0,0,0.0,0,82,328.0,2,16,138.0,0,0.0
41,41,41,42,David Johnson,,,RB21,52.0,,,42.0,00-0032187,RB,2019,0.7901234567901234,27,2015,0.4916666666666666,111.17274,0.073,86.0,6.2,12,0,0.0,0,93,346.0,2,36,370.0,4,1.0,0,0.0,0,147,691.0,6,33,314.0,2,1.0
42,42,42,43,Calvin Ridley,TEN,4,WR17,49.0,,,44.0,00-0034837,WR,2019,0.90625,24,2018,0.7366666666666665,61.37769,0.015,26.0,13.9,13,0,0.0,0,2,34.0,0,63,866.0,7,0.0,0,0.0,0,5,1.0,0,90,1374.0,9,1.0
43,43,43,44,Zach Ertz,WAS,8,TE4,43.0,,,46.0,00-0030061,TE,2019,0.991304347826087,28,2013,0.8476923076923077,68.97781,0.055,35.0,12.0,15,0,0.0,0,0,0.0,0,88,916.0,6,1.0,0,0.0,0,0,0.0,0,36,335.0,1,0.0
44,44,44,45,Mark Ingram,II,,RB22,40.0,,,46.0,00-0027966,RB,2019,0.7586206896551724,29,2011,0.4938461538461538,68.32238,0.027000000000000003,28.0,13.4,15,0,0.0,0,202,1018.0,10,26,247.0,5,2.0,0,0.0,0,72,299.0,2,6,50.0,0,0.0
45,45,45,46,Tyler Lockett,TEN,4,WR18,48.0,,,50.0,00-0032211,WR,2019,0.9876543209876543,26,2015,0.8992857142857142,116.54,0.06,69.0,7.6,16,0,0.0,0,4,-5.0,0,82,1057.0,8,0.0,0,0.0,0,0,0.0,0,100,1054.0,10,0.0
46,46,46,47,Courtland Sutton,DEN,5,WR19,55.0,,,50.7,00-0034348,WR,2019,1.0,23,2018,0.9135714285714284,34.93976,0.01,40.0,11.1,16,1,38.0,0,3,17.0,0,72,1112.0,6,0.0,0,0.0,0,0,0.0,0,3,66.0,0,0.0
47,47,47,48,Dak Prescott,DAL,10,QB3,42.0,,,50.7,00-0033077,QB,2019,1.0,26,2016,0.9942857142857144,61.462345,0.158,135.0,3.4,16,388,4902.0,30,52,277.0,3,0,0.0,0,13.0,151,1856.0,9,18,93.0,3,1,11.0,1,7.0
48,48,48,49,Keenan Allen,LAC,6,WR20,57.0,,,50.7,00-0030279,WR,2019,0.7830188679245284,27,2013,0.874,91.785286,0.10099999999999999,76.0,7.0,16,0,0.0,0,3,16.0,0,104,1199.0,6,0.0,0,0.0,0,1,-1.0,0,100,992.0,8,2.0
49,49,49,50,Robert Woods,PIT,4,WR21,61.0,,,50.7,00-0030431,WR,2019,0.8584070796460177,27,2013,0.9507692307692306,69.78924,0.08199999999999999,41.0,11.0,15,0,0.0,0,17,115.0,1,90,1134.0,2,0.0,0,0.0,0,24,155.0,2,90,936.0,6,1.0
50,50,50,51,DK Metcalf,PIT,4,WR22,53.0,,,51.3,00-0035640,WR,2019,1.0,21,2019,0.8385714285714287,42.580624,0.006,64.0,8.1,16,0,0.0,0,2,11.0,0,58,900.0,7,3.0,0,0.0,0,0,0.0,0,83,1303.0,10,0.0
51,51,51,52,Raheem Mostert,LV,6,RB23,47.0,,,51.7,00-0031687,RB,2019,0.8208955223880597,27,2015,0.31,74.141235,0.015,,0.0,15,0,0.0,0,137,772.0,8,14,180.0,2,1.0,0,0.0,0,104,521.0,2,16,156.0,1,1.0
52,52,52,53,Terry McLaurin,WAS,8,WR23,46.0,,,51.7,00-0035659,WR,2019,0.875,23,2019,0.929090909090909,59.2361,0.005,76.0,7.0,14,0,0.0,0,0,0.0,0,58,919.0,7,0.0,0,0.0,0,2,30.0,0,87,1118.0,4,1.0
53,53,53,54,DJ Chark Jr.,ATL,10,WR24,54.0,,,51.7,00-0034777,WR,2019,0.96875,22,2018,0.8099999999999999,92.00124,0.006,61.0,8.4,15,0,0.0,0,2,20.0,0,73,1008.0,8,0.0,0,0.0,0,0,0.0,0,53,706.0,5,0.0
54,54,54,55,Russell Wilson,NYG,11,QB4,41.0,,,55.7,00-0029263,QB,2019,1.0,30,2012,1.0,94.15386,0.18600000000000003,75.0,7.1,16,341,4110.0,31,75,342.0,3,0,0.0,0,7.0,384,4212.0,40,83,513.0,2,0,0.0,0,17.0
55,55,55,56,Devin Singletary,NYG,11,RB24,63.0,,,57.0,00-0035250,RB,2019,0.8125,21,2019,0.6663636363636364,34.754772,0.005,74.0,7.2,12,0,0.0,0,151,775.0,2,29,194.0,2,1.0,0,0.0,0,156,687.0,2,38,269.0,0,1.0
56,56,56,57,Kyler Murray,ARI,8,QB5,50.0,,,58.3,00-0035228,QB,2019,1.0,22,2019,0.9606666666666668,46.163345,0.047,1.0,34.6,16,346,3752.0,20,92,539.0,4,0,0.0,0,14.0,375,3971.0,26,133,819.0,11,0,0.0,0,16.0
57,57,57,58,T.Y. Hilton,,,WR25,64.0,,,58.7,00-0029608,WR,2019,0.9621212121212122,29,2012,0.716,63.83656,0.091,92.0,5.8,10,0,0.0,0,0,0.0,0,45,501.0,5,0.0,0,0.0,0,0,0.0,0,56,762.0,5,0.0
58,58,58,59,Darren Waller,MIA,7,TE5,56.0,,,58.7,00-0031610,TE,2019,0.5789473684210527,26,2015,0.9053333333333332,52.991837,0.04,204.0,0.7,16,0,0.0,0,2,5.0,0,90,1145.0,3,1.0,0,0.0,0,0,0.0,0,107,1196.0,9,2.0
59,59,59,60,Cam Akers,NO,6,RB25,60.0,,,59.7,00-0036414,RB,2019,--,20,2020,-1.0,--,0.008,52.0,9.4,--,--,--,--,--,--,--,--,--,--,--,0,0.0,0,145,625.0,2,11,123.0,1,1.0
60,60,60,61,Leonard Fournette,,,RB26,58.0,,,60.7,00-0033856,RB,2019,0.9583333333333334,24,2017,0.8814285714285716,52.369244,0.01,4.0,25.8,15,0,0.0,0,265,1152.0,3,76,522.0,0,1.0,0,0.0,0,97,367.0,6,36,233.0,0,0.0
61,61,61,62,Deshaun Watson,CLE,9,QB6,51.0,,,60.7,00-0033537,QB,2019,0.8125,23,2017,0.9946153846153846,100.997635,0.19699999999999998,12.0,18.8,15,333,3852.0,26,82,413.0,7,1,6.0,1,15.0,382,4823.0,33,90,444.0,3,0,0.0,0,10.0
62,62,62,63,DeVante Parker,,,WR26,67.0,,,61.3,00-0031547,WR,2019,1.0,26,2015,0.8826666666666667,67.523834,0.054000000000000006,14.0,17.8,16,0,0.0,0,0,0.0,0,72,1202.0,9,0.0,0,0.0,0,0,0.0,0,63,793.0,4,0.0
63,63,63,64,Stefon Diggs,NE,5,WR27,68.0,,,63.3,00-0031588,WR,2019,1.0,25,2015,0.7992857142857143,103.788284,0.081,146.0,2.9,15,0,0.0,0,5,61.0,0,63,1130.0,6,3.0,0,0.0,0,1,1.0,0,127,1535.0,8,0.0
64,64,64,65,D'Andre Swift,CHI,11,RB27,66.0,,,65.0,00-0036275,RB,2019,--,20,2020,-1.0,--,0.011000000000000001,35.0,12.0,--,--,--,--,--,--,--,--,--,--,--,0,0.0,0,114,521.0,8,46,357.0,2,2.0
65,65,65,66,Kareem Hunt,KC,10,RB28,69.0,,,65.7,00-0033923,RB,2019,0.813953488372093,24,2017,0.5957142857142858,13.990714,0.03,86.0,6.2,8,0,0.0,0,43,179.0,2,37,285.0,1,0.0,0,0.0,0,198,841.0,6,38,304.0,5,0.0
66,66,66,67,David Montgomery,DET,5,RB29,74.0,,,65.7,00-0035685,RB,2019,1.0,22,2019,0.5860000000000001,44.148003,0.005,73.0,7.3,16,0,0.0,0,242,889.0,6,25,185.0,1,2.0,0,0.0,0,247,1070.0,8,54,438.0,2,1.0
67,67,67,68,Marquise Brown,KC,10,WR28,79.0,,,72.0,00-0035662,WR,2019,0.875,22,2019,0.5758333333333333,75.80726,0.016,25.0,14.1,14,0,0.0,0,0,0.0,0,46,584.0,7,0.0,0,0.0,0,1,1.0,0,58,769.0,8,0.0
68,68,68,69,Michael Gallup,WAS,8,WR29,76.0,,,73.7,00-0034764,WR,2019,0.96875,23,2018,0.8383333333333335,71.13302,0.005,81.0,6.6,14,0,0.0,0,0,0.0,0,66,1107.0,6,0.0,0,0.0,0,0,0.0,0,59,843.0,5,0.0
69,69,69,70,A.J. Green,,,WR30,90.0,,,74.3,00-0027942,WR,2019,0.8791946308724832,31,2011,-1.0,--,0.091,4.0,25.8,--,--,--,--,--,--,--,--,--,--,--,0,0.0,0,0,0.0,0,47,523.0,2,0.0
70,70,70,71,Matt Ryan,,,QB7,65.0,,,76.7,00-0026143,QB,2019,0.994535519125683,34,2008,0.9757142857142858,55.52525,0.16899999999999998,3.0,27.6,15,408,4466.0,26,34,147.0,1,0,0.0,0,19.0,407,4581.0,26,29,92.0,2,0,0.0,0,14.0
71,71,71,72,Tyler Boyd,,,WR31,85.0,,,77.0,00-0033009,WR,2019,0.984375,24,2016,0.9085714285714286,74.57829,0.057,55.0,9.1,16,0,0.0,0,4,23.0,0,90,1046.0,5,2.0,1,16.0,0,5,49.0,0,79,841.0,4,0.0
72,72,72,73,Drew Brees,,,QB8,72.0,,,79.3,00-0020531,QB,2019,0.9781420765027322,40,2001,0.8374999999999999,108.162506,0.126,32.0,12.5,11,281,2979.0,27,9,-4.0,1,0,0.0,0,4.0,275,2942.0,24,18,-2.0,2,0,0.0,0,8.0
73,73,73,74,Evan Engram,DEN,5,TE6,84.0,,,79.3,00-0033881,TE,2019,0.8333333333333334,24,2017,0.7975,71.97929,0.016,23.0,14.6,8,0,0.0,0,3,7.0,0,44,467.0,3,0.0,0,0.0,0,6,26.0,1,63,654.0,1,1.0
74,74,74,75,Tyler Higbee,LAR,9,TE7,59.0,,,79.7,00-0033110,TE,2019,1.0,26,2016,0.63,67.70264,0.039,110.0,4.7,14,0,0.0,0,0,0.0,0,69,734.0,3,0.0,0,0.0,0,1,1.0,0,44,521.0,5,0.0
75,75,75,76,Ronald Jones,II,,RB30,82.0,,,80.0,00-0034816,RB,2019,1.0,22,2018,0.3653333333333333,41.436626,0.01,38.0,11.4,16,0,0.0,0,172,724.0,6,31,309.0,0,2.0,0,0.0,0,192,978.0,7,28,165.0,1,2.0
76,76,76,77,Rob Gronkowski,,,TE8,77.0,,,80.0,00-0027656,TE,2019,0.7482993197278912,30,2010,-1.0,--,--,42.0,10.8,--,--,--,--,--,--,--,--,--,--,--,0,0.0,0,0,0.0,0,45,623.0,7,0.0
77,77,77,78,Josh Allen,BUF,11,QB9,70.0,,,81.0,00-0034857,QB,2019,1.0,23,2018,0.922,55.798744,0.03,7.0,22.2,16,271,3089.0,20,109,510.0,9,0,0.0,0,13.0,396,4544.0,37,102,421.0,8,1,12.0,1,16.0
78,78,78,79,Hunter Henry,NE,5,TE9,73.0,,,81.0,00-0033090,TE,2019,0.6875,24,2016,0.7899999999999999,50.059696,0.054000000000000006,35.0,12.0,12,0,0.0,0,0,0.0,0,55,652.0,5,1.0,0,0.0,0,0,0.0,0,60,613.0,4,0.0
79,79,79,80,Jarvis Landry,,,WR32,89.0,,,81.3,00-0031382,WR,2019,1.0,26,2014,0.94,63.969166,--,63.0,8.2,16,0,0.0,0,1,10.0,0,83,1174.0,6,0.0,4,74.0,1,4,10.0,1,72,840.0,3,0.0
80,80,80,81,William Fuller V ,,,WR33,95.0,,,82.0,00-0033127,WR,2019,0.796875,25,2016,0.7889999999999999,219.26163,0.016,21.0,15.2,11,0,0.0,0,0,0.0,0,49,670.0,3,0.0,0,0.0,0,1,0.0,0,53,879.0,8,0.0
81,81,81,82,Julian Edelman,,,WR34,99.0,,,84.0,00-0027150,WR,2019,0.8156424581005587,33,2009,0.8538461538461539,51.004635,0.040999999999999995,232.0,0.0,16,2,47.0,1,8,27.0,0,100,1117.0,6,1.0,2,38.0,0,2,22.0,0,21,315.0,0,0.0
82,82,82,83,J.K. Dobbins,DEN,5,RB31,86.0,,,85.0,00-0036158,RB,2019,--,20,2020,-1.0,--,0.006999999999999999,55.0,9.1,--,--,--,--,--,--,--,--,--,--,--,0,0.0,0,134,805.0,9,18,120.0,0,0.0
83,83,83,84,Jordan Howard,,,RB32,87.0,,,86.0,00-0032780,RB,2019,0.90625,24,2016,0.3999999999999999,79.121956,0.025,150.0,2.7,9,0,0.0,0,119,525.0,6,10,69.0,1,0.0,0,0.0,0,35,60.0,4,1,-3.0,0,0.0
84,84,84,85,Deebo Samuel Sr.,WAS,8,WR35,98.0,,,86.7,00-0035719,WR,2019,0.9375,23,2019,0.6916666666666665,50.53781,0.01,36.0,11.8,15,0,0.0,0,14,159.0,3,57,802.0,3,1.0,0,0.0,0,8,26.0,0,33,391.0,1,0.0
85,85,85,86,Aaron Rodgers,PIT,4,QB10,96.0,,,90.0,00-0023459,QB,2019,0.9508196721311475,35,2005,0.9892857142857142,89.78541,0.18899999999999997,24.0,14.4,16,353,4002.0,26,46,183.0,1,0,0.0,0,8.0,372,4299.0,48,38,149.0,3,1,-6.0,0,7.0
86,86,86,87,Tom Brady,,,QB11,81.0,,,92.0,00-0019596,QB,2019,1.0,42,2000,0.9846153846153848,43.1128,0.126,199.0,0.9,16,373,4057.0,24,26,34.0,3,0,0.0,0,9.0,401,4633.0,40,30,6.0,3,0,0.0,0,13.0
87,87,87,88,Phillip Lindsay,,,RB33,105.0,,,93.3,00-0034109,RB,2019,0.96875,25,2018,0.505,51.867954,0.003,,0.0,16,0,0.0,0,224,1011.0,7,35,196.0,0,0.0,0,0.0,0,118,502.0,1,7,28.0,0,0.0
88,88,88,89,Brandin Cooks,NO,6,WR36,118.0,,,93.7,00-0031236,WR,2019,0.8586956521739131,25,2014,0.7358333333333333,33.80379,0.091,20.0,15.5,14,0,0.0,0,6,52.0,0,42,583.0,2,0.0,0,0.0,0,0,0.0,0,81,1150.0,6,0.0
89,89,89,90,Marvin Jones Jr.,,,WR37,106.0,,,93.7,00-0029293,WR,2019,0.8842975206611571,29,2012,0.8918181818181817,116.38141,0.052000000000000005,166.0,2.0,13,0,0.0,0,2,0.0,0,62,779.0,9,0.0,0,0.0,0,0,0.0,0,76,978.0,9,0.0
90,90,90,91,James White,,,RB34,107.0,,,94.7,00-0031062,RB,2019,1.0,27,2014,0.4208333333333334,58.71886,0.024,130.0,3.6,15,1,35.0,0,67,263.0,1,72,645.0,5,0.0,0,0.0,0,35,121.0,2,49,375.0,1,0.0
91,91,91,92,Jared Cook,,,TE10,71.0,,,95.0,00-0027061,TE,2019,0.9111111111111111,32,2009,0.5936363636363636,43.28247,0.04,89.0,6.0,14,0,0.0,0,0,0.0,0,43,705.0,9,0.0,0,0.0,0,0,0.0,0,37,504.0,7,1.0
92,92,92,93,Marlon Mack ,,,RB35,113.0,,,95.7,00-0033951,RB,2019,0.9583333333333334,23,2017,0.55,44.251923,0.004,143.0,3.0,14,0,0.0,0,247,1091.0,8,14,82.0,0,0.0,0,0.0,0,4,26.0,0,3,30.0,0,0.0
93,93,93,94,Matt Breida,,,RB36,100.0,,,95.7,00-0033308,RB,2019,0.9166666666666666,24,2017,0.2858333333333333,52.888103,0.016,,0.0,12,0,0.0,0,123,623.0,1,19,120.0,1,1.0,0,0.0,0,59,254.0,0,9,96.0,0,1.0
94,94,94,95,Carson Wentz,,,QB12,88.0,,,99.0,00-0032950,QB,2019,0.953125,26,2016,0.9842857142857142,27.902212,0.17,2.0,30.2,16,388,4039.0,27,62,243.0,1,0,0.0,0,14.0,251,2620.0,16,52,276.0,5,0,0.0,0,19.0
95,95,95,96,Sony Michel,,,RB37,111.0,,,100.3,00-0034845,RB,2019,1.0,24,2018,0.3876923076923076,37.237167,0.013999999999999999,31.0,12.7,16,0,0.0,0,247,912.0,7,12,94.0,0,1.0,0,0.0,0,79,449.0,1,7,114.0,1,0.0
96,96,96,97,San Francisco 49ers,DST,11,DST1,62.0,,,101.3,--,D/ST,2019,--,D/ST,D/ST,-1.0,--,--,,0.0,--,--,--,--,--,--,--,--,--,--,--,--,--,--,--,--,--,--,--,--,--
97,97,97,98,Kerryon Johnson,,,RB38,138.0,,,105.7,00-0034349,RB,2019,0.6875,22,2018,0.5275,25.77357,--,43.0,10.6,8,0,0.0,0,113,403.0,3,10,127.0,1,1.0,0,0.0,0,52,181.0,2,19,187.0,1,1.0
98,98,98,99,Diontae Johnson,CLE,9,WR38,108.0,,,106.0,00-0035216,WR,2019,1.0,23,2019,0.6599999999999999,56.449627,0.006,66.0,7.9,16,0,0.0,0,4,41.0,0,59,680.0,5,1.0,0,0.0,0,3,15.0,0,88,923.0,7,0.0
99,99,99,100,Zack Moss ,,,RB39,101.0,,,106.3,00-0036251,RB,2019,--,21,2020,-1.0,--,0.006,86.0,6.2,--,--,--,--,--,--,--,--,--,--,--,0,0.0,0,112,481.0,4,14,95.0,1,0.0
100,100,100,101,Hayden Hurst,,,TE11,104.0,,,106.7,00-0034830,TE,2019,1.0,26,2018,0.4221428571428571,14.037957,0.016,25.0,14.1,16,0,0.0,0,0,0.0,0,30,349.0,2,0.0,0,0.0,0,0,0.0,0,56,571.0,6,0.0
101,101,101,102,CeeDee Lamb,DAL,10,WR39,112.0,,,107.3,00-0036358,WR,2019,--,20,2020,-1.0,--,0.018000000000000002,17.0,16.6,--,--,--,--,--,--,--,--,--,--,--,0,0.0,0,10,82.0,1,74,935.0,5,1.0
102,102,102,103,Matthew Stafford,LAR,9,QB13,103.0,,,107.7,00-0026498,QB,2019,0.7877094972067039,31,2009,1.0,47.1968,0.162,1.0,34.6,8,187,2499.0,19,20,66.0,0,0,0.0,0,8.0,339,4084.0,26,29,112.0,0,0,0.0,0,11.0
103,103,103,104,Tarik Cohen ,,,RB40,128.0,,,112.0,00-0033556,RB,2019,1.0,24,2017,0.4893333333333334,19.36129,--,119.0,4.2,16,0,0.0,0,64,213.0,0,79,456.0,3,0.0,0,0.0,0,14,74.0,0,6,41.0,0,0.0
104,104,104,105,Pittsburgh Steelers,DST,4,DST2,80.0,,,113.0,--,D/ST,2019,--,D/ST,D/ST,-1.0,--,--,,0.0,--,--,--,--,--,--,--,--,--,--,--,--,--,--,--,--,--,--,--,--,--
105,105,105,106,Darius Slayton,NYG,11,WR40,133.0,,,114.0,00-0035535,WR,2019,1.0,22,2019,0.7561538461538458,107.61188,0.004,171.0,1.9,14,0,0.0,0,0,0.0,0,48,740.0,8,0.0,0,0.0,0,2,-1.0,0,50,751.0,3,1.0
106,106,106,107,Emmanuel Sanders,,,WR41,136.0,,,114.0,00-0027685,WR,2019,0.9760479041916168,32,2010,0.7621428571428571,100.76308,0.04,82.0,6.5,17,1,35.0,1,0,0.0,0,66,869.0,5,0.0,0,0.0,0,1,12.0,0,61,726.0,5,0.0
107,107,107,108,Jamison Crowder,,,WR42,126.0,,,115.3,00-0031941,WR,2019,1.0,26,2015,0.7814285714285714,72.11862,0.05,105.0,5.0,16,0,0.0,0,1,4.0,0,78,833.0,6,0.0,1,43.0,1,1,14.0,0,59,699.0,6,0.0
108,108,108,109,Latavius Murray,,,RB41,142.0,,,116.0,00-0030513,RB,2019,1.0,29,2013,0.4115384615384616,108.114,0.019,181.0,1.5,16,0,0.0,0,146,637.0,5,34,235.0,1,0.0,0,0.0,0,146,656.0,4,23,176.0,1,0.0
109,109,109,110,Baltimore Ravens,DST,7,DST3,75.0,,,116.3,--,D/ST,2019,--,D/ST,D/ST,-1.0,--,--,,0.0,--,--,--,--,--,--,--,--,--,--,--,--,--,--,--,--,--,--,--,--,--
110,110,110,111,Tevin Coleman,,,RB42,137.0,,,117.3,00-0032058,RB,2019,1.0,26,2015,0.4409090909090908,87.47604,0.023,73.0,7.3,14,0,0.0,0,137,544.0,6,21,180.0,1,0.0,0,0.0,0,28,53.0,0,4,34.0,0,0.0
111,111,111,112,Austin Hooper,NE,5,TE12,121.0,,,117.7,00-0032392,TE,2019,0.953125,24,2016,0.7884615384615384,45.75436,0.053,81.0,6.6,13,0,0.0,0,0,0.0,0,75,787.0,6,0.0,0,0.0,0,0,0.0,0,46,435.0,4,0.0
112,112,112,113,Noah Fant,CIN,9,TE13,127.0,,,118.0,00-0035644,TE,2019,1.0,21,2019,0.6964285714285714,38.321167,0.017,20.0,15.5,16,0,0.0,0,3,-12.0,0,40,562.0,3,1.0,0,0.0,0,0,0.0,0,62,673.0,3,0.0
113,113,113,114,John Brown,,,WR43,123.0,,,118.3,00-0031051,WR,2019,0.9897959183673469,29,2014,0.91,51.521397,0.048,91.0,5.9,15,1,28.0,1,2,7.0,0,72,1060.0,6,0.0,0,0.0,0,0,0.0,0,33,458.0,3,0.0
114,114,114,115,Christian Kirk,HOU,8,WR44,164.0,,,119.7,00-0034775,WR,2019,0.78125,22,2018,0.9383333333333334,85.65769,0.008,47.0,10.1,13,0,0.0,0,10,93.0,0,67,708.0,3,0.0,0,0.0,0,2,3.0,0,48,621.0,6,0.0
115,115,115,116,Sterling Shepard,TB,13,WR45,135.0,,,119.7,00-0032385,WR,2019,0.921875,26,2016,0.9055555555555556,41.917336,0.054000000000000006,40.0,11.1,10,0,0.0,0,6,72.0,0,57,576.0,3,0.0,0,0.0,0,6,49.0,1,66,656.0,3,0.0
116,116,116,117,Jerry Jeudy,CLE,9,WR46,134.0,,,121.0,00-0036407,WR,2019,--,20,2020,-1.0,--,0.019,15.0,17.4,--,--,--,--,--,--,--,--,--,--,--,0,0.0,0,0,0.0,0,52,856.0,3,0.0
117,117,117,118,Alexander Mattison,MIA,7,RB43,139.0,,,122.0,00-0034972,RB,2019,0.8125,21,2019,0.22,14.5042305,0.005,102.0,5.1,13,0,0.0,0,100,462.0,1,10,82.0,0,1.0,0,0.0,0,96,434.0,2,13,125.0,1,0.0
118,118,118,119,Ben Roethlisberger,,,QB14,117.0,,,126.0,00-0022924,QB,2019,0.9213483146067416,37,2004,0.75,22.713799,0.18100000000000002,11.0,19.3,2,35,351.0,0,1,7.0,0,0,0.0,0,1.0,399,3803.0,33,25,11.0,0,0,0.0,0,11.0
119,119,119,120,Antonio Gibson,NE,5,RB44,109.0,,,127.3,00-0036328,RB,2019,--,21,2020,-1.0,--,0.006,66.0,7.9,--,--,--,--,--,--,--,--,--,--,--,0,0.0,0,170,795.0,11,36,247.0,0,2.0
120,120,120,121,Buffalo Bills,DST,11,DST4,93.0,,,128.3,--,D/ST,2019,--,D/ST,D/ST,-1.0,--,--,,0.0,--,--,--,--,--,--,--,--,--,--,--,--,--,--,--,--,--,--,--,--,--
121,121,121,122,Henry Ruggs,III,,WR47,141.0,,,128.3,00-0036357,WR,2019,--,20,2020,-1.0,--,0.021,12.0,18.8,--,--,--,--,--,--,--,--,--,--,--,0,0.0,0,9,49.0,0,26,452.0,2,2.0
122,122,122,123,Justin Tucker,,,K1,78.0,,,130.0,00-0029597,K,2019,1.0,29,2012,-1.0,--,0.027000000000000003,,0.0,--,--,--,--,--,--,--,--,--,--,--,--,--,--,--,--,--,--,--,--,--
123,123,123,124,Darrell Henderson Jr.,,,RB45,152.0,,,130.0,00-0035664,RB,2019,0.9375,22,2019,0.14,11.453333,0.006,70.0,7.5,7,0,0.0,0,39,147.0,0,4,37.0,0,0.0,0,0.0,0,138,624.0,5,16,155.0,1,0.0
124,124,124,125,Harrison Butker,KC,10,K2,83.0,,,132.3,00-0033303,K,2019,1.0,24,2017,0.444,--,0.022000000000000002,233.0,0.0,--,--,--,--,--,--,--,--,--,--,--,--,--,--,--,--,--,--,--,--,--
125,125,125,126,Daniel Jones,IND,7,QB15,144.0,,,132.3,00-0035710,QB,2019,0.875,22,2019,0.9284615384615384,133.8495,0.034,6.0,23.2,13,284,3027.0,24,45,279.0,2,0,0.0,0,22.0,280,2943.0,11,65,423.0,1,0,0.0,0,16.0
126,126,126,127,Chicago Bears,DST,11,DST5,97.0,,,134.0,--,D/ST,2019,--,D/ST,D/ST,-1.0,--,--,,0.0,--,--,--,--,--,--,--,--,--,--,--,--,--,--,--,--,--,--,--,--,--
127,127,127,128,Mecole Hardman Jr.,GB,5,WR48,157.0,,,134.3,00-0035140,WR,2019,1.0,21,2019,0.4626666666666666,37.179523,0.006999999999999999,56.0,9.0,15,0,0.0,0,4,17.0,0,26,538.0,6,0.0,0,0.0,0,4,31.0,0,41,560.0,4,1.0
128,128,128,129,Mike Gesicki,CIN,9,TE14,140.0,,,135.7,00-0034829,TE,2019,1.0,23,2018,0.6466666666666667,48.700954,0.009000000000000001,42.0,10.8,15,0,0.0,0,0,0.0,0,51,570.0,5,1.0,0,0.0,0,0,0.0,0,53,703.0,6,0.0
129,129,129,130,Joe Burrow,CIN,9,QB16,122.0,,,137.0,00-0036442,QB,2019,--,22,2020,-1.0,--,0.046,1.0,34.6,--,--,--,--,--,--,--,--,--,--,--,264,2688.0,13,37,142.0,3,0,0.0,0,9.0
130,130,130,131,Justin Jefferson,MIN,7,WR49,166.0,,,138.0,00-0036322,WR,2019,--,20,2020,-1.0,--,0.017,22.0,14.9,--,--,--,--,--,--,--,--,--,--,--,0,0.0,0,1,2.0,0,88,1400.0,7,0.0
131,131,131,132,Baker Mayfield,TB,13,QB17,148.0,,,140.3,00-0034855,QB,2019,1.0,24,2018,0.992,44.638702,0.046,1.0,34.6,16,318,3883.0,23,28,141.0,3,0,0.0,0,23.0,305,3563.0,26,54,165.0,1,1,6.0,0,12.0
132,132,132,133,Ke'Shawn Vaughn,SF,11,RB46,125.0,,,111.5,00-0036450,RB,2019,--,22,2020,-1.0,--,0.006,76.0,7.0,--,--,--,--,--,--,--,--,--,--,--,0,0.0,0,26,109.0,0,5,34.0,1,1.0
133,133,133,134,Tony Pollard,TEN,4,RB47,167.0,,,142.0,00-0035261,RB,2019,0.9375,22,2019,0.1907692307692307,65.819115,0.004,128.0,3.7,14,0,0.0,0,86,455.0,2,15,107.0,1,1.0,0,0.0,0,101,435.0,4,28,193.0,1,0.0
134,134,134,135,New England Patriots,DST,5,DST6,119.0,,,143.7,--,D/ST,2019,--,D/ST,D/ST,-1.0,--,--,,0.0,--,--,--,--,--,--,--,--,--,--,--,--,--,--,--,--,--,--,--,--,--
135,135,135,136,Preston Williams,,,WR50,179.0,,,144.3,00-0035350,WR,2019,0.5,22,2019,0.785,31.971432,--,,0.0,8,0,0.0,0,0,0.0,0,32,428.0,3,1.0,0,0.0,0,0,0.0,0,18,288.0,4,0.0
136,136,136,137,Jalen Reagor,LAC,6,WR51,160.0,,,145.0,00-0036387,WR,2019,--,20,2020,-1.0,--,0.017,21.0,15.2,--,--,--,--,--,--,--,--,--,--,--,0,0.0,0,4,26.0,0,31,396.0,1,0.0
137,137,137,138,T.J. Hockenson,MIN,7,TE15,153.0,,,146.0,00-0035229,TE,2019,0.75,22,2019,0.6481818181818183,46.382046,0.026000000000000002,8.0,21.4,12,0,0.0,0,0,0.0,0,32,367.0,2,0.0,0,0.0,0,1,0.0,0,67,723.0,6,1.0
138,138,138,139,Jared Goff,DET,5,QB18,147.0,,,146.0,00-0033106,QB,2019,1.0,24,2016,0.9884615384615384,67.538025,0.17800000000000002,1.0,34.6,16,394,4638.0,22,33,40.0,2,0,0.0,0,21.0,370,3952.0,20,51,99.0,4,0,0.0,0,17.0
139,139,139,140,Cam Newton,,,QB19,114.0,,,174.7,00-0027939,QB,2019,0.912751677852349,30,2011,1.0,17.760796,0.009000000000000001,1.0,34.6,2,50,572.0,0,5,-2.0,0,0,0.0,0,3.0,242,2657.0,8,137,592.0,12,2,35.0,1,11.0
140,140,140,141,DeSean Jackson,,,WR52,161.0,,,146.7,00-0026189,WR,2019,0.8707865168539326,32,2008,0.29,574.60504,0.048,49.0,9.8,2,0,0.0,0,0,0.0,0,9,159.0,2,0.0,0,0.0,0,1,12.0,0,14,236.0,1,0.0
141,141,141,142,Wil Lutz,DEN,5,K3,94.0,,,147.0,00-0032569,K,2019,1.0,25,2016,-1.0,--,0.022000000000000002,,0.0,--,--,--,--,--,--,--,--,--,--,--,--,--,--,--,--,--,--,--,--,--
142,142,142,143,Chase Edmonds,,,RB48,172.0,,,147.0,00-0034681,RB,2019,0.90625,23,2018,0.2583333333333333,124.095116,0.004,134.0,3.4,10,0,0.0,0,60,303.0,4,12,105.0,1,0.0,0,0.0,0,97,448.0,1,53,402.0,4,0.0
143,143,143,144,Adrian Peterson,,,RB49,174.0,,,148.7,00-0025394,RB,2019,0.8072289156626506,34,2007,0.4941666666666666,28.344286,0.005,7.0,22.2,15,0,0.0,0,211,898.0,5,17,142.0,0,2.0,0,0.0,0,156,604.0,7,12,101.0,0,0.0
144,144,144,145,Sammy Watkins,,,WR53,159.0,,,150.0,00-0031325,WR,2019,0.9183673469387755,26,2014,0.7700000000000001,133.33435,0.045,4.0,25.8,13,0,0.0,0,2,12.0,0,52,673.0,3,1.0,0,0.0,0,1,3.0,0,37,421.0,2,2.0
145,145,145,146,Duke Johnson Jr.,,,RB50,184.0,,,150.3,00-0032257,RB,2019,1.0,25,2015,0.4685714285714286,34.51267,0.028999999999999998,77.0,6.9,16,0,0.0,0,83,410.0,2,44,410.0,3,1.0,0,0.0,0,77,235.0,1,28,249.0,1,2.0
146,146,146,147,Greg Zuerlein,,,K4,102.0,,,151.0,00-0029621,K,2019,0.9848484848484849,31,2012,0.353076923076923,--,0.013000000000000001,171.0,1.9,--,--,--,--,--,--,--,--,--,--,--,--,--,--,--,--,--,--,--,--,--
147,147,147,148,Boston Scott,,,RB51,191.0,,,151.3,00-0034414,RB,2019,1.0,24,2018,0.2177777777777777,142.87125,0.003,201.0,0.8,8,0,0.0,0,61,245.0,5,24,204.0,0,0.0,0,0.0,0,80,374.0,1,25,212.0,1,0.0
148,148,148,149,Minnesota Vikings,DST,7,DST7,120.0,,,151.7,--,D/ST,2019,--,D/ST,D/ST,-1.0,--,--,,0.0,--,--,--,--,--,--,--,--,--,--,--,--,--,--,--,--,--,--,--,--,--
149,149,149,150,Anthony Miller,BAL,7,WR54,,,,127.5,00-0034353,WR,2019,1.0,24,2018,0.624,67.48096,0.008,51.0,9.6,16,0,0.0,0,1,-1.0,0,52,656.0,2,1.0,0,0.0,0,2,12.0,0,49,485.0,2,1.0
150,150,150,151,Mike Williams,,,WR55,177.0,,,152.0,00-0033536,WR,2019,0.9791666666666666,24,2017,0.8464285714285715,14.534096,0.03,7.0,22.2,15,0,0.0,0,1,2.0,0,49,1001.0,2,0.0,0,0.0,0,1,1.0,0,48,756.0,5,0.0
151,151,151,152,Damien Harris,,,RB52,162.0,,,171.0,00-0035657,RB,2019,0.25,22,2019,0.03,,0.005,87.0,6.2,1,0,0.0,0,4,12.0,0,0,0.0,0,0.0,0,0.0,0,137,691.0,2,5,52.0,0,0.0
152,152,152,153,A.J. Dillon,PHI,9,RB53,173.0,,,156.0,00-0036265,RB,2019,--,21,2020,-1.0,--,0.006999999999999999,62.0,8.3,--,--,--,--,--,--,--,--,--,--,--,0,0.0,0,46,242.0,2,2,21.0,0,0.0
153,153,153,154,Golden Tate,,,WR56,,,,136.0,00-0027891,WR,2019,0.9696969696969697,31,2010,0.86,42.748547,0.05,60.0,8.5,11,0,0.0,0,1,16.0,0,49,676.0,6,1.0,1,18.0,0,0,0.0,0,35,388.0,2,0.0
154,154,154,155,New Orleans Saints,DST,6,DST8,110.0,,,157.7,--,D/ST,2019,--,D/ST,D/ST,-1.0,--,--,,0.0,--,--,--,--,--,--,--,--,--,--,--,--,--,--,--,--,--,--,--,--,--
155,155,155,156,Ryan Tannehill,,,QB20,175.0,,,158.0,00-0029701,QB,2019,0.8787878787878788,31,2012,0.843,84.24106,0.149,8.0,21.4,12,201,2742.0,22,43,185.0,4,0,0.0,0,9.0,315,3819.0,34,43,266.0,7,1,0.0,0,8.0
156,156,156,157,Ryquell Armstead ,,,RB54,158.0,,,161.0,00-0035268,RB,2019,1.0,22,2019,0.1413333333333333,37.404175,0.004,140.0,3.1,14,0,0.0,0,35,108.0,0,14,144.0,2,0.0,--,--,--,--,--,--,--,--,--,--
157,157,157,158,Jonnu Smith,PIT,4,TE16,190.0,,,160.3,00-0033858,TE,2019,0.9375,24,2017,0.6914285714285715,39.610287,0.005,100.0,5.3,15,0,0.0,0,4,78.0,0,35,439.0,3,0.0,0,0.0,0,2,4.0,1,41,448.0,8,0.0
158,158,158,159,Jimmy Garoppolo,LAR,9,QB21,132.0,,,140.5,00-0031345,QB,2019,0.8673469387755102,27,2014,0.9907692307692308,59.004467,0.155,62.0,8.3,16,329,3978.0,27,46,62.0,1,0,0.0,0,18.0,94,1096.0,7,10,25.0,0,0,0.0,0,5.0
159,159,159,160,Kansas City Chiefs,DST,10,DST9,115.0,,,163.3,--,D/ST,2019,--,D/ST,D/ST,-1.0,--,--,,0.0,--,--,--,--,--,--,--,--,--,--,--,--,--,--,--,--,--,--,--,--,--
160,160,160,161,Drew Lock,SEA,6,QB22,154.0,,,163.7,00-0035704,QB,2019,0.3125,22,2019,1.0,39.501602,0.009000000000000001,42.0,10.8,5,100,1020.0,7,18,72.0,0,0,0.0,0,4.0,254,2933.0,16,44,160.0,3,0,0.0,0,18.0
161,161,161,162,Philip Rivers,,,QB23,156.0,,,164.3,00-0022942,QB,2019,1.0,37,2004,0.9713333333333334,34.7636,0.126,4.0,25.8,16,390,4615.0,23,12,29.0,0,0,0.0,0,23.0,369,4169.0,24,18,-8.0,0,0,0.0,0,12.0
162,162,162,163,Derrius Guice,,,RB55,91.0,,,243.5,00-0034358,RB,2019,0.15625,22,2018,0.3349999999999999,97.11701,0.006,59.0,8.6,5,0,0.0,0,42,245.0,2,7,79.0,1,0.0,--,--,--,--,--,--,--,--,--,--
163,163,163,164,Robbie Chosen,SF,11,WR57,,,,148.5,00-0032688,WR,2019,1.0,26,2016,0.9135714285714286,56.18396,0.05,,0.0,16,0,0.0,0,1,4.0,0,52,779.0,5,0.0,0,0.0,0,4,15.0,0,95,1096.0,3,1.0
164,164,164,165,Allen Lazard,NYJ,10,WR58,187.0,,,167.0,00-0034521,WR,2019,1.0,23,2018,0.4178571428571428,32.482723,0.003,,0.0,11,0,0.0,0,1,21.0,0,35,477.0,3,0.0,0,0.0,0,2,17.0,0,33,451.0,3,0.0
165,165,165,166,Gardner Minshew II,KC,10,QB24,155.0,,,167.0,00-0035289,QB,2019,1.0,23,2019,0.9578571428571429,33.278793,0.004,178.0,1.6,14,285,3271.0,21,67,344.0,0,0,0.0,0,13.0,216,2259.0,16,29,153.0,1,1,0.0,0,9.0
166,166,166,167,Chris Thompson,,,RB56,170.0,,,183.3,00-0030404,RB,2019,0.776595744680851,28,2013,0.4744444444444445,19.01891,0.006999999999999999,154.0,2.5,11,0,0.0,0,37,138.0,0,42,378.0,0,0.0,0,0.0,0,7,20.0,0,20,146.0,1,0.0
167,167,167,168,Robbie Gould,,,K5,116.0,,,167.3,00-0023252,K,2019,0.9028571428571428,36,2005,-1.0,--,0.018000000000000002,,0.0,--,--,--,--,--,--,--,--,--,--,--,--,--,--,--,--,--,--,--,--,--
168,168,168,169,Nyheim Miller-Hines,LAC,6,RB57,,,,151.5,00-0034367,RB,2019,1.0,22,2018,0.3,12.7716255,--,104.0,5.0,16,0,0.0,0,52,199.0,2,44,320.0,0,1.0,0,0.0,0,89,380.0,3,63,482.0,4,0.0
169,169,169,170,Justin Jackson,,,RB58,198.0,,,168.7,00-0034440,RB,2019,0.6896551724137931,23,2018,0.1999999999999999,7.002857,0.004,251.0,0.0,7,0,0.0,0,29,200.0,0,9,22.0,0,0.0,0,0.0,0,59,270.0,0,19,173.0,0,0.0
170,170,170,171,Blake Jarwin ,,,TE17,181.0,,,169.0,00-0033658,TE,2019,1.0,25,2017,0.3849999999999999,14.654285,0.027999999999999997,,0.0,15,0,0.0,0,0,0.0,0,31,365.0,3,0.0,0,0.0,0,0,0.0,0,1,12.0,0,0.0
171,171,171,172,Darrel Williams,,,RB59,165.0,,,170.3,00-0034301,RB,2019,0.875,24,2018,0.2474999999999999,45.715004,0.003,,0.0,9,0,0.0,0,41,141.0,3,15,167.0,1,1.0,0,0.0,0,39,169.0,1,18,116.0,0,0.0
172,172,172,173,N'Keal Harry,,,WR59,,,,156.5,00-0035624,TE,2019,0.4375,21,2019,0.52,14.675714,0.013000000000000001,32.0,12.5,7,0,0.0,0,5,49.0,0,12,105.0,2,0.0,0,0.0,0,2,0.0,0,33,309.0,2,0.0
173,173,173,174,Larry Fitzgerald,,,WR60,150.0,,,172.3,00-0022921,WR,2019,1.0,36,2004,0.8406666666666666,32.087955,0.057999999999999996,3.0,27.6,16,0,0.0,0,0,0.0,0,73,835.0,4,1.0,0,0.0,0,0,0.0,0,54,409.0,1,0.0
174,174,174,175,Eric Ebron,,,TE18,169.0,,,158.5,00-0031387,TE,2019,0.9489795918367347,26,2014,0.4245454545454545,21.818548,0.03,10.0,19.9,11,0,0.0,0,0,0.0,0,31,375.0,3,0.0,0,0.0,0,0,0.0,0,56,558.0,5,1.0
175,175,175,176,Matt Prater,,,K6,124.0,,,180.7,00-0023853,K,2019,0.9147727272727273,35,2007,-1.0,--,0.023,,0.0,--,--,--,--,--,--,--,--,--,--,--,--,--,--,--,--,--,--,--,--,--
176,176,176,177,Michael Pittman Jr.,IND,7,WR61,189.0,,,173.3,00-0036252,WR,2019,--,21,2020,-1.0,--,0.011000000000000001,34.0,12.1,--,--,--,--,--,--,--,--,--,--,--,0,0.0,0,3,26.0,0,40,503.0,1,0.0
177,177,177,178,Parris Campbell ,,,WR62,180.0,,,173.7,00-0035639,WR,2019,0.4375,22,2019,0.3933333333333333,18.192858,0.006,59.0,8.6,7,0,0.0,0,4,34.0,0,18,127.0,1,1.0,0,0.0,0,2,16.0,0,6,71.0,0,0.0
178,178,178,179,Kirk Cousins,ATL,10,QB25,176.0,,,161.0,00-0029604,QB,2019,1.0,31,2012,0.9921428571428572,48.343056,0.166,102.0,5.1,15,307,3603.0,26,31,63.0,1,0,0.0,0,9.0,349,4265.0,35,32,156.0,1,0,0.0,0,18.0
179,179,179,180,Teddy Bridgewater,TB,13,QB26,149.0,,,161.0,00-0031237,QB,2019,0.7551020408163265,26,2014,0.6644444444444445,96.825516,0.106,32.0,12.5,9,133,1384.0,9,28,31.0,0,0,0.0,0,2.0,340,3733.0,15,53,279.0,5,0,0.0,0,14.0
180,180,180,181,Alshon Jeffery,,,WR63,,,,123.0,00-0029137,WR,2019,0.8396946564885496,29,2012,0.7655555555555557,87.33695,0.078,45.0,10.4,9,0,0.0,0,1,2.0,1,43,490.0,4,0.0,0,0.0,0,0,0.0,0,6,115.0,1,0.0
181,181,181,182,Dallas Goedert,PHI,9,TE19,,,,127.0,00-0034351,TE,2019,1.0,24,2018,0.6953846153846155,32.574097,0.008,49.0,9.8,15,0,0.0,0,0,0.0,0,58,607.0,5,2.0,0,0.0,0,0,0.0,0,46,524.0,3,0.0
182,182,182,183,Hunter Renfrow,CAR,13,WR64,163.0,,,164.5,00-0034983,WR,2019,0.8125,23,2019,0.5238461538461539,58.59731,0.004,149.0,2.7,13,0,0.0,0,0,0.0,0,49,605.0,4,0.0,0,0.0,0,0,0.0,0,56,656.0,2,1.0
183,183,183,184,Jimmy Graham,,,TE20,129.0,,,199.5,00-0027696,TE,2019,0.9192546583850931,32,2010,0.5828571428571429,30.207293,0.04,95.0,5.6,16,0,0.0,0,0,0.0,0,38,447.0,3,0.0,0,0.0,0,0,0.0,0,50,456.0,8,0.0
184,184,184,185,Derek Carr,,,QB27,131.0,,,165.5,00-0031280,QB,2019,1.0,28,2014,0.974,29.788208,0.15,36.0,11.8,16,361,4054.0,21,27,82.0,2,0,0.0,0,10.0,348,4103.0,27,39,140.0,3,0,0.0,0,17.0
185,185,185,186,Kyle Rudolph,,,TE21,130.0,,,169.0,00-0027981,TE,2019,0.9041095890410958,29,2011,0.7746666666666666,44.867428,0.048,43.0,10.6,15,0,0.0,0,0,0.0,0,39,367.0,6,0.0,0,0.0,0,0,0.0,0,28,334.0,1,1.0
186,186,186,187,Greg Olsen,,,TE22,143.0,,,167.5,00-0025418,TE,2019,0.9234972677595629,34,2007,0.8316666666666667,49.220936,0.035,31.0,12.7,14,0,0.0,0,0,0.0,0,52,597.0,2,0.0,0,0.0,0,0,0.0,0,24,239.0,1,0.0
187,187,187,188,LeSean McCoy,,,RB60,151.0,,,168.5,00-0027029,RB,2019,0.9890710382513661,31,2009,0.3491666666666667,41.570255,0.005,53.0,9.3,13,0,0.0,0,101,465.0,4,28,181.0,1,2.0,0,0.0,0,10,31.0,0,15,101.0,0,0.0
188,188,188,189,Breshad Perriman,,,WR65,200.0,,,170.5,00-0032054,WR,2019,0.8260869565217391,25,2015,0.6276923076923077,110.82247,0.033,26.0,13.9,14,0,0.0,0,2,16.0,0,36,645.0,6,0.0,0,0.0,0,1,6.0,0,30,505.0,3,0.0
189,189,189,190,Chris Herndon,IV,,TE23,,,,171.0,00-0034766,TE,2019,0.5625,23,2018,0.28,,0.004,107.0,4.8,1,0,0.0,0,0,0.0,0,1,7.0,0,0.0,0,0.0,0,0,0.0,0,31,287.0,3,2.0
190,190,190,191,Curtis Samuel,BUF,11,WR66,194.0,,,172.0,00-0033282,WR,2019,0.875,23,2017,0.8514285714285715,35.768955,0.01,40.0,11.1,16,0,0.0,0,19,130.0,1,54,627.0,6,0.0,0,0.0,0,41,200.0,2,77,851.0,3,0.0
191,191,191,192,Jack Doyle,,,TE24,,,,144.0,00-0030181,TE,2019,0.9565217391304348,29,2013,0.7393333333333333,23.831238,0.038,,0.0,15,0,0.0,0,0,0.0,0,43,448.0,4,0.0,0,0.0,0,0,0.0,0,23,251.0,3,1.0
192,192,192,193,Carlos Hyde,,,RB61,183.0,,,206.7,00-0031045,RB,2019,0.851063829787234,28,2014,0.4957142857142856,20.842,0.013999999999999999,57.0,8.9,16,0,0.0,0,245,1070.0,6,10,42.0,0,2.0,0,0.0,0,81,356.0,4,16,93.0,0,0.0
193,193,193,194,Tua Tagovailoa,MIA,7,QB28,145.0,,,225.5,00-0036212,QB,2019,--,21,2020,-1.0,--,0.038,5.0,24.3,--,--,--,--,--,--,--,--,--,--,--,186,1814.0,11,36,109.0,3,0,0.0,0,6.0
194,194,194,195,.J. Howard,O,,TE25,146.0,,,178.5,00-0033879,TE,2019,0.7916666666666666,24,2017,0.7861538461538462,19.022652,0.017,19.0,15.8,12,0,0.0,0,0,0.0,0,34,459.0,1,1.0,0,0.0,0,0,0.0,0,11,146.0,2,0.0
195,195,195,196,Jerick McKinnon,,,RB62,186.0,,,218.3,00-0031376,RB,2019,0.5212765957446809,27,2014,-1.0,--,0.006,96.0,5.5,--,--,--,--,--,--,--,--,--,--,--,0,0.0,0,81,319.0,5,33,253.0,1,0.0
196,196,196,197,Bryce Love,,,RB63,,,,231.5,00-0035256,RB,2019,0.0,22,2019,-1.0,--,0.004,112.0,4.6,--,--,--,--,--,--,--,--,--,--,--,--,--,--,--,--,--,--,--,--,--
197,197,197,198,Brandon Aiyuk,SF,11,WR67,197.0,,,183.0,00-0036261,WR,2019,--,21,2020,-1.0,--,0.016,25.0,14.1,--,--,--,--,--,--,--,--,--,--,--,0,0.0,0,6,77.0,2,60,748.0,5,0.0
198,198,198,199,Joshua Kelley,,,RB64,,,,195.0,00-0036370,RB,2019,--,21,2020,-1.0,--,0.005,112.0,4.6,--,--,--,--,--,--,--,--,--,--,--,0,0.0,0,111,354.0,2,23,148.0,0,2.0
199,199,199,200,Ian Thomas,LV,6,TE26,,,,161.0,00-0034365,TE,2019,1.0,23,2018,0.2728571428571428,28.185278,0.005,101.0,5.2,9,0,0.0,0,0,0.0,0,16,136.0,1,0.0,0,0.0,0,0,0.0,0,20,145.0,1,0.0
200,200,200,201,Bryan Edwards,,,WR68,199.0,,,187.7,00-0036365,WR,2019,--,20,2020,-1.0,--,0.006,81.0,6.6,--,--,--,--,--,--,--,--,--,--,--,0,0.0,0,0,0.0,0,11,193.0,1,0.0
201,201,201,202,Zane Gonzalez,,,K7,178.0,,,197.0,00-0033862,K,2019,1.0,24,2017,0.3366666666666666,--,0.016,224.0,0.1,--,--,--,--,--,--,--,--,--,--,--,--,--,--,--,--,--,--,--,--,--
202,202,202,203,Benny Snell Jr.,,,RB65,,,,212.5,00-0035217,RB,2019,0.8125,21,2019,0.1958333333333333,35.036545,0.004,122.0,4.0,11,0,0.0,0,108,426.0,2,3,23.0,0,1.0,0,0.0,0,111,368.0,4,10,61.0,0,1.0
203,203,203,204,Tyler Eifert,,,TE27,168.0,,,214.0,00-0030549,TE,2019,0.7474747474747475,28,2013,0.442142857142857,19.8785,0.024,21.0,15.2,16,0,0.0,0,0,0.0,0,43,436.0,3,0.0,0,0.0,0,0,0.0,0,36,349.0,2,0.0
204,204,204,205,Sam Darnold,SEA,6,QB29,,,,170.0,00-0034869,QB,2019,0.96875,22,2018,0.9945454545454544,76.132774,0.043,3.0,27.6,13,273,3024.0,19,33,62.0,2,0,0.0,0,16.0,217,2208.0,9,37,217.0,2,0,0.0,0,13.0
205,205,205,206,Jamaal Williams,,,RB66,,,,171.0,00-0033948,RB,2019,0.9583333333333334,24,2017,0.4091666666666667,44.907307,0.004,134.0,3.4,14,0,0.0,0,107,460.0,1,39,253.0,5,0.0,0,0.0,0,119,505.0,2,31,236.0,1,0.0
206,206,206,207,James Robinson,,,RB67,171.0,,,262.5,00-0035831,RB,2019,--,21,2020,-1.0,--,0.004,,0.0,--,--,--,--,--,--,--,--,--,--,--,0,0.0,0,240,1070.0,7,49,344.0,3,1.0
207,207,207,208,Dede Westbrook ,,,WR69,,,,172.0,00-0033839,WR,2019,0.7916666666666666,25,2017,0.7285714285714285,45.50838,0.005,110.0,4.7,15,0,0.0,0,5,27.0,0,66,660.0,3,0.0,0,0.0,0,0,0.0,0,1,4.0,0,0.0
208,208,208,209,Denzel Mims,,,WR70,,,,175.0,00-0036255,WR,2019,--,21,2020,-1.0,--,0.006999999999999999,59.0,8.6,--,--,--,--,--,--,--,--,--,--,--,0,0.0,0,0,0.0,0,23,357.0,0,0.0
209,209,209,210,Irv Smith Jr.,HOU,8,TE28,182.0,,,188.0,00-0034970,TE,2019,1.0,21,2019,0.5893333333333334,13.015,0.008,50.0,9.7,14,0,0.0,0,0,0.0,0,36,311.0,2,0.0,0,0.0,0,0,0.0,0,30,365.0,5,0.0
210,210,210,211,Los Angeles Chargers,DST,6,DST10,,,,194.0,--,D/ST,2019,--,D/ST,D/ST,-1.0,--,--,,0.0,--,--,--,--,--,--,--,--,--,--,--,--,--,--,--,--,--,--,--,--,--
211,211,211,212,Rashaad Penny,,,RB68,,,,176.0,00-0034750,RB,2019,0.84375,23,2018,0.21625,89.36,0.015,27.0,13.6,9,0,0.0,0,65,370.0,3,8,83.0,1,1.0,0,0.0,0,11,34.0,0,0,0.0,0,0.0
212,212,212,213,Antonio Brown,,,WR71,,,,178.0,00-0027793,WR,2019,1.0,31,2010,0.34,,0.008,195.0,1.0,1,0,0.0,0,1,5.0,0,4,56.0,1,0.0,0,0.0,0,2,-2.0,0,45,483.0,4,0.0
213,213,213,214,Laviska Shenault Jr.,BUF,11,WR72,,,,202.5,00-0036268,WR,2019,--,20,2020,-1.0,--,0.01,42.0,10.8,--,--,--,--,--,--,--,--,--,--,--,0,0.0,0,18,91.0,0,58,600.0,5,0.0
214,214,214,215,John Ross,,,WR73,,,,180.0,00-0033460,WR,2019,0.75,23,2017,0.7414285714285713,126.30785,0.026000000000000002,9.0,20.6,8,0,0.0,0,3,4.0,0,28,506.0,3,1.0,0,0.0,0,0,0.0,0,2,17.0,0,0.0
215,215,215,216,Chase Claypool,,,WR74,,,,214.5,00-0036326,WR,2019,--,21,2020,-1.0,--,0.008,49.0,9.8,--,--,--,--,--,--,--,--,--,--,--,0,0.0,0,10,16.0,2,62,873.0,9,1.0
216,216,216,217,Los Angeles Rams,DST,9,DST11,,,,191.0,--,D/ST,2019,--,D/ST,D/ST,-1.0,--,--,,0.0,--,--,--,--,--,--,--,--,--,--,--,--,--,--,--,--,--,--,--,--,--
217,217,217,218,Tampa Bay Buccaneers,DST,13,DST12,,,,229.5,--,D/ST,2019,--,D/ST,D/ST,-1.0,--,--,,0.0,--,--,--,--,--,--,--,--,--,--,--,--,--,--,--,--,--,--,--,--,--
218,218,218,219,Younghoe Koo,ATL,10,K8,,,,233.5,00-0033702,K,2019,1.0,25,2017,-1.0,--,0.003,,0.0,--,--,--,--,--,--,--,--,--,--,--,--,--,--,--,--,--,--,--,--,--
219,219,219,220,Matt Gay,WAS,8,K9,195.0,,,195.7,00-0035269,K,2019,1.0,25,2019,0.1766666666666667,--,0.004,145.0,2.9,--,--,--,--,--,--,--,--,--,--,--,--,--,--,--,--,--,--,--,--,--
220,220,220,221,Corey Davis,,,WR75,,,,185.0,00-0033871,WR,2019,0.9791666666666666,24,2017,0.7584615384615384,30.969238,0.038,5.0,24.3,15,0,0.0,0,0,0.0,0,43,601.0,2,0.0,0,0.0,0,0,0.0,0,65,984.0,5,1.0
221,221,221,222,Green Bay Packers,DST,5,DST13,185.0,,,220.5,--,D/ST,2019,--,D/ST,D/ST,-1.0,--,--,,0.0,--,--,--,--,--,--,--,--,--,--,--,--,--,--,--,--,--,--,--,--,--
222,222,222,223,Lamar Miller,,,RB69,,,,187.0,00-0029615,RB,2019,0.8787878787878788,28,2012,-1.0,--,0.005,97.0,5.5,--,--,--,--,--,--,--,--,--,--,--,0,0.0,0,0,0.0,0,2,6.0,0,0.0
223,223,223,224,Indianapolis Colts,DST,7,DST14,,,,229.5,--,D/ST,2019,--,D/ST,D/ST,-1.0,--,--,,0.0,--,--,--,--,--,--,--,--,--,--,--,--,--,--,--,--,--,--,--,--,--
224,224,224,225,Tee Higgins,CIN,9,WR76,,,,188.0,00-0036410,WR,2019,--,20,2020,-1.0,--,0.011000000000000001,33.0,12.3,--,--,--,--,--,--,--,--,--,--,--,0,0.0,0,5,28.0,0,67,908.0,6,1.0
225,225,225,226,Devonta Freeman,,,RB70,188.0,,,205.5,00-0031285,RB,2019,0.8775510204081632,27,2014,0.6515384615384614,72.7044,0.006999999999999999,103.0,5.1,14,0,0.0,0,184,656.0,2,59,410.0,4,2.0,0,0.0,0,54,172.0,1,7,58.0,0,0.0
226,226,226,227,Dallas Cowboys,DST,10,DST15,,,,226.5,--,D/ST,2019,--,D/ST,D/ST,-1.0,--,--,,0.0,--,--,--,--,--,--,--,--,--,--,--,--,--,--,--,--,--,--,--,--,--
227,227,227,228,Ka'imi Fairbairn,HOU,8,K10,,,,217.5,00-0032726,K,2019,0.75,25,2016,-1.0,--,0.022000000000000002,,0.0,--,--,--,--,--,--,--,--,--,--,--,--,--,--,--,--,--,--,--,--,--
228,228,228,229,Denver Broncos,DST,5,DST16,,,,205.5,--,D/ST,2019,--,D/ST,D/ST,-1.0,--,--,,0.0,--,--,--,--,--,--,--,--,--,--,--,--,--,--,--,--,--,--,--,--,--
229,229,229,230,Michael Badgley,,,K11,192.0,,,218.5,00-0034084,K,2019,0.8076923076923077,24,2018,-1.0,--,0.003,,0.0,--,--,--,--,--,--,--,--,--,--,--,--,--,--,--,--,--,--,--,--,--
230,230,230,231,Mason Crosby,,,K12,193.0,,,222.0,00-0025580,K,2019,1.0,34,2007,0.3564285714285714,--,0.022000000000000002,193.0,1.1,--,--,--,--,--,--,--,--,--,--,--,--,--,--,--,--,--,--,--,--,--
231,231,231,232,James Washington,,,WR77,,,,195.0,00-0034676 ,D/ST,2019,--,D/ST,D/ST,-1.0,--,--,,0.0,--,--,--,--,--,--,--,--,--,--,--,--,--,--,--,--,--,--,--,--,--
232,232,232,233,Philadelphia Eagles,DST,9,DST17,,,,213.0,--,D/ST,2019,--,D/ST,D/ST,-1.0,--,--,,0.0,--,--,--,--,--,--,--,--,--,--,--,--,--,--,--,--,--,--,--,--,--
233,233,233,234,Washington Commanders,DST,8,DST18,196.0,,,200.0,--,D/ST,2019,--,D/ST,D/ST,-1.0,--,--,,0.0,--,--,--,--,--,--,--,--,--,--,--,--,--,--,--,--,--,--,--,--,--
234,234,234,235,Jake Elliott,PHI,9,K13,,,,221.0,00-0033787,K,2019,1.0,24,2017,0.33,,0.021,153.0,2.6,1,0,0.0,0,0,0.0,0,0,0.0,0,1.0,--,--,--,--,--,--,--,--,--,--
235,235,235,236,Cincinnati Bengals,DST,9,DST19,,,,197.0,--,D/ST,2019,--,D/ST,D/ST,-1.0,--,--,,0.0,--,--,--,--,--,--,--,--,--,--,--,--,--,--,--,--,--,--,--,--,--
236,236,236,237,Dan Bailey,,,K14,,,,234.0,00-0028660,K,2019,1.0,31,2011,-1.0,--,0.017,,0.0,--,--,--,--,--,--,--,--,--,--,--,--,--,--,--,--,--,--,--,--,--
237,237,237,238,Kenny Stills,,,WR78,,,,205.0,00-0030085,WR,2019,0.9739130434782609,27,2013,0.6654545454545455,27.760897,0.001,144.0,3.0,13,0,0.0,0,0,0.0,0,40,561.0,4,0.0,0,0.0,0,0,0.0,0,11,144.0,1,0.0
238,238,238,239,Josh Gordon,,,WR79,,,,207.0,00-0029664,WR,2019,0.7628865979381443,28,2012,-1.0,25.621998,0.005,1.0,34.6,11,0,0.0,0,1,1.0,0,27,426.0,1,1.0,--,--,--,--,--,--,--,--,--,--
239,239,239,240,Justice Hill,BAL,7,RB71,,,,209.0,00-0034975,RB,2019,1.0,21,2019,0.1714285714285714,17.112858,0.004,113.0,4.5,15,0,0.0,0,58,225.0,2,8,70.0,0,0.0,0,0.0,0,12,60.0,0,5,20.0,0,0.0
240,240,240,241,Darrynton Evans,BUF,11,RB72,,,,210.0,00-0036297,RB,2019,--,21,2020,-1.0,--,0.006,93.0,5.7,--,--,--,--,--,--,--,--,--,--,--,0,0.0,0,14,54.0,0,2,27.0,1,0.0
241,241,241,242,Atlanta Falcons,DST,10,DST20,,,,212.0,--,D/ST,2019,--,D/ST,D/ST,-1.0,--,--,,0.0,--,--,--,--,--,--,--,--,--,--,--,--,--,--,--,--,--,--,--,--,--
242,242,242,243,Randall Cobb,,,WR80,,,,214.0,00-0028002,WR,2019,1.0,29,2011,0.6976923076923077,38.57495,0.045,64.0,8.1,15,0,0.0,0,3,11.0,0,55,828.0,3,1.0,0,0.0,0,0,0.0,0,38,441.0,3,0.0
243,243,243,244,Devin Duvernay,CHI,11,WR81,,,,215.0,00-0036331,WR,2019,--,21,2020,-1.0,--,0.006,92.0,5.8,--,--,--,--,--,--,--,--,--,--,--,0,0.0,0,4,70.0,0,20,201.0,0,0.0
244,244,244,245,Malcolm Brown,,,RB73,,,,216.0,00-0031806,RB,2019,0.921875,26,2015,0.2572727272727272,26.46269,0.009000000000000001,,0.0,13,0,0.0,0,69,255.0,5,2,16.0,0,0.0,0,0.0,0,101,419.0,5,23,162.0,0,1.0
245,245,245,246,Lynn Bowden Jr.,,,WR82,,,,217.0,00-0036364,WR,2019,--,21,2020,-1.0,--,0.006,80.0,6.7,--,--,--,--,--,--,--,--,--,--,--,1,32.0,0,9,32.0,0,28,211.0,0,0.0
246,246,246,247,Willie Snead,IV,,WR83,,,,218.0,00-0030663,WR,2019,0.9629629629629629,26,2014,0.625,24.143957,0.032,,0.0,16,0,0.0,0,2,2.0,0,31,339.0,5,0.0,0,0.0,0,0,0.0,0,33,432.0,3,0.0
247,247,247,248,Cole Beasley,,,WR84,,,,220.0,00-0029000,WR,2019,0.9924242424242424,30,2012,0.7107142857142856,30.477428,0.039,,0.0,15,0,0.0,0,0,0.0,0,67,778.0,6,0.0,1,20.0,1,0,0.0,0,82,967.0,4,0.0
248,248,248,249,Anthony McFarland Jr.,,,RB74,,,,221.0,00-0036336,RB,2019,--,20,2020,-1.0,--,0.005,124.0,3.9,--,--,--,--,--,--,--,--,--,--,--,0,0.0,0,33,113.0,0,6,54.0,0,0.0
249,249,249,250,Detroit Lions,DST,5,DST21,,,,222.0,--,D/ST,2019,--,D/ST,D/ST,-1.0,--,--,,0.0,--,--,--,--,--,--,--,--,--,--,--,--,--,--,--,--,--,--,--,--,--
250,250,250,251,Brian Hill,,,RB75,,,,226.0,00-0033567,RB,2019,0.9761904761904762,23,2017,0.2618181818181818,16.275112,0.011000000000000001,156.0,2.4,10,0,0.0,0,78,323.0,2,10,69.0,1,0.0,0,0.0,0,100,465.0,1,25,199.0,0,1.0
251,251,251,252,Jalen Hurts,PHI,9,QB30,,,,228.0,00-0036389,QB,2019,--,21,2020,-1.0,--,0.008,53.0,9.3,--,--,--,--,--,--,--,--,--,--,--,77,1061.0,6,63,354.0,3,1,3.0,0,6.0
252,252,252,253,Giovani Bernard,,,RB76,,,,229.0,00-0030456,RB,2019,0.9478260869565217,27,2013,0.4164285714285714,5.75,0.027000000000000003,37.0,11.6,16,0,0.0,0,53,170.0,0,30,234.0,0,1.0,0,0.0,0,124,416.0,3,47,355.0,3,1.0
253,253,253,254,Dawson Knox,BUF,11,TE29,,,,230.0,00-0035689,TE,2019,0.9375,22,2019,0.6328571428571429,19.314096,0.005,96.0,5.5,15,0,0.0,0,1,9.0,0,28,388.0,2,0.0,0,0.0,0,0,0.0,0,24,288.0,3,2.0
254,254,254,255,Ryan Fitzpatrick,,,QB31,,,,233.0,00-0023682,QB,2019,0.9171270718232044,36,2005,0.8485714285714286,88.204506,0.028999999999999998,250.0,0.0,15,311,3529.0,20,54,243.0,4,0,0.0,0,15.0,183,2091.0,13,30,151.0,2,1,0.0,0,8.0
255,255,255,256,Royce Freeman,,,RB77,,,,234.0,00-0034838,RB,2019,1.0,23,2018,0.5028571428571428,18.717167,0.006,71.0,7.5,16,0,0.0,0,132,496.0,3,43,256.0,1,0.0,0,0.0,0,35,170.0,0,12,81.0,0,0.0
256,256,256,257,Mohamed Sanu Sr.,,,WR85,,,,235.0,00-0029632,WR,2019,0.890625,30,2012,0.7976923076923078,44.393524,0.006,83.0,6.5,15,0,0.0,0,3,11.0,0,59,520.0,2,0.0,0,0.0,0,1,3.0,0,17,187.0,1,0.0
257,257,257,258,New York Jets,DST,10,DST22,,,,236.0,--,D/ST,2019,--,D/ST,D/ST,-1.0,--,--,,0.0,--,--,--,--,--,--,--,--,--,--,--,--,--,--,--,--,--,--,--,--,--
258,258,258,259,Devin Asiasi,,,TE30,,,,237.0,00-0036194,TE,2019,--,22,2020,-1.0,--,0.006,91.0,5.9,--,--,--,--,--,--,--,--,--,--,--,0,0.0,0,0,0.0,0,2,39.0,1,0.0
259,259,259,260,C.J. Uzomah ,,,TE31,,,,238.0,00-0032134,TE,2019,1.0,26,2015,0.5742857142857144,27.04923,0.032,157.0,2.4,13,0,0.0,0,0,0.0,0,27,242.0,2,0.0,0,0.0,0,0,0.0,0,8,87.0,1,0.0
260,260,260,261,Tennessee Titans,DST,4,DST23,,,,239.0,--,D/ST,2019,--,D/ST,D/ST,-1.0,--,--,,0.0,--,--,--,--,--,--,--,--,--,--,--,--,--,--,--,--,--,--,--,--,--
261,261,261,262,Jason Sanders,MIA,7,K15,,,,240.0,00-0034794,K,2019,1.0,23,2018,0.2699999999999999,,0.004,229.0,0.0,1,0,0.0,0,0,0.0,0,1,1.0,1,0.0,--,--,--,--,--,--,--,--,--,--
262,262,262,263,Seattle Seahawks,DST,6,DST24,,,,241.0,--,D/ST,2019,--,D/ST,D/ST,-1.0,--,--,,0.0,--,--,--,--,--,--,--,--,--,--,--,--,--,--,--,--,--,--,--,--,--
263,263,263,264,Tyrod Taylor,NYJ,10,QB32,,,,242.0,00-0028118,QB,2019,1.0,30,2011,0.0685714285714285,9.164633,0.028999999999999998,180.0,1.5,4,4,33.0,1,10,7.0,0,0,0.0,0,0.0,16,208.0,0,6,7.0,0,0,0.0,0,0.0
264,264,264,265,Austin Seibert,,,K16,,,,243.0,00-0035145,K,2019,1.0,22,2019,0.3186666666666666,--,0.004,170.0,1.9,--,--,--,--,--,--,--,--,--,--,--,--,--,--,--,--,--,--,--,--,--
265,265,265,266,Frank Gore,,,RB78,,,,247.0,00-0023500,RB,2019,0.9213483146067416,36,2005,0.3513333333333333,26.460667,0.005,65.0,8.0,15,0,0.0,0,166,599.0,2,13,100.0,0,0.0,0,0.0,0,187,653.0,2,16,89.0,0,1.0
266,266,266,267,Jace Sternberger,,,TE32,,,,252.0,00-0035671,TE,2019,0.375,23,2019,0.1639999999999999,,0.005,75.0,7.1,1,0,0.0,0,0,0.0,0,0,0.0,0,0.0,0,0.0,0,0,0.0,0,12,114.0,1,0.0
267,267,267,268,Andy Isabella,,,WR86,,,,253.0,00-0035527,WR,2019,1.0,22,2019,0.1592857142857142,30.355001,0.006,62.0,8.3,9,0,0.0,0,4,15.0,0,9,189.0,1,0.0,0,0.0,0,1,-6.0,0,21,224.0,2,0.0
268,268,268,269,Eno Benjamin,,,RB79,,,,254.0,00-0036383,RB,2019,--,20,2020,-1.0,--,0.004,222.0,0.2,--,--,--,--,--,--,--,--,--,--,--,--,--,--,--,--,--,--,--,--,--
269,269,269,270,Jalen Richard,,,RB80,,,,255.0,00-0033025,RB,2019,1.0,25,2016,0.2886666666666667,10.115334,0.018000000000000002,,0.0,16,0,0.0,0,39,145.0,0,36,323.0,0,0.0,0,0.0,0,22,123.0,1,19,138.0,0,0.0
270,270,270,271,David Njoku,CLE,9,TE33,,,,258.0,00-0033885,TE,2019,0.75,23,2017,0.38,56.823326,0.013999999999999999,29.0,13.2,3,0,0.0,0,0,0.0,0,5,41.0,1,0.0,0,0.0,0,0,0.0,0,19,213.0,2,0.0
271,271,271,272,Sam Sloman,,,K17,,,,259.0,00-0036436,K,2019,--,21,2020,-1.0,--,0.004,248.0,0.0,--,--,--,--,--,--,--,--,--,--,--,--,--,--,--,--,--,--,--,--,--
272,272,272,273,Kendrick Bourne,NE,5,WR87,,,,261.0,00-0033307,WR,2019,1.0,24,2017,0.4230769230769231,27.335999,0.016,,0.0,15,0,0.0,0,0,0.0,0,30,358.0,5,0.0,0,0.0,0,0,0.0,0,49,667.0,2,0.0
273,273,273,274,Josh Reynolds,NYJ,10,WR88,,,,262.0,00-0033943,WR,2019,1.0,24,2017,0.3776923076923077,20.10096,0.005,117.0,4.3,16,0,0.0,0,5,23.0,0,21,326.0,1,0.0,0,0.0,0,1,5.0,0,52,618.0,2,0.0
274,274,274,275,Gus Edwards,,,RB81,,,,263.0,00-0034184,RB,2019,1.0,24,2018,0.3514285714285714,18.589167,0.004,,0.0,16,0,0.0,0,133,711.0,2,7,45.0,0,1.0,0,0.0,0,144,723.0,6,9,129.0,0,1.0
275,275,275,276,Brandon McManus,GB,5,K18,,,,265.0,00-0029822,K,2019,1.0,28,2014,-1.0,--,0.022000000000000002,,0.0,--,--,--,--,--,--,--,--,--,--,--,--,--,--,--,--,--,--,--,--,--
276,276,276,277,Will Dissly,LAC,6,TE34,,,,266.0,00-0034159,TE,2019,0.3125,23,2018,0.5900000000000001,84.68167,0.004,120.0,4.1,6,0,0.0,0,1,7.0,0,23,262.0,4,0.0,0,0.0,0,0,0.0,0,24,251.0,2,0.0
277,277,277,278,Jaylen Samuels,,,RB82,,,,267.0,00-0034331,RB,2019,0.9375,23,2018,0.4161538461538461,49.697575,0.004,165.0,2.1,13,4,35.0,0,66,175.0,1,47,305.0,1,2.0,0,0.0,0,9,28.0,0,9,46.0,0,0.0
278,278,278,279,Randy Bullock,,,K19,,,,268.0,00-0029421,K,2019,1.0,29,2012,0.2692857142857143,--,0.012,161.0,2.2,--,--,--,--,--,--,--,--,--,--,--,--,--,--,--,--,--,--,--,--,--
279,279,279,280,Dion Lewis,,,RB83,,,,269.0,00-0028087,RB,2019,0.8411214953271028,28,2011,0.3757142857142857,8.831715,0.008,149.0,2.7,15,0,0.0,0,54,209.0,0,25,164.0,1,1.0,0,0.0,0,29,115.0,2,19,127.0,1,1.0
280,280,280,281,Cleveland Browns,DST,9,DST25,,,,273.0,--,D/ST,2019,--,D/ST,D/ST,-1.0,--,--,,0.0,--,--,--,--,--,--,--,--,--,--,--,--,--,--,--,--,--,--,--,--,--
281,281,281,282,Dustin Hopkins,CLE,9,K20,,,,275.0,00-0030098,K,2019,0.8470588235294118,28,2013,0.2561538461538462,--,0.013999999999999999,177.0,1.6,--,--,--,--,--,--,--,--,--,--,--,--,--,--,--,--,--,--,--,--,--
282,282,282,283,Danny Amendola,,,WR89,,,,276.0,00-0026035,WR,2019,0.9644970414201184,33,2008,0.6261538461538462,46.559193,0.025,,0.0,15,1,19.0,1,0,0.0,0,62,678.0,1,0.0,0,0.0,0,1,2.0,0,46,602.0,0,0.0
283,283,283,284,Tre'Quan Smith,,,WR90,,,,277.0,00-0034765,WR,2019,0.875,23,2018,0.5962500000000001,25.909334,0.005,91.0,5.9,10,0,0.0,0,0,0.0,0,18,234.0,5,0.0,0,0.0,0,1,3.0,0,34,448.0,4,0.0
284,284,284,285,La'Mical Perine,,,RB84,,,,279.0,00-0036269,RB,2019,--,21,2020,-1.0,--,0.005,120.0,4.1,--,--,--,--,--,--,--,--,--,--,--,0,0.0,0,64,232.0,2,11,63.0,0,0.0
285,285,285,286,Eddy Pineiro,,,K21,,,,280.0,00-0034173,K,2019,0.5,23,2018,-1.0,--,0.003,,0.0,--,--,--,--,--,--,--,--,--,--,--,--,--,--,--,--,--,--,--,--,--
286,286,286,287,Ito Smith,,,RB85,,,,281.0,00-0034378,RB,2019,0.65625,23,2018,0.2999999999999999,26.138096,0.004,126.0,3.8,7,0,0.0,0,22,106.0,1,11,87.0,0,0.0,0,0.0,0,63,268.0,1,17,75.0,0,0.0
287,287,287,288,Dwayne Haskins,,,QB33,,,,282.0,00-0035232,QB,2019,0.9375,22,2019,0.7466666666666667,46.559948,--,15.0,17.4,9,119,1365.0,7,20,101.0,0,0,0.0,0,9.0,148,1439.0,5,20,46.0,1,0,0.0,0,10.0
288,288,288,289,Joey Slye,TEN,4,K22,,,,283.0,00-0035192,K,2019,1.0,23,2019,-1.0,--,0.003,,0.0,--,--,--,--,--,--,--,--,--,--,--,--,--,--,--,--,--,--,--,--,--
289,289,289,290,Gerald Everett,,,TE35,,,,285.0,00-0033895,TE,2019,0.9375,25,2017,0.5318181818181817,47.532425,0.009000000000000001,44.0,10.5,12,0,0.0,0,1,0.0,0,37,408.0,2,0.0,0,0.0,0,1,2.0,1,41,417.0,1,1.0
290,290,290,291,Daniel Carlson,LV,6,K23,,,,287.0,00-0034161,K,2019,1.0,24,2018,0.3133333333333334,--,0.004,167.0,2.0,--,--,--,--,--,--,--,--,--,--,--,--,--,--,--,--,--,--,--,--,--
291,291,291,292,Cole Kmet,CHI,11,TE36,,,,288.0,00-0036290,TE,2019,--,20,2020,-1.0,--,0.01,43.0,10.6,--,--,--,--,--,--,--,--,--,--,--,0,0.0,0,1,-3.0,0,28,243.0,2,1.0
292,292,292,293,Chris Conley,,,WR91,,,,289.0,00-0032128,WR,2019,0.8641975308641975,26,2015,0.7999999999999999,47.501625,0.012,76.0,7.0,16,0,0.0,0,0,0.0,0,47,775.0,5,0.0,0,0.0,0,0,0.0,0,40,471.0,2,1.0
293,293,293,294,KJ Hamler,BUF,11,WR92,,,,290.0,00-0036412,WR,2019,--,20,2020,-1.0,--,0.009000000000000001,46.0,10.2,--,--,--,--,--,--,--,--,--,--,--,0,0.0,0,9,40.0,0,30,381.0,3,0.0
294,294,294,295,Jason Myers,SEA,6,K24,,,,291.0,00-0031492,K,2019,1.0,28,2015,-1.0,--,0.021,,0.0,--,--,--,--,--,--,--,--,--,--,--,--,--,--,--,--,--,--,--,--,--
295,295,295,296,Sam Ficken,,,K25,,,,292.0,00-0033138,K,2019,1.0,26,2017,-1.0,--,0.003,,0.0,--,--,--,--,--,--,--,--,--,--,--,--,--,--,--,--,--,--,--,--,--
296,296,296,297,Chris Boswell,PIT,4,K26,,,,293.0,00-0031136,K,2019,0.987012987012987,28,2014,-1.0,--,0.024,,0.0,--,--,--,--,--,--,--,--,--,--,--,--,--,--,--,--,--,--,--,--,--
297,297,297,298,Vance McDonald,,,TE37,,,,295.0,00-0030470,TE,2019,0.8392857142857143,29,2013,0.7876923076923077,34.04247,0.026000000000000002,55.0,9.1,14,0,0.0,0,1,2.0,0,38,273.0,3,0.0,0,0.0,0,0,0.0,0,15,99.0,0,0.0
298,298,298,299,Rex Burkhead ,,,RB86,,,,296.0,00-0030288,RB,2019,0.9043478260869565,29,2013,0.325,39.17359,0.01,190.0,1.2,13,0,0.0,0,65,302.0,3,27,279.0,0,1.0,0,0.0,0,67,274.0,3,25,192.0,3,0.0
299,299,299,300,Jarrett Stidham,DEN,5,QB34,,,,297.0,00-0035264,QB,2019,1.0,23,2019,0.0633333333333333,0.6085334,0.004,133.0,3.5,3,2,14.0,0,2,-2.0,0,0,0.0,0,1.0,22,256.0,2,7,7.0,0,0,0.0,0,3.0
300,300,300,301,Miles Boykin,CHI,11,WR93,,,,298.0,00-0035703,WR,2019,1.0,22,2019,0.3792857142857143,17.089697,0.005,93.0,5.7,12,0,0.0,0,0,0.0,0,13,198.0,3,0.0,0,0.0,0,0,0.0,0,19,266.0,4,0.0
301,301,301,302,Stephen Hauschka,,,K27,,,,299.0,00-0025944,K,2019,0.8963414634146342,34,2008,-1.0,--,0.005,,0.0,--,--,--,--,--,--,--,--,--,--,--,--,--,--,--,--,--,--,--,--,--
302,302,302,303,Justin Herbert,LAC,6,QB35,,,,300.0,00-0036355,QB,2019,--,21,2020,-1.0,--,0.034,6.0,23.2,--,--,--,--,--,--,--,--,--,--,--,396,4336.0,31,55,234.0,5,0,0.0,0,11.0
303,303,303,304,Darwin Thompson,,,RB87,,,,301.0,00-0035148,RB,2019,0.75,22,2019,0.1172727272727272,12.367666,0.004,214.0,0.4,10,0,0.0,0,37,128.0,1,9,43.0,0,0.0,0,0.0,0,27,97.0,1,7,65.0,1,1.0
304,304,304,305,Auden Tate ,,,WR94,,,,302.0,00-0034686,WR,2019,0.9,22,2018,0.8540000000000001,18.508108,--,253.0,0.0,12,0,0.0,0,0,0.0,0,40,575.0,1,1.0,0,0.0,0,0,0.0,0,14,150.0,0,0.0
305,305,305,306,Zach Pascal,NYG,11,WR95,,,,303.0,00-0033251,WR,2019,1.0,24,2017,0.7293333333333334,78.50247,0.004,,0.0,14,0,0.0,0,2,16.0,0,41,607.0,5,0.0,0,0.0,0,0,0.0,0,44,629.0,5,0.0
306,306,306,307,Peyton Barber,,,RB88,,,,304.0,00-0032741,RB,2019,1.0,25,2016,0.2973333333333333,25.36829,0.008,,0.0,16,0,0.0,0,154,470.0,6,16,115.0,1,1.0,0,0.0,0,94,258.0,4,4,12.0,0,0.0
307,307,307,308,Houston Texans,DST,8,DST26,,,,305.0,--,D/ST,2019,--,D/ST,D/ST,-1.0,--,--,,0.0,--,--,--,--,--,--,--,--,--,--,--,--,--,--,--,--,--,--,--,--,--
308,308,308,309,Stephen Gostkowski,,,K28,,,,307.0,00-0024333,K,2019,0.88,35,2006,0.4325,--,0.013999999999999999,118.0,4.2,--,--,--,--,--,--,--,--,--,--,--,--,--,--,--,--,--,--,--,--,--
309,309,309,310,Steven Sims Jr.,SEA,6,WR96,,,,309.0,00-0034928,WR,2019,1.0,22,2019,0.2615384615384615,58.32192,0.003,,0.0,13,0,0.0,0,9,85.0,1,34,310.0,4,0.0,0,0.0,0,1,18.0,0,27,265.0,1,0.0
310,310,310,311,Nelson Agholor,,,WR97,,,,310.0,00-0031549,WR,2019,0.9382716049382716,26,2015,0.8863636363636366,64.30073,0.005,20.0,15.5,11,0,0.0,0,2,7.0,0,39,363.0,3,1.0,0,0.0,0,0,0.0,0,48,896.0,8,0.0
311,311,311,312,Nick Foles,,,QB36,,,,311.0,00-0029567,QB,2019,0.816793893129771,30,2012,0.5299999999999999,78.84117,0.04,88.0,6.1,4,77,736.0,3,4,23.0,0,0,0.0,0,4.0,202,1852.0,10,16,1.0,1,0,0.0,0,8.0
312,312,312,313,Josh Lambo ,,,K29,,,,312.0,00-0032087,K,2019,0.9866666666666667,28,2015,-1.0,--,0.02,,0.0,--,--,--,--,--,--,--,--,--,--,--,--,--,--,--,--,--,--,--,--,--
313,313,313,314,Phillip Dorsett II,LV,6,WR98,,,,315.0,00-0032208,WR,2019,0.9753086419753086,26,2015,0.5483333333333333,58.03055,0.005,29.0,13.2,11,0,0.0,0,3,21.0,0,29,397.0,5,0.0,--,--,--,--,--,--,--,--,--,--
314,314,314,315,Logan Thomas,,,TE38,,,,316.0,00-0031260,TE,2019,1.0,28,2014,0.3014285714285714,7.773589,0.016,120.0,4.1,13,0,0.0,0,0,0.0,0,16,173.0,1,0.0,1,28.0,0,3,5.0,0,72,670.0,6,0.0
315,315,315,316,Adam Humphries,,,WR99,,,,318.0,00-0032009,WR,2019,0.9487179487179487,26,2015,0.5245454545454545,16.031744,0.048,,0.0,12,0,0.0,0,1,1.0,0,37,374.0,2,0.0,0,0.0,0,0,0.0,0,23,228.0,2,0.0
316,316,316,317,Marquez Valdes-Scantling,SEA,6,WR100,,,,319.0,00-0034272,WR,2019,1.0,24,2018,0.5371428571428571,51.390663,0.004,174.0,1.7,15,0,0.0,0,2,9.0,0,26,452.0,2,0.0,0,0.0,0,4,13.0,0,33,690.0,6,1.0
317,317,317,318,Cameron Brate,,,TE39,,,,320.0,00-0031273,TE,2019,0.9880952380952381,28,2014,0.3853333333333333,28.460714,0.038,,0.0,14,0,0.0,0,0,0.0,0,36,311.0,4,0.0,0,0.0,0,0,0.0,0,28,282.0,2,0.0
318,318,318,319,Russell Gage Jr.,SF,11,WR101,,,,321.0,00-0034411,WR,2019,1.0,23,2018,0.4093333333333333,31.80923,0.004,194.0,1.1,14,0,0.0,0,4,12.0,0,49,446.0,1,0.0,1,39.0,1,2,9.0,0,72,786.0,4,0.0
319,319,319,320,Jacob Hollister,,,TE40,,,,322.0,00-0033387,TE,2019,1.0,25,2017,0.6611111111111111,37.18989,0.016,,0.0,10,0,0.0,0,0,0.0,0,41,349.0,3,0.0,0,0.0,0,0,0.0,0,25,209.0,3,0.0
320,320,320,321,Mitchell Trubisky,BUF,11,QB37,,,,323.0,00-0033869,QB,2019,0.9791666666666666,25,2017,0.935,74.97329,0.043,2.0,30.2,15,326,3138.0,17,48,193.0,2,0,0.0,0,12.0,199,2055.0,16,33,195.0,1,0,0.0,0,10.0
321,321,321,322,Patrick Laird,,,RB89,,,,324.0,00-0035342,RB,2019,1.0,24,2019,0.2285714285714285,28.493568,0.003,,0.0,8,0,0.0,0,62,168.0,1,23,204.0,0,0.0,0,0.0,0,13,72.0,0,10,68.0,0,1.0
322,322,322,323,Demarcus Robinson,SF,11,WR102,,,,325.0,00-0032775,WR,2019,1.0,24,2016,0.6846666666666668,77.524956,0.012,126.0,3.8,15,0,0.0,0,0,0.0,0,32,449.0,4,0.0,0,0.0,0,0,0.0,0,45,466.0,3,1.0
323,323,323,324,Darren Fells,,,TE41,,,,326.0,00-0029738,TE,2019,1.0,33,2014,0.6957142857142858,48.481136,0.016,,0.0,15,0,0.0,0,0,0.0,0,34,341.0,7,0.0,0,0.0,0,0,0.0,0,21,312.0,4,0.0
324,324,324,325,Jacksonville Jaguars,DST,8,DST27,,,,327.0,--,D/ST,2019,--,D/ST,D/ST,-1.0,--,--,,0.0,--,--,--,--,--,--,--,--,--,--,--,--,--,--,--,--,--,--,--,--,--
325,325,325,326,J.J. Arcega-Whiteside,,,WR103,,,,328.0,00-0035246,WR,2019,1.0,22,2019,0.3407142857142857,8.089822,0.006999999999999999,57.0,8.9,8,0,0.0,0,0,0.0,0,10,169.0,1,0.0,0,0.0,0,0,0.0,0,4,85.0,0,0.0
326,326,326,327,Dare Ogunbowale,HOU,8,RB90,,,,329.0,00-0033854,RB,2019,1.0,25,2017,0.3146666666666667,9.211292,0.003,,0.0,16,0,0.0,0,11,17.0,2,35,286.0,0,1.0,0,0.0,0,32,145.0,0,10,54.0,0,0.0
327,327,327,328,Mike Boone,MIA,7,RB91,,,,330.0,00-0034208,RB,2019,1.0,24,2018,0.092,103.445,0.003,,0.0,5,0,0.0,0,49,273.0,3,3,17.0,0,0.0,0,0.0,0,11,59.0,1,2,10.0,0,0.0
328,328,328,329,Van Jefferson,TEN,4,WR104,,,,331.0,00-0036415,WR,2019,--,23,2020,-1.0,--,0.006999999999999999,57.0,8.9,--,--,--,--,--,--,--,--,--,--,--,0,0.0,0,1,-1.0,0,19,220.0,1,0.0
329,329,329,330,Marcus Mariota,WAS,8,QB38,,,,332.0,00-0032268,QB,2019,0.9876543209876543,25,2015,0.7942857142857143,99.631294,0.044000000000000004,2.0,30.2,7,95,1203.0,7,24,129.0,0,0,0.0,0,2.0,17,226.0,1,9,88.0,1,0,0.0,0,1.0
330,330,330,331,Tajae Sharpe,,,WR105,,,,333.0,00-0032778,WR,2019,0.734375,24,2016,0.4846153846153846,40.056664,0.005,140.0,3.1,13,0,0.0,0,0,0.0,0,25,329.0,4,0.0,0,0.0,0,0,0.0,0,0,0.0,0,0.0
331,331,331,332,Aldrick Rosas,,,K30,,,,334.0,00-0032870,K,2019,1.0,24,2017,-1.0,--,0.016,,0.0,--,--,--,--,--,--,--,--,--,--,--,--,--,--,--,--,--,--,--,--,--
332,332,332,333,Mason Rudolph,PIT,4,QB39,,,,335.0,00-0034771,QB,2019,0.9375,24,2018,0.806,21.315113,0.006,76.0,7.0,10,176,1765.0,13,21,42.0,0,0,0.0,0,9.0,25,324.0,2,7,-6.0,0,0,0.0,0,1.0
333,333,333,334,Antonio Gandy-Golden,,,WR106,,,,336.0,00-0036340,WR,2019,--,21,2020,-1.0,--,0.005,142.0,3.0,--,--,--,--,--,--,--,--,--,--,--,0,0.0,0,1,22.0,0,1,3.0,0,0.0
334,334,334,335,David Moore,CAR,13,WR107,,,,337.0,00-0033589,WR,2019,1.0,24,2017,0.33,13.028076,0.011000000000000001,226.0,0.0,13,0,0.0,0,3,25.0,0,17,301.0,2,1.0,0,0.0,0,8,61.0,0,35,417.0,6,0.0
335,335,335,336,Trey Burton,,,TE42,,,,338.0,00-0030710,TE,2019,0.9285714285714286,27,2014,0.57375,4.2885714,0.005,,0.0,8,0,0.0,0,0,0.0,0,14,84.0,0,0.0,0,0.0,0,2,3.0,2,28,250.0,3,0.0
336,336,336,337,Jakobi Meyers,LV,6,WR108,,,,339.0,00-0034960,WR,2019,1.0,22,2019,0.2908333333333333,12.392181,0.003,,0.0,11,0,0.0,0,0,0.0,0,26,359.0,0,0.0,2,43.0,2,2,9.0,0,59,729.0,0,1.0
337,337,337,338,Miami Dolphins,DST,7,DST28,,,,340.0,--,D/ST,2019,--,D/ST,D/ST,-1.0,--,--,,0.0,--,--,--,--,--,--,--,--,--,--,--,--,--,--,--,--,--,--,--,--,--
338,338,338,339,Kaden Smith,,,TE43,,,,341.0,00-0034988,TE,2019,0.9333333333333333,22,2019,0.7125,57.405712,0.004,176.0,1.7,7,0,0.0,0,0,0.0,0,31,268.0,3,0.0,0,0.0,0,0,0.0,0,18,112.0,0,0.0
339,339,339,340,Kyle Juszczyk,SF,11,RB92,,,,342.0,00-0029892,FB,2019,0.9652173913043478,28,2013,0.5066666666666667,15.856945,0.031,130.0,3.6,9,0,0.0,0,3,7.0,0,20,239.0,1,0.0,0,0.0,0,17,64.0,2,19,202.0,4,0.0
340,340,340,341,Greg Ward,,,WR109,,,,343.0,00-0033733,WR,2019,1.0,24,2017,0.532,32.89367,0.003,,0.0,6,0,0.0,0,1,5.0,0,28,254.0,1,0.0,1,15.0,0,2,-4.0,0,53,419.0,6,0.0
341,341,341,342,Devine Ozigbo,,,RB93,,,,344.0,00-0035184,RB,2019,0.8125,22,2019,0.0466666666666666,,0.003,,0.0,1,0,0.0,0,9,27.0,0,3,23.0,0,0.0,0,0.0,0,1,1.0,0,9,42.0,0,0.0
342,342,342,343,Jameis Winston,NYG,11,QB40,,,,345.0,00-0031503,QB,2019,0.9629629629629629,25,2015,0.9946666666666668,67.36046,0.006,1.0,34.6,16,380,5109.0,33,59,250.0,1,0,0.0,0,35.0,7,75.0,0,8,-6.0,0,0,0.0,0,0.0
343,343,343,344,Dan Arnold,,,TE44,,,,346.0,00-0034011,TE,2019,0.5,24,2017,0.296,45.728,0.003,,0.0,5,0,0.0,0,0,0.0,0,8,127.0,2,0.0,0,0.0,0,0,0.0,0,31,438.0,4,1.0
344,344,344,345,Elliott,Fry,,K31,,,,347.0,00-0034921,K,2019,--,24,2020,-1.0,--,0.003,,0.0,--,--,--,--,--,--,--,--,--,--,--,--,--,--,--,--,--,--,--,--,--
345,345,345,346,Arizona Cardinals,DST,8,DST29,,,,348.0,--,D/ST,2019,--,D/ST,D/ST,-1.0,--,--,,0.0,--,--,--,--,--,--,--,--,--,--,--,--,--,--,--,--,--,--,--,--,--
346,346,346,347,Jordan Reed,,,TE45,,,,349.0,00-0030472,TE,2019,0.7168141592920354,29,2013,-1.0,--,0.005,85.0,6.3,--,--,--,--,--,--,--,--,--,--,--,0,0.0,0,0,0.0,0,26,231.0,4,0.0
347,347,347,348,J.D. McKissic,,,RB94,,,,350.0,00-0032602,RB,2019,0.7884615384615384,26,2016,0.2378571428571428,16.612669,0.008,,0.0,15,0,0.0,0,38,205.0,0,34,233.0,1,0.0,0,0.0,0,85,365.0,1,80,589.0,2,1.0
348,348,348,349,Scotty Miller,PIT,4,WR110,,,,351.0,00-0035298,WR,2019,0.75,22,2019,0.247,26.846111,0.004,208.0,0.6,9,0,0.0,0,2,16.0,0,13,200.0,1,0.0,0,0.0,0,3,14.0,0,33,501.0,3,0.0
349,349,349,350,Adam Trautman,DEN,5,TE46,,,,352.0,00-0036422,TE,2019,--,22,2020,-1.0,--,0.005,105.0,5.0,--,--,--,--,--,--,--,--,--,--,--,0,0.0,0,0,0.0,0,15,171.0,1,0.0
350,350,350,351,Drew Sample,CIN,9,TE47,,,,353.0,00-0035631,TE,2019,0.5625,23,2019,0.18,2.8133335,0.006999999999999999,52.0,9.4,4,0,0.0,0,0,0.0,0,5,30.0,0,0.0,0,0.0,0,0,0.0,0,40,349.0,1,1.0
351,351,351,352,Tyler Bass,BUF,11,K32,,,,355.0,00-0036162,K,2019,--,22,2020,-1.0,--,0.004,188.0,1.3,--,--,--,--,--,--,--,--,--,--,--,--,--,--,--,--,--,--,--,--,--
352,352,352,353,Lirim Hajrullahu,,,K33,,,,356.0,00-0035758,K,2019,--,29,2020,-1.0,--,0.004,,0.0,--,--,--,--,--,--,--,--,--,--,--,--,--,--,--,--,--,--,--,--,--
353,353,353,354,Cordarrelle Patterson,,,RB95,,,,357.0,00-0030578,RB,2019,1.0,28,2013,0.198,6.9460607,0.027000000000000003,29.0,13.2,12,0,0.0,0,17,103.0,0,11,83.0,0,0.0,0,0.0,0,64,232.0,1,21,132.0,0,0.0
354,354,354,355,Bisi Johnson,,,WR111,,,,358.0,00-0035006,WR,2019,1.0,22,2019,0.5073333333333334,12.880257,0.003,247.0,0.0,13,0,0.0,0,1,6.0,0,31,294.0,3,0.0,0,0.0,0,0,0.0,0,14,189.0,0,0.0
355,355,355,356,T.J. Yeldon,,,RB96,,,,359.0,00-0032209,RB,2019,0.8641975308641975,25,2015,0.355,6.069167,0.009000000000000001,36.0,11.8,4,0,0.0,0,17,63.0,0,13,124.0,0,1.0,0,0.0,0,10,70.0,0,1,22.0,1,0.0
356,356,356,357,Ryan Succop,,,K34,,,,360.0,00-0026968,K,2019,0.9453551912568307,32,2009,0.235,--,0.005,256.0,0.0,--,--,--,--,--,--,--,--,--,--,--,--,--,--,--,--,--,--,--,--,--
357,357,357,358,Bo Scarbrough ,,,RB97,,,,361.0,00-0034432,RB,2019,0.8888888888888888,22,2018,0.38,8.828,0.001,236.0,0.0,6,0,0.0,0,89,377.0,1,1,5.0,0,1.0,0,0.0,0,6,31.0,0,0,0.0,0,0.0
358,358,358,359,Wayne Gallman Jr.,,,RB98,,,,362.0,00-0033950,RB,2019,0.8958333333333334,24,2017,0.2349999999999999,87.65277,0.004,140.0,3.1,9,0,0.0,0,29,110.0,2,11,102.0,1,1.0,0,0.0,0,147,682.0,6,21,114.0,0,0.0
359,359,359,360,Trent Taylor,SF,11,WR112,,,,363.0,00-0033292,WR,2019,0.7083333333333334,25,2017,-1.0,--,0.004,177.0,1.6,--,--,--,--,--,--,--,--,--,--,--,0,0.0,0,0,0.0,0,10,86.0,0,0.0
360,360,360,361,Josiah Deguara,ARI,8,TE48,,,,364.0,00-0036332,TE,2019,--,22,2020,-1.0,--,0.006,94.0,5.7,--,--,--,--,--,--,--,--,--,--,--,0,0.0,0,0,0.0,0,1,12.0,0,0.0
361,361,361,362,Carolina Panthers,DST,13,DST30,,,,365.0,--,D/ST,2019,--,D/ST,D/ST,-1.0,--,--,,0.0,--,--,--,--,--,--,--,--,--,--,--,--,--,--,--,--,--,--,--,--,--
362,362,362,363,Jordan Love,GB,5,QB41,,,,366.0,00-0036264,QB,2019,--,20,2020,-1.0,--,0.016,26.0,13.9,--,--,--,--,--,--,--,--,--,--,--,--,--,--,--,--,--,--,--,--,--
363,363,363,364,Jason Witten,,,TE49,,,,367.0,00-0022127,TE,2019,1.0,37,2003,0.7514285714285714,19.005293,0.02,69.0,7.6,16,0,0.0,0,0,0.0,0,63,529.0,4,1.0,0,0.0,0,0,0.0,0,13,69.0,2,0.0
364,364,364,365,Dante Pettis,NO,6,WR113,,,,368.0,00-0034860,WR,2019,0.90625,23,2018,0.422,20.057844,0.009000000000000001,44.0,10.5,9,1,16.0,0,0,0.0,0,11,109.0,2,0.0,0,0.0,0,0,0.0,0,4,76.0,1,0.0
365,365,365,366,Kyle Allen,DET,5,QB42,,,,369.0,00-0034577,QB,2019,1.0,23,2018,0.9754545454545454,58.438034,0.003,,0.0,13,303,3322.0,17,32,106.0,2,0,0.0,0,23.0,60,610.0,4,7,26.0,1,0,0.0,0,2.0
366,366,366,367,Damiere Byrd,,,WR114,,,,370.0,00-0031868,WR,2019,0.6666666666666666,26,2015,0.647,35.646545,0.008,,0.0,11,0,0.0,0,0,0.0,0,32,359.0,1,1.0,0,0.0,0,2,15.0,0,47,604.0,1,0.0
367,367,367,368,Graham Gano,NYG,11,K35,,,,371.0,00-0026858,K,2019,0.8867924528301887,32,2009,-1.0,--,0.024,,0.0,--,--,--,--,--,--,--,--,--,--,--,--,--,--,--,--,--,--,--,--,--
368,368,368,369,Kalen Ballage,,,RB99,,,,372.0,00-0034799,RB,2019,0.875,23,2018,0.3266666666666666,13.505151,0.004,131.0,3.6,12,0,0.0,0,74,135.0,3,14,63.0,0,0.0,0,0.0,0,91,303.0,3,29,166.0,0,0.0
369,369,369,370,Ted Ginn Jr.,,,WR115,,,,373.0,00-0025396,WR,2019,0.9508196721311475,34,2007,0.5715384615384616,22.483524,0.006,9.0,20.6,15,0,0.0,0,3,18.0,0,30,421.0,2,0.0,0,0.0,0,0,0.0,0,3,40.0,0,0.0
370,370,370,371,Rodrigo Blankenship,,,K36,,,,374.0,00-0035849,K,2019,--,22,2020,-1.0,--,0.004,,0.0,--,--,--,--,--,--,--,--,--,--,--,--,--,--,--,--,--,--,--,--,--
371,371,371,372,Mike Davis,,,RB100,,,,375.0,00-0032063,RB,2019,0.9682539682539683,26,2015,0.1045454545454545,16.792002,0.016,126.0,3.8,5,0,0.0,0,13,27.0,0,7,22.0,0,0.0,0,0.0,0,165,642.0,6,59,373.0,2,1.0
372,372,372,373,New York Giants,DST,11,DST31,,,,376.0,--,D/ST,2019,--,D/ST,D/ST,-1.0,--,--,,0.0,--,--,--,--,--,--,--,--,--,--,--,--,--,--,--,--,--,--,--,--,--
373,373,373,374,Ty Montgomery,II,,RB101,,,,377.0,00-0032200,WR,2019,0.7435897435897436,26,2015,0.1407142857142857,8.229925,0.005,94.0,5.7,12,0,0.0,0,32,103.0,0,13,90.0,0,0.0,0,0.0,0,19,101.0,0,3,27.0,0,0.0
374,374,374,375,Quintez Cephus,HOU,8,WR116,,,,378.0,00-0036277,WR,2019,--,21,2020,-1.0,--,0.005,166.0,2.0,--,--,--,--,--,--,--,--,--,--,--,0,0.0,0,0,0.0,0,20,349.0,2,0.0
375,375,375,376,DeeJay Dallas,ARI,8,RB102,,,,379.0,00-0036425,RB,2019,--,20,2020,-1.0,--,0.005,144.0,3.0,--,--,--,--,--,--,--,--,--,--,--,0,0.0,0,34,108.0,2,17,111.0,1,0.0
376,376,376,377,Rashard Higgins,,,WR117,,,,380.0,00-0032977,WR,2019,0.9365079365079365,24,2016,0.2744444444444444,12.849667,0.005,172.0,1.8,6,0,0.0,0,0,0.0,0,4,55.0,1,0.0,0,0.0,0,0,0.0,0,37,599.0,4,0.0
377,377,377,378,Hakeem Butler,,,WR118,,,,381.0,00-0035529,TE,2019,0.0,23,2019,-1.0,--,0.001,103.0,5.1,--,--,--,--,--,--,--,--,--,--,--,0,0.0,0,0,0.0,0,0,0.0,0,0.0
378,378,378,379,Taysom Hill,NO,6,TE50,,,,382.0,00-0033357,TE,2019,1.0,29,2017,0.2184615384615384,31.331886,0.053,,0.0,16,3,55.0,0,27,156.0,1,19,234.0,6,0.0,88,928.0,4,87,457.0,8,8,98.0,1,7.0
379,379,379,380,Equanimeous St. Brown,SF,11,WR119,,,,383.0,00-0034279,WR,2019,0.5,22,2018,-1.0,--,0.004,207.0,0.6,--,--,--,--,--,--,--,--,--,--,--,0,0.0,0,1,7.0,0,7,117.0,1,0.0
380,380,380,381,Justin Watson,HOU,8,WR120,,,,384.0,00-0034386,WR,2019,1.0,23,2018,0.1866666666666666,50.807,0.004,144.0,3.0,6,0,0.0,0,0,0.0,0,15,159.0,2,0.0,0,0.0,0,0,0.0,0,7,94.0,0,0.0
381,381,381,382,Corey Clement,,,RB103,,,,385.0,00-0033725,RB,2019,0.7083333333333334,24,2017,0.01,--,0.004,,0.0,--,--,--,--,--,--,--,--,--,--,--,0,0.0,0,21,75.0,1,5,25.0,0,0.0
382,382,382,383,Gabe Davis,,,WR121,,,,387.0,00-0036196,WR,2019,--,20,2020,-1.0,--,0.005,128.0,3.7,--,--,--,--,--,--,--,--,--,--,--,0,0.0,0,1,0.0,0,35,599.0,7,0.0
383,383,383,384,Deonte Harty,,,WR122,,,,388.0,00-0035215,WR,2019,0.875,21,2019,0.0716666666666666,3.7155356,0.003,,0.0,8,0,0.0,0,4,31.0,0,6,24.0,0,0.0,0,0.0,0,6,51.0,0,20,186.0,1,0.0
384,384,384,385,Demetrius Harris,,,TE51,,,,389.0,00-0030155,TE,2019,0.8681318681318682,28,2013,0.5553333333333333,10.902564,0.008,,0.0,13,0,0.0,0,0,0.0,0,15,149.0,3,0.0,0,0.0,0,0,0.0,0,7,45.0,0,0.0
385,385,385,386,Albert kwuegbunam Jr.,LV,6 O,TE52,,,,390.0,00-0036423,TE,2019,--,21,2020,-1.0,--,0.005,118.0,4.2,--,--,--,--,--,--,--,--,--,--,--,0,0.0,0,0,0.0,0,11,121.0,1,0.0
386,386,386,387,J.J. Taylor,HOU,8,RB104,,,,391.0,00-0036096,RB,2019,--,21,2020,-1.0,--,0.004,,0.0,--,--,--,--,--,--,--,--,--,--,--,0,0.0,0,23,110.0,0,1,4.0,0,0.0
387,387,387,388,Mo Alie-Cox,IND,7,TE53,,,,392.0,00-0033217,TE,2019,1.0,25,2017,0.3353333333333333,2.0244443,0.004,,0.0,9,0,0.0,0,0,0.0,0,8,93.0,0,0.0,0,0.0,0,0,0.0,0,31,394.0,2,1.0
388,388,388,389,Tim Tebow,,,TE54,,,,393.0,00-0027876,QB,2019,1.0,32,2010,-1.0,--,--,25.0,14.1,--,--,--,--,--,--,--,--,--,--,--,--,--,--,--,--,--,--,--,--,--
389,389,389,390,Brett Maher,,,K37,,,,394.0,00-0030332,K,2019,1.0,29,2018,-1.0,--,0.003,,0.0,--,--,--,--,--,--,--,--,--,--,--,--,--,--,--,--,--,--,--,--,--
390,390,390,391,John Hightower,,,WR123,,,,395.0,00-0036398,WR,2019,--,23,2020,-1.0,--,0.005,168.0,2.0,--,--,--,--,--,--,--,--,--,--,--,0,0.0,0,1,1.0,0,10,167.0,0,0.0
