,Unnamed: 0,Rank,Player,Team,Bye,POS,Yahoo,Sleeper,RTSports,AVG,gsis_id,position,season,availability,age,snap_share,rookie_season,apt_cap_pct,draft_pick,pick_value,fan_pts_var
0,0,1,Ja'Marr Chase,CIN,10.0,WR1,1.0,1.0,1.0,1.0,00-0036900,WR,2024,0.9264705882352942,24,0.9229411764705883,2021,0.14400000000000002,5.0,24.3,165.50934
1,1,2,Saquon Barkley,PHI,9.0,RB1,2.0,2.0,4.0,2.7,00-0034844,RB,2024,0.7844827586206896,27,0.7350000000000001,2018,0.07400000000000001,2.0,30.2,130.45663
2,2,3,Bijan Robinson,ATL,5.0,RB2,3.0,3.0,2.0,2.7,00-0038542,RB,2024,1.0,22,0.7535294117647059,2023,0.024,8.0,21.4,44.043747
3,3,4,Jahmyr Gibbs,DET,8.0,RB3,4.0,5.0,3.0,4.0,00-0039139,RB,2024,0.9411764705882353,22,0.5529411764705883,2023,0.02,12.0,18.8,84.77816
4,4,5,Justin Jefferson,MIN,6.0,WR2,5.0,4.0,6.0,5.0,00-0036322,WR,2024,0.9166666666666666,25,0.9317647058823529,2020,0.13699999999999998,22.0,14.9,60.544632
5,5,6,CeeDee Lamb,DAL,10.0,WR3,6.0,6.0,5.0,5.7,00-0036358,WR,2024,0.9642857142857143,25,0.802,2020,0.133,17.0,16.6,69.886856
6,6,7,Derrick Henry,BAL,7.0,RB4,7.0,7.0,13.0,9.0,00-0032764,RB,2024,0.9261744966442953,30,0.5741176470588235,2016,0.054000000000000006,45.0,10.4,68.086105
7,7,8,Christian McCaffrey,SF,14.0,RB5,8.0,12.0,7.0,9.0,00-0033280,RB,2024,0.7196969696969697,28,0.7224999999999999,2017,0.07400000000000001,8.0,21.4,19.123337
8,8,9,Puka Nacua,LAR,8.0,WR4,11.0,8.0,10.0,9.7,00-0039075,WR,2024,0.8235294117647058,23,0.6972727272727274,2023,0.005,177.0,1.6,101.36964
9,9,10,Ashton Jeanty,LV,8.0,RB6,12.0,10.0,8.0,10.0,00-0040122,RB,2024,--,20,-1.0,2025,0.032,6.0,23.2,--
10,10,11,Amon-Ra St. Brown,DET,8.0,WR5,10.0,9.0,11.0,10.0,00-0036963,WR,2024,0.9705882352941176,24,0.883529411764706,2021,0.11699999999999999,112.0,4.6,82.91577
11,11,12,Malik Nabers,NYG,14.0,WR6,13.0,11.0,9.0,11.0,00-0039337,WR,2024,0.8823529411764706,21,0.9059999999999999,2024,0.028999999999999998,6.0,23.2,63.686855
12,12,13,Nico Collins,HOU,6.0,WR7,9.0,13.0,15.0,12.3,00-0036554,WR,2024,0.75,25,0.6625,2021,0.095,89.0,6.0,50.042725
13,13,14,De'Von Achane,MIA,12.0,RB7,15.0,14.0,12.0,13.7,00-0039040,RB,2024,0.8235294117647058,22,0.6241176470588234,2023,0.006,84.0,6.4,85.25132
14,14,15,Brian Thomas Jr.,JAC,8.0,WR8,16.0,15.0,14.0,15.0,00-0039893,WR,2024,1.0,21,0.7935294117647059,2024,0.013999999999999999,23.0,14.6,65.14059
15,15,16,Josh Jacobs,GB,5.0,RB8,17.0,19.0,16.0,17.3,00-0035700,RB,2024,0.9,26,0.6341176470588235,2019,0.047,24.0,14.4,41.871323
16,16,17,Brock Bowers,LV,8.0,TE1,19.0,16.0,19.0,18.0,00-0039338,TE,2024,1.0,21,0.8494117647058823,2024,0.018000000000000002,13.0,18.3,62.307648
17,17,18,Jonathan Taylor,IND,11.0,RB9,14.0,21.0,21.0,18.7,00-0036223,RB,2024,0.7976190476190477,25,0.8028571428571428,2020,0.062,41.0,11.0,93.25104
18,18,19,Drake London,ATL,5.0,WR9,18.0,18.0,20.0,18.7,00-0037238,WR,2024,0.9803921568627451,23,0.8970588235294118,2022,0.026000000000000002,8.0,21.4,81.58155
19,19,20,Bucky Irving,TB,9.0,RB10,21.0,20.0,18.0,19.7,00-0039361,RB,2024,1.0,22,0.4441176470588235,2024,0.005,125.0,3.9,57.72066
20,20,21,A.J. Brown,PHI,9.0,WR10,22.0,17.0,25.0,21.3,00-0035676,WR,2024,0.900990099009901,27,0.8661538461538462,2019,0.125,51.0,9.6,43.981407
21,21,22,Josh Allen,BUF,7.0,QB1,20.0,22.0,23.0,21.7,00-0034857,QB,2024,1.0,28,0.8905882352941176,2018,0.19699999999999998,7.0,22.2,131.3986
22,22,23,Lamar Jackson,BAL,7.0,QB2,23.0,24.0,22.0,23.0,00-0034796,QB,2024,0.896551724137931,27,0.9652941176470589,2018,0.231,32.0,12.5,38.321907
23,23,24,Chase Brown,CIN,10.0,RB11,26.0,27.0,17.0,23.3,00-0038597,RB,2024,0.8235294117647058,24,0.6275000000000001,2023,0.005,163.0,2.2,56.386497
24,24,25,Kyren Williams,LAR,8.0,RB12,25.0,26.0,24.0,25.0,00-0037840,RB,2024,0.7843137254901961,24,0.86375,2022,0.005,164.0,2.1,35.01663
25,25,26,Ladd McConkey,LAC,12.0,WR11,24.0,23.0,29.0,25.3,00-0039915,WR,2024,0.9411764705882353,22,0.731875,2024,0.01,34.0,12.1,51.77596
26,26,27,Trey McBride,ARI,8.0,TE2,27.0,25.0,28.0,26.7,00-0037744,TE,2024,0.9607843137254902,24,0.8981250000000001,2022,0.068,55.0,9.1,50.78916
27,27,28,Tyreek Hill,MIA,12.0,WR12,34.0,29.0,26.0,29.7,00-0033040,WR,2024,0.972972972972973,30,0.7988235294117647,2016,0.11699999999999999,165.0,2.1,55.858677
28,28,29,Jayden Daniels,WAS,12.0,QB3,28.0,31.0,30.0,29.7,00-0039910,QB,2024,1.0,23,0.9088235294117647,2024,0.037000000000000005,2.0,30.2,84.30366
29,29,30,Jaxon Smith-Njigba,SEA,8.0,WR13,32.0,28.0,35.0,31.7,00-0038543,WR,2024,1.0,22,0.8641176470588235,2023,0.016,20.0,15.5,77.412796
30,30,31,Tee Higgins,CIN,10.0,WR14,29.0,30.0,36.0,31.7,00-0036410,WR,2024,0.8452380952380952,25,0.7908333333333332,2020,0.10300000000000001,33.0,12.3,108.38628
31,31,32,Breece Hall,NYJ,9.0,RB13,37.0,32.0,27.0,32.0,00-0038120,RB,2024,0.7843137254901961,23,0.7237500000000001,2022,0.011000000000000001,36.0,11.8,63.96929
32,32,33,James Cook,BUF,7.0,RB14,30.0,33.0,33.0,32.0,00-0037248,RB,2024,0.9803921568627451,24,0.476875,2022,0.006999999999999999,63.0,8.2,63.092957
33,33,34,Garrett Wilson,NYJ,9.0,WR15,36.0,34.0,37.0,35.7,00-0037740,WR,2024,1.0,24,0.9629411764705883,2022,0.11599999999999999,10.0,19.9,52.380295
34,34,35,George Kittle,SF,14.0,TE3,31.0,38.0,42.0,37.0,00-0033288,TE,2024,0.8712121212121212,30,0.8659999999999998,2017,0.068,146.0,2.9,47.11781
35,35,36,Jalen Hurts,PHI,9.0,QB4,33.0,40.0,40.0,37.7,00-0036389,QB,2024,0.9166666666666666,26,0.916,2020,0.22699999999999998,53.0,9.3,63.849186
36,36,37,Omarion Hampton,LAC,12.0,RB15,44.0,39.0,31.0,38.0,00-0040666,RB,2024,--,21,-1.0,2025,0.016,22.0,14.9,--
37,37,38,Joe Burrow,CIN,10.0,QB5,40.0,42.0,32.0,38.0,00-0036442,QB,2024,0.8333333333333334,27,0.9952941176470589,2020,0.245,1.0,34.6,70.14686
38,38,39,Alvin Kamara,NO,11.0,RB16,45.0,41.0,34.0,40.0,00-0033906,RB,2024,0.8787878787878788,29,0.7085714285714285,2017,0.048,67.0,7.8,77.39038
39,39,40,Mike Evans,TB,9.0,WR16,35.0,37.0,48.0,40.0,00-0031408,WR,2024,0.9505494505494505,31,0.7157142857142859,2014,0.08,7.0,22.2,100.44221
40,40,41,Davante Adams,LAR,8.0,WR17,38.0,43.0,39.0,40.0,00-0031381,WR,2024,0.945054945054945,31,0.9178571428571428,2014,0.079,53.0,9.3,100.064
41,41,42,Terry McLaurin,WAS,12.0,WR18,39.0,35.0,47.0,40.3,00-0035659,WR,2024,0.97,28,0.8047058823529412,2019,0.111,76.0,7.0,61.255146
42,42,43,Marvin Harrison Jr.,ARI,8.0,WR19,43.0,36.0,43.0,40.7,00-0039849,WR,2024,1.0,22,0.7858823529411766,2024,0.035,4.0,25.8,65.36008
43,43,44,Kenneth Walker III,SEA,8.0,RB17,42.0,44.0,38.0,41.3,00-0038134,RB,2024,0.803921568627451,23,0.6327272727272727,2022,0.01,41.0,11.0,56.098175
44,44,45,Chuba Hubbard,CAR,14.0,RB18,41.0,45.0,41.0,42.3,00-0036555,RB,2024,0.9411764705882353,25,0.7733333333333333,2021,0.032,126.0,3.8,80.30353
45,45,46,DJ Moore,CHI,5.0,WR20,51.0,47.0,44.0,47.3,00-0034827,WR,2024,0.9827586206896551,27,0.9382352941176471,2018,0.10800000000000001,24.0,14.4,50.41309
46,46,47,James Conner,ARI,8.0,RB19,46.0,49.0,49.0,48.0,00-0033553,RB,2024,0.8345864661654135,29,0.60625,2017,0.037000000000000005,105.0,5.0,61.659832
47,47,48,DK Metcalf,PIT,5.0,WR21,48.0,48.0,52.0,49.3,00-0035640,WR,2024,0.97,26,0.8593333333333335,2019,0.11800000000000001,64.0,8.1,42.208378
48,48,49,Rashee Rice,KC,10.0,WR22,54.0,46.0,56.0,52.0,00-0039067,WR,2024,0.5882352941176471,24,0.6024999999999999,2023,0.006999999999999999,55.0,9.1,42.17334
49,49,50,Courtland Sutton,DEN,12.0,WR23,56.0,50.0,50.0,52.0,00-0034348,WR,2024,0.8376068376068376,28,0.8523529411764706,2018,0.08199999999999999,40.0,11.1,43.647816
50,50,51,Sam LaPorta,DET,8.0,TE4,47.0,52.0,60.0,53.0,00-0039065,TE,2024,0.9705882352941176,23,0.84875,2023,0.011000000000000001,34.0,12.1,28.565166
51,51,52,DeVonta Smith,PHI,9.0,WR24,52.0,53.0,55.0,53.3,00-0036912,WR,2024,0.9264705882352942,25,0.8846153846153848,2021,0.098,10.0,19.9,73.90423
52,52,53,David Montgomery,DET,8.0,RB20,49.0,54.0,58.0,53.7,00-0035685,RB,2024,0.88,27,0.4185714285714286,2019,0.036000000000000004,73.0,7.3,22.965775
53,53,54,Patrick Mahomes II,KC,10.0,QB6,50.0,60.0,54.0,54.7,00-0033873,QB,2024,0.9621212121212122,28,0.993125,2017,0.22699999999999998,10.0,19.9,26.65872
54,54,55,RJ Harvey,DEN,12.0,RB21,60.0,57.0,51.0,56.0,00-0040730,RB,2024,--,23,-1.0,2025,--,60.0,8.5,--
55,55,56,Joe Mixon,HOU,6.0,RB22,58.0,51.0,69.0,59.3,00-0033897,RB,2024,0.8787878787878788,28,0.6171428571428571,2017,0.039,48.0,9.9,95.60642
56,56,57,D'Andre Swift,CHI,5.0,RB23,69.0,68.0,45.0,60.7,00-0036275,RB,2024,0.8690476190476191,25,0.668235294117647,2020,0.031,35.0,12.0,45.70529
57,57,58,TreVeyon Henderson,NE,14.0,RB24,73.0,63.0,46.0,60.7,00-0040734,RB,2024,--,21,-1.0,2025,--,38.0,11.4,--
58,58,59,Zay Flowers,BAL,7.0,WR25,57.0,55.0,70.0,60.7,00-0039064,WR,2024,0.9705882352941176,23,0.7464705882352941,2023,0.016,22.0,14.9,61.640667
59,59,60,Xavier Worthy,KC,10.0,WR26,62.0,56.0,65.0,61.0,00-0039894,WR,2024,1.0,21,0.6411764705882353,2024,0.013000000000000001,28.0,13.4,53.76133
60,60,61,Isiah Pacheco,KC,10.0,RB25,64.0,61.0,62.0,62.3,00-0037197,RB,2024,0.7647058823529411,25,0.4757142857142857,2022,0.004,251.0,0.0,32.455715
61,61,62,T.J. Hockenson,MIN,6.0,TE5,53.0,62.0,73.0,62.7,00-0035229,TE,2024,0.82,27,0.6150000000000001,2019,0.073,8.0,21.4,27.158333
62,62,63,Jameson Williams,DET,8.0,WR27,65.0,58.0,66.0,63.0,00-0037240,WR,2024,0.6470588235294118,23,0.7959999999999999,2022,0.021,12.0,18.8,62.702667
63,63,64,Tetairoa McMillan,CAR,14.0,WR28,78.0,59.0,53.0,63.3,00-0040124,WR,2024,--,21,-1.0,2025,0.025,8.0,21.4,--
64,64,65,Travis Kelce,KC,10.0,TE6,59.0,70.0,63.0,64.0,00-0030506,TE,2024,0.9572192513368984,34,0.8456250000000001,2013,0.067,63.0,8.2,54.711834
65,65,66,Aaron Jones Sr.,MIN,6.0,RB26,71.0,66.0,59.0,65.3,00-0033293,RB,2024,0.8939393939393939,29,0.6323529411764705,2017,0.036000000000000004,182.0,1.5,29.798601
66,66,67,Baker Mayfield,TB,9.0,QB7,55.0,72.0,71.0,66.0,00-0034855,QB,2024,0.9568965517241379,29,0.9852941176470589,2018,0.131,1.0,34.6,54.778145
67,67,68,George Pickens,DAL,10.0,WR29,67.0,64.0,68.0,66.3,00-0037247,WR,2024,0.9411764705882353,23,0.8021428571428572,2022,0.008,52.0,9.4,37.83033
68,68,69,Kaleb Johnson,PIT,5.0,RB27,66.0,77.0,57.0,66.7,00-0040142,RB,2024,--,21,-1.0,2025,0.006,83.0,6.5,--
69,69,70,Tony Pollard,TEN,10.0,RB28,63.0,73.0,64.0,66.7,00-0035261,RB,2024,0.95,27,0.6775,2019,0.027999999999999997,128.0,3.7,30.217289
70,70,71,Travis Hunter,JAC,8.0,WR30,70.0,65.0,72.0,69.0,00-0040718,CB,2024,--,21,-1.0,2025,--,2.0,30.2,--
71,71,72,Calvin Ridley,TEN,10.0,WR31,77.0,75.0,61.0,71.0,00-0034837,WR,2024,0.7870370370370371,29,0.8129411764705882,2018,0.09,26.0,13.9,55.436546
72,72,73,Jaylen Waddle,MIA,12.0,WR32,72.0,67.0,77.0,72.0,00-0036613,WR,2024,0.9117647058823529,25,0.7866666666666667,2021,0.111,6.0,23.2,50.77781
73,73,74,Bo Nix,DEN,12.0,QB8,68.0,82.0,74.0,74.7,00-0039732,QB,2024,1.0,24,0.9882352941176471,2024,0.018000000000000002,12.0,18.8,55.854477
74,74,75,Chris Olave,NO,11.0,WR33,81.0,69.0,75.0,75.0,00-0037239,WR,2024,0.7647058823529411,24,0.6174999999999999,2022,0.023,11.0,19.3,72.22411
75,75,76,Mark Andrews,BAL,7.0,TE7,61.0,78.0,90.0,76.3,00-0034753,TE,2024,0.896551724137931,28,0.6111764705882353,2018,0.077,86.0,6.2,43.49809
76,76,77,Jerry Jeudy,CLE,9.0,WR34,90.0,74.0,67.0,77.0,00-0036407,WR,2024,0.8823529411764706,25,0.8970588235294118,2020,0.069,15.0,17.4,91.6072
77,77,78,Brian Robinson Jr.,WAS,12.0,RB29,83.0,81.0,80.0,81.3,00-0037746,RB,2024,0.803921568627451,25,0.515,2022,0.006,98.0,5.4,33.310547
78,78,79,Chris Godwin,TB,9.0,WR35,85.0,80.0,81.0,82.0,00-0033921,WR,2024,0.8409090909090909,28,0.87,2017,0.079,84.0,6.4,72.9081
79,79,80,Rome Odunze,CHI,5.0,WR36,86.0,79.0,83.0,82.7,00-0039919,WR,2024,1.0,22,0.8358823529411765,2024,0.022000000000000002,9.0,20.6,38.44691
80,80,81,Tyrone Tracy Jr.,NYG,14.0,RB30,91.0,83.0,76.0,83.3,00-0039384,RB,2024,1.0,24,0.5729411764705883,2024,0.004,166.0,2.0,50.124413
81,81,82,Jordan Addison,MIN,6.0,WR37,89.0,76.0,85.0,83.3,00-0038994,WR,2024,0.9411764705882353,22,0.8173333333333334,2023,0.015,23.0,14.6,107.9338
82,82,83,Jaylen Warren,PIT,5.0,RB31,92.0,87.0,78.0,85.7,00-0037228,RB,2024,0.9411764705882353,25,0.4493333333333334,2022,0.019,,0.0,22.539238
83,83,84,Evan Engram,DEN,12.0,TE8,84.0,89.0,86.0,86.3,00-0033881,TE,2024,0.8636363636363636,29,0.72,2017,0.040999999999999995,23.0,14.6,21.28278
84,84,85,Deebo Samuel Sr.,WAS,12.0,WR38,102.0,85.0,79.0,88.7,00-0035719,WR,2024,0.81,28,0.7313333333333333,2019,0.115,36.0,11.8,50.250553
85,85,86,Quinshon Judkins,CLE,9.0,RB32,99.0,71.0,102.0,90.7,JUD359919,RB,2024,--,20,-1.0,2025,--,36.0,11.8,--
86,86,87,Kyler Murray,ARI,8.0,QB9,93.0,92.0,89.0,91.3,00-0035228,QB,2024,0.82,27,0.9711764705882354,2019,0.221,1.0,34.6,51.237724
87,87,88,David Njoku,CLE,9.0,TE9,74.0,93.0,108.0,91.7,00-0033885,TE,2024,0.8106060606060606,28,0.7490909090909091,2017,0.066,29.0,13.2,62.442005
88,88,89,Stefon Diggs,NE,14.0,WR39,103.0,91.0,82.0,92.0,00-0031588,WR,2024,0.9454545454545454,30,0.78375,2015,0.076,146.0,2.9,32.029373
89,89,90,Travis Etienne Jr.,JAC,8.0,RB33,108.0,88.0,87.0,94.3,00-0036973,RB,2024,0.7205882352941176,25,0.5393333333333333,2021,0.018000000000000002,25.0,14.1,15.213143
90,90,91,Cooper Kupp,SEA,8.0,WR40,111.0,90.0,84.0,95.0,00-0033908,WR,2024,0.8333333333333334,31,0.815,2017,0.054000000000000006,69.0,7.6,105.98515
91,91,92,Jakobi Meyers,LV,8.0,WR41,106.0,84.0,98.0,96.0,00-0034960,WR,2024,0.9306930693069307,27,0.9166666666666666,2019,0.049,,0.0,37.230953
92,92,93,Jauan Jennings,SF,14.0,WR42,105.0,100.0,91.0,98.7,00-0036259,WR,2024,0.8823529411764706,27,0.7439999999999999,2020,0.023,217.0,0.3,130.55095
93,93,94,Jordan Mason,MIN,6.0,RB34,96.0,107.0,93.0,98.7,00-0037525,RB,2024,0.8823529411764706,25,0.48666666666666664,2022,0.019,,0.0,63.52333
94,94,95,Jared Goff,DET,8.0,QB10,97.0,98.0,101.0,98.7,00-0033106,QB,2024,0.972972972972973,29,0.9717647058823529,2016,0.20800000000000002,1.0,34.6,94.05755
95,95,96,Ricky Pearsall,SF,14.0,WR43,110.0,94.0,100.0,101.3,00-0039916,WR,2024,0.6470588235294118,23,0.67,2024,0.012,31.0,12.7,93.01833
96,96,97,Jayden Reed,GB,5.0,WR44,100.0,95.0,109.0,101.3,00-0039146,WR,2024,0.9705882352941176,24,0.631764705882353,2023,0.008,50.0,9.7,77.3536
97,97,98,Brock Purdy,SF,14.0,QB11,79.0,112.0,115.0,102.0,00-0037834,QB,2024,0.9019607843137255,24,0.9893333333333333,2022,0.19,262.0,0.0,66.527824
98,98,99,Cam Skattebo,NYG,14.0,RB35,112.0,102.0,95.0,103.0,00-0040715,RB,2024,--,22,-1.0,2025,--,105.0,5.0,--
99,99,100,Dak Prescott,DAL,10.0,QB12,98.0,121.0,92.0,103.7,00-0033077,QB,2024,0.8243243243243243,31,0.9112499999999999,2016,0.235,135.0,3.4,55.56443
100,100,101,Khalil Shakir,BUF,7.0,WR45,125.0,86.0,105.0,105.3,00-0037261,WR,2024,0.9411764705882353,24,0.6133333333333333,2022,0.047,148.0,2.8,30.988096
101,101,102,Justin Fields,NYJ,9.0,QB13,80.0,127.0,110.0,105.7,00-0036945,QB,2024,0.7941176470588235,25,0.6159999999999999,2021,0.07200000000000001,11.0,19.3,115.60756
102,102,103,Matthew Golden,GB,5.0,WR46,134.0,96.0,88.0,106.0,00-0040667,WR,2024,--,21,-1.0,2025,0.016,23.0,14.6,--
103,103,104,Tucker Kraft,GB,5.0,TE10,95.0,111.0,117.0,107.7,00-0038996,TE,2024,1.0,23,0.8576470588235293,2023,0.006,78.0,6.9,38.681835
104,104,105,Zach Charbonnet,SEA,8.0,RB36,116.0,108.0,99.0,107.7,00-0039165,RB,2024,0.9705882352941176,23,0.5270588235294117,2023,0.008,52.0,9.4,89.734344
105,105,106,Justin Herbert,LAC,12.0,QB14,101.0,110.0,114.0,108.3,00-0036355,QB,2024,0.9523809523809523,26,0.9770588235294118,2020,0.23399999999999999,6.0,23.2,38.634552
106,106,107,J.K. Dobbins,DEN,12.0,RB37,114.0,119.0,97.0,110.0,00-0036158,RB,2024,0.44047619047619047,25,0.6338461538461538,2020,0.006999999999999999,55.0,9.1,34.39436
107,107,108,Caleb Williams,CHI,5.0,QB15,113.0,122.0,96.0,110.3,00-0039918,QB,2024,1.0,22,0.9876470588235293,2024,0.039,1.0,34.6,60.790146
108,108,109,Najee Harris,LAC,12.0,RB38,117.0,101.0,119.0,112.3,00-0036893,RB,2024,1.0,26,0.5,2021,0.019,24.0,14.4,30.11493
109,109,110,Rhamondre Stevenson,NE,14.0,RB39,119.0,106.0,112.0,112.3,00-0036875,RB,2024,0.8382352941176471,26,0.6153333333333333,2021,0.035,120.0,4.1,60.812096
110,110,111,Javonte Williams,DAL,10.0,RB40,141.0,103.0,94.0,112.7,00-0036997,RB,2024,0.7941176470588235,24,0.5217647058823529,2021,0.011000000000000001,35.0,12.0,42.252354
111,111,112,Tyler Warren,IND,11.0,TE11,130.0,97.0,113.0,113.3,00-0040128,TE,2024,--,22,-1.0,2025,0.019,14.0,17.8,--
112,112,113,Emeka Egbuka,TB,9.0,WR47,126.0,109.0,107.0,114.0,00-0040129,WR,2024,--,21,-1.0,2025,0.016,19.0,15.8,--
113,113,114,Jonnu Smith,PIT,5.0,TE12,121.0,99.0,139.0,119.7,00-0033858,TE,2024,0.9398496240601504,29,0.5488235294117647,2017,0.043,100.0,5.3,66.40316
114,114,115,Josh Downs,IND,11.0,WR48,136.0,104.0,120.0,120.0,00-0038997,WR,2024,0.9117647058823529,23,0.6442857142857142,2023,0.006,79.0,6.8,49.582855
115,115,116,Tank Bigsby,JAC,8.0,RB41,133.0,125.0,103.0,120.3,00-0038555,RB,2024,0.9705882352941176,22,0.36125,2023,0.006,88.0,6.1,59.752853
116,116,117,Colston Loveland,CHI,5.0,TE13,143.0,115.0,106.0,121.3,00-0040126,TE,2024,--,20,-1.0,2025,0.024,10.0,19.9,--
117,117,118,Jake Ferguson,DAL,10.0,TE14,127.0,123.0,122.0,124.0,00-0038041,TE,2024,0.9215686274509803,25,0.6528571428571428,2022,0.045,129.0,3.7,21.2211
118,118,119,Dalton Kincaid,BUF,7.0,TE15,118.0,118.0,142.0,126.0,00-0038933,TE,2024,0.8823529411764706,24,0.5700000000000001,2023,0.015,25.0,14.1,11.69436
119,119,120,Drake Maye,NE,14.0,QB16,123.0,133.0,124.0,126.7,00-0039851,QB,2024,1.0,22,0.8046153846153848,2024,0.036000000000000004,3.0,27.6,42.84389
120,120,121,Jordan Love,GB,5.0,QB17,122.0,124.0,135.0,127.0,00-0036264,QB,2024,0.7857142857142857,25,0.9173333333333332,2020,0.215,26.0,13.9,43.03165
121,121,122,Brandon Aiyuk,SF,14.0,WR49,149.0,105.0,132.0,128.7,00-0036261,WR,2024,0.8214285714285714,26,0.7614285714285715,2020,0.11699999999999999,25.0,14.1,40.704765
122,122,123,Denver Broncos,DST,12.0,DST1,76.0,153.0,162.0,130.3,--,D/ST,2024,--,D/ST,-1.0,D/ST,--,,0.0,--
123,123,124,Philadelphia Eagles,DST,9.0,DST2,75.0,148.0,170.0,131.0,--,D/ST,2024,--,D/ST,-1.0,D/ST,--,,0.0,--
124,124,125,Tyjae Spears,TEN,10.0,RB42,172.0,117.0,104.0,131.0,00-0039032,RB,2024,0.8529411764705882,23,0.4275,2023,0.006,81.0,6.6,65.55152
125,125,126,Brandon Aubrey,DAL,10.0,K1,82.0,163.0,150.0,131.7,00-0037692,K,2024,1.0,29,-1.0,2023,0.004,,0.0,--
126,126,127,C.J. Stroud,HOU,6.0,QB18,131.0,131.0,134.0,132.0,00-0039163,QB,2024,0.9411764705882353,22,0.9305882352941177,2023,0.04,2.0,30.2,24.045061
127,127,128,Michael Pittman Jr.,IND,11.0,WR50,168.0,114.0,118.0,133.3,00-0036252,WR,2024,0.9285714285714286,26,0.880625,2020,0.091,34.0,12.1,37.545166
128,128,129,Dallas Goedert,PHI,9.0,TE16,120.0,130.0,151.0,133.7,00-0034351,TE,2024,0.8103448275862069,29,0.6500000000000001,2018,0.036000000000000004,49.0,9.8,49.04044
129,129,130,J.J. McCarthy,MIN,6.0,QB19,137.0,138.0,130.0,135.0,00-0039923,QB,2024,0.0,21,-1.0,2024,0.021,10.0,19.9,--
130,130,131,Jaydon Blue,DAL,10.0,RB43,164.0,134.0,111.0,136.3,00-0040586,RB,2024,--,20,-1.0,2025,0.004,149.0,2.7,--
131,131,132,Kyle Pitts Sr.,ATL,5.0,TE17,146.0,129.0,138.0,137.7,00-0036970,TE,2024,0.8970588235294118,23,0.6200000000000001,2021,0.045,4.0,25.8,46.505295
132,132,133,Keon Coleman,BUF,7.0,WR51,163.0,120.0,131.0,138.0,00-0039901,WR,2024,0.7647058823529411,21,0.7284615384615385,2024,0.01,33.0,12.3,25.885256
133,133,134,Nick Chubb,HOU,6.0,RB44,142.0,149.0,125.0,138.7,00-0034791,RB,2024,0.7327586206896551,28,0.415,2018,0.009000000000000001,35.0,12.0,31.452677
134,134,135,Rachaad White,TB,9.0,RB45,170.0,126.0,121.0,139.0,00-0037256,RB,2024,0.9803921568627451,25,0.5656249999999999,2022,0.006,91.0,5.9,49.07638
135,135,136,Austin Ekeler,WAS,12.0,RB46,162.0,137.0,123.0,140.7,00-0033699,RB,2024,0.8863636363636364,29,0.5266666666666666,2017,0.017,,0.0,25.345682
136,136,137,Pittsburgh Steelers,DST,5.0,DST3,87.0,158.0,180.0,141.7,--,D/ST,2024,--,D/ST,-1.0,D/ST,--,,0.0,--
137,137,138,Isaac Guerendo,SF,14.0,RB47,158.0,142.0,127.0,142.3,00-0039363,RB,2024,0.9411764705882353,24,0.22937500000000002,2024,0.005,129.0,3.7,73.668335
138,138,139,Cameron Dicker,LAC,12.0,K2,94.0,165.0,172.0,143.7,00-0037224,K,2024,1.0,24,-1.0,2022,0.022000000000000002,,0.0,--
139,139,140,Jerome Ford,CLE,9.0,RB48,174.0,147.0,116.0,145.7,00-0037267,RB,2024,0.8627450980392157,24,0.54,2022,0.006,156.0,2.4,49.872967
140,140,141,Luther Burden III,CHI,5.0,WR52,161.0,135.0,148.0,148.0,00-0040735,WR,2024,--,20,-1.0,2025,--,39.0,11.3,--
141,141,142,Jayden Higgins,HOU,6.0,WR53,201.0,116.0,128.0,148.3,00-0040130,WR,2024,--,21,-1.0,2025,0.01,34.0,12.1,--
142,142,143,Ray Davis,BUF,7.0,RB49,175.0,141.0,129.0,148.3,00-0039875,RB,2024,1.0,24,0.24352941176470586,2024,0.005,128.0,3.7,38.646626
143,143,144,Darnell Mooney,ATL,5.0,WR54,197.0,113.0,137.0,149.0,00-0036309,WR,2024,0.9047619047619048,26,0.9275,2020,0.051,173.0,1.8,68.065994
144,144,145,Rico Dowdle,CAR,14.0,RB50,166.0,139.0,147.0,150.7,00-0036139,RB,2024,0.6309523809523809,26,0.575,2020,0.01,,0.0,28.499832
145,145,146,Trey Benson,ARI,8.0,RB51,185.0,143.0,126.0,151.3,00-0039921,RB,2024,0.8235294117647058,22,0.16692307692307695,2024,0.006,66.0,7.9,14.152423
146,146,147,Jake Bates,DET,8.0,K3,104.0,166.0,187.0,152.3,00-0039172,K,2024,1.0,25,-1.0,2024,0.004,,0.0,--
147,147,148,Hunter Henry,NE,14.0,TE18,151.0,157.0,152.0,153.3,00-0033090,TE,2024,0.8243243243243243,29,0.8062499999999999,2016,0.035,35.0,12.0,33.573166
148,148,149,Cameron Ward,TEN,10.0,QB20,140.0,156.0,168.0,154.7,00-0040676,QB,2024,--,22,-1.0,2025,0.044000000000000004,,0.0,--
149,149,150,Tua Tagovailoa,MIA,12.0,QB21,148.0,175.0,141.0,154.7,00-0036212,QB,2024,0.8333333333333334,26,0.9718181818181818,2020,0.20800000000000002,5.0,24.3,69.35114
150,150,151,Baltimore Ravens,DST,7.0,DST4,88.0,183.0,194.0,155.0,--,D/ST,2024,--,D/ST,-1.0,D/ST,--,,0.0,--
151,151,152,Tre' Harris,LAC,12.0,WR55,187.0,132.0,146.0,155.0,00-0040727,WR,2024,--,22,-1.0,2025,--,55.0,9.1,--
152,152,153,Bhayshul Tuten,JAC,8.0,RB52,182.0,144.0,144.0,156.7,00-0040719,RB,2024,--,22,-1.0,2025,--,104.0,5.0,--
153,153,154,Minnesota Vikings,DST,6.0,DST5,107.0,164.0,201.0,157.3,--,D/ST,2024,--,D/ST,-1.0,D/ST,--,,0.0,--
154,154,155,Braelon Allen,NYJ,9.0,RB53,178.0,161.0,133.0,157.3,00-0039794,RB,2024,1.0,20,0.26,2024,0.004,134.0,3.4,25.791103
155,155,156,Marvin Mims Jr.,DEN,12.0,WR56,202.0,136.0,136.0,158.0,00-0038976,WR,2024,0.9705882352941176,22,0.2694117647058823,2023,0.006999999999999999,63.0,8.2,79.407295
156,156,157,Dylan Sampson,CLE,9.0,RB54,173.0,160.0,143.0,158.7,00-0040162,RB,2024,--,19,-1.0,2025,0.005,126.0,3.8,--
157,157,158,Michael Penix Jr.,ATL,5.0,QB22,145.0,174.0,160.0,159.7,00-0039917,QB,2024,1.0,24,0.664,2024,0.022000000000000002,8.0,21.4,100.7166
158,158,159,Rashid Shaheed,NO,11.0,WR57,196.0,128.0,156.0,160.0,00-0037545,WR,2024,0.717391304347826,26,0.7566666666666667,2022,0.012,,0.0,63.086666
159,159,160,Trevor Lawrence,JAC,8.0,QB23,194.0,151.0,140.0,161.7,00-0036971,QB,2024,0.8823529411764706,24,0.9019999999999999,2021,0.215,1.0,34.6,44.12651
160,160,161,Keenan Allen,LAC,12.0,WR58,157.0,176.0,153.0,162.0,00-0030279,WR,2024,0.7947368421052632,32,0.868,2013,0.0,76.0,7.0,74.49781
161,161,162,Tyler Allgeier,ATL,5.0,RB55,191.0,154.0,145.0,163.3,00-0037263,RB,2024,0.9803921568627451,24,0.24882352941176467,2022,0.005,151.0,2.7,21.687645
162,162,163,Christian Kirk,HOU,6.0,WR59,198.0,140.0,155.0,164.3,00-0034775,WR,2024,0.8017241379310345,27,0.7000000000000001,2018,0.086,47.0,10.1,41.642677
163,163,164,Zach Ertz,WAS,12.0,TE19,183.0,150.0,161.0,164.7,00-0030061,TE,2024,0.9072164948453608,33,0.6688235294117648,2013,0.022000000000000002,35.0,12.0,41.187428
164,164,165,Ka'imi Fairbairn,HOU,6.0,K4,128.0,169.0,198.0,165.0,00-0032726,K,2024,0.831081081081081,30,-1.0,2016,0.021,,0.0,--
165,165,166,Bryce Young,CAR,14.0,QB24,153.0,185.0,157.0,165.0,00-0039150,QB,2024,0.9705882352941176,23,0.8671428571428572,2023,0.042,1.0,34.6,99.56675
166,166,167,DeAndre Hopkins,BAL,7.0,WR60,147.0,195.0,154.0,165.3,00-0030564,WR,2024,0.9246231155778895,32,0.49,2013,0.018000000000000002,27.0,13.6,53.783833
167,167,168,Jack Bech,LV,8.0,WR61,181.0,159.0,158.0,166.0,00-0040729,WR,2024,--,21,-1.0,2025,--,58.0,8.7,--
168,168,169,Marquise Brown,KC,10.0,WR62,171.0,171.0,159.0,167.0,00-0035662,WR,2024,0.75,27,0.335,2019,0.025,25.0,14.1,0.40499964
169,169,170,Matthew Stafford,LAR,8.0,QB25,154.0,181.0,167.0,167.3,00-0026498,QB,2024,0.8212927756653993,36,1.0,2009,0.14300000000000002,1.0,34.6,51.62757
170,170,171,Chris Boswell,PIT,5.0,K5,115.0,167.0,221.0,167.7,00-0031136,K,2024,0.9444444444444444,33,-1.0,2014,0.024,,0.0,--
171,171,172,Jalen McMillan,TB,9.0,WR63,165.0,152.0,188.0,168.3,00-0039855,WR,2024,0.8235294117647058,22,0.7076923076923077,2024,0.006,92.0,5.8,69.78141
172,172,173,Houston Texans,DST,6.0,DST6,129.0,193.0,184.0,168.7,--,D/ST,2024,--,D/ST,-1.0,D/ST,--,,0.0,--
173,173,174,Jaylen Wright,MIA,12.0,RB56,180.0,177.0,149.0,168.7,00-0039874,RB,2024,0.9411764705882353,21,0.16999999999999996,2024,0.005,120.0,4.1,5.3510256
174,174,175,Rashod Bateman,BAL,7.0,WR64,179.0,145.0,186.0,170.0,00-0036550,WR,2024,0.75,24,0.6900000000000001,2021,0.044000000000000004,27.0,13.6,45.49717
175,175,176,Kyle Williams,NE,14.0,WR65,177.0,146.0,189.0,170.7,00-0040131,WR,2024,--,21,-1.0,2025,0.006,,0.0,--
176,176,177,Geno Smith,LV,8.0,QB26,139.0,210.0,165.0,171.3,00-0030565,QB,2024,0.949748743718593,33,0.9747058823529412,2013,0.134,39.0,11.3,36.08325
177,177,178,Sam Darnold,SEA,8.0,QB27,138.0,211.0,169.0,172.7,00-0034869,QB,2024,0.8275862068965517,27,0.9941176470588234,2018,0.12,3.0,27.6,57.33478
178,178,179,Kansas City Chiefs,DST,10.0,DST7,109.0,196.0,217.0,174.0,--,D/ST,2024,--,D/ST,-1.0,D/ST,--,,0.0,--
179,179,180,Aaron Rodgers,PIT,5.0,QB28,135.0,217.0,174.0,175.3,00-0023459,QB,2024,0.9026217228464419,40,0.9635294117647059,2005,0.051,24.0,14.4,50.955345
180,180,181,Adam Thielen,CAR,14.0,WR66,156.0,172.0,200.0,176.0,00-0030035,WR,2024,0.9065934065934066,34,0.708,2013,0.031,,0.0,58.37611
181,181,182,Kareem Hunt,KC,10.0,RB57,150.0,205.0,178.0,177.7,00-0033923,RB,2024,0.8688524590163934,29,0.5169230769230768,2017,0.005,86.0,6.2,38.92936
182,182,183,Cade Otton,TB,9.0,TE20,155.0,207.0,175.0,179.0,00-0038129,TE,2024,0.9411764705882353,25,0.9285714285714286,2022,0.005,106.0,4.9,64.63341
183,183,184,Anthony Richardson Sr.,IND,11.0,QB29,152.0,209.0,177.0,179.3,00-0039164,QB,2024,0.5,22,0.9254545454545454,2023,0.038,4.0,25.8,63.474747
184,184,185,Isaiah Likely,BAL,7.0,TE21,189.0,173.0,185.0,182.3,00-0037838,TE,2024,0.9607843137254902,24,0.59375,2022,0.005,139.0,3.2,46.255524
185,185,186,Detroit Lions,DST,8.0,DST8,132.0,192.0,227.0,183.7,--,D/ST,2024,--,D/ST,-1.0,D/ST,--,,0.0,--
186,186,187,Harrison Butker,KC,10.0,K6,169.0,170.0,216.0,185.0,00-0033303,K,2024,0.9307692307692308,29,0.36615384615384616,2017,0.025,233.0,0.0,--
187,187,188,Brenton Strange,JAC,8.0,TE22,206.0,190.0,163.0,186.3,00-0038935,TE,2024,0.9117647058823529,23,0.5423529411764706,2023,0.006999999999999999,61.0,8.4,27.768404
188,188,189,Buffalo Bills,DST,7.0,DST9,159.0,234.0,173.0,188.7,--,D/ST,2024,--,D/ST,-1.0,D/ST,--,,0.0,--
189,189,190,Chase McLaughlin,TB,9.0,K7,204.0,168.0,205.0,192.3,00-0035358,K,2024,0.9418604651162791,28,-1.0,2019,0.016,,0.0,--
190,190,191,Blake Corum,LAR,8.0,RB58,160.0,197.0,222.0,193.0,00-0039738,RB,2024,1.0,23,0.11176470588235295,2024,0.006,83.0,6.5,2.5945604
191,191,192,Chig Okonkwo,TEN,10.0,TE23,176.0,223.0,182.0,193.7,00-0037809,TE,2024,1.0,24,0.6052941176470589,2022,0.005,143.0,3.0,26.816
192,192,193,Shedeur Sanders,CLE,9.0,QB30,124.0,230.0,235.0,196.3,00-0040668,QB,2024,--,22,-1.0,2025,0.004,144.0,3.0,--
193,193,194,Mike Gesicki,CIN,10.0,TE24,188.0,182.0,219.0,196.3,00-0034829,TE,2024,0.9913793103448276,28,0.4476470588235294,2018,0.03,42.0,10.8,54.666626
194,194,195,San Francisco 49ers,DST,14.0,DST10,190.0,162.0,238.0,196.7,--,D/ST,2024,--,D/ST,-1.0,D/ST,--,,0.0,--
195,195,196,Pat Freiermuth,PIT,5.0,TE25,184.0,179.0,229.0,197.3,00-0036894,TE,2024,0.8970588235294118,25,0.6929411764705883,2021,0.047,55.0,9.1,29.895
196,196,197,Darren Waller,MIA,12.0,TE26,203.0,203.0,215.0,207.0,00-0031610,TE,2024,0.6532258064516129,31,-1.0,2015,0.006999999999999999,204.0,0.7,--
197,197,198,Wil Lutz,DEN,12.0,K8,167.0,260.0,206.0,211.0,00-0032569,K,2024,0.8851351351351351,30,-1.0,2016,0.016,,0.0,--
198,198,199,Washington Commanders,DST,12.0,DST11,212.0,155.0,272.0,213.0,--,D/ST,2024,--,D/ST,-1.0,D/ST,--,,0.0,--
199,199,200,Xavier Legette,CAR,14.0,WR67,,180.0,171.0,175.5,00-0039342,WR,2024,0.9411764705882353,23,0.698125,2024,0.012,32.0,12.5,22.524
200,200,201,Cedric Tillman,CLE,9.0,WR68,,178.0,176.0,177.0,00-0038979,WR,2024,0.7352941176470589,24,0.5490909090909091,2023,0.006,74.0,7.2,112.1625
201,201,202,Tampa Bay Buccaneers,DST,9.0,DST12,192.0,189.0,279.0,220.0,--,D/ST,2024,--,D/ST,-1.0,D/ST,--,,0.0,--
202,202,203,Tyler Bass,BUF,7.0,K9,218.0,201.0,243.0,220.7,00-0036162,K,2024,1.0,27,0.4435294117647059,2020,0.023,188.0,1.3,--
203,203,204,Evan McPherson,CIN,10.0,K10,200.0,202.0,265.0,222.3,00-0036854,K,2024,0.9117647058823529,25,0.37916666666666665,2021,0.022000000000000002,149.0,2.7,--
204,204,205,DeMario Douglas,NE,14.0,WR69,,194.0,181.0,187.5,00-0038621,WR,2024,0.9117647058823529,23,0.6258823529411766,2023,0.004,210.0,0.6,24.57696
205,205,206,Tyler Loop,BAL,7.0,K11,216.0,200.0,263.0,226.3,00-0040074,K,2024,--,23,-1.0,2025,0.004,186.0,1.3,--
206,206,207,Justice Hill,BAL,7.0,RB59,,213.0,164.0,188.5,00-0034975,RB,2024,0.74,26,0.4173333333333334,2019,0.012,113.0,4.5,37.692093
207,207,208,Cam Little,JAC,8.0,K12,144.0,284.0,254.0,227.3,00-0039409,K,2024,1.0,21,0.2929411764705882,2024,0.004,212.0,0.5,--
208,208,209,Roschon Johnson,CHI,5.0,RB60,,186.0,193.0,189.5,00-0039021,RB,2024,0.8529411764705882,23,0.2814285714285714,2023,0.005,115.0,4.4,19.735455
209,209,210,Wan'Dale Robinson,NYG,14.0,WR70,,198.0,183.0,190.5,00-0038117,WR,2024,0.7450980392156863,23,0.7588235294117647,2022,0.01,43.0,10.6,19.173899
210,210,211,Mason Taylor,NYJ,9.0,TE27,,191.0,192.0,191.5,00-0040736,TE,2024,--,20,-1.0,2025,--,42.0,10.8,--
211,211,212,Kyle Monangai,CHI,5.0,RB61,,221.0,166.0,193.5,00-0040236,RB,2024,--,22,-1.0,2025,0.004,233.0,0.0,--
212,212,213,Younghoe Koo,ATL,5.0,K13,209.0,199.0,283.0,230.3,00-0033702,K,2024,0.9583333333333334,30,-1.0,2017,0.023,,0.0,--
213,213,214,Joshua Palmer,BUF,7.0,WR71,,188.0,203.0,195.5,00-0036988,WR,2024,0.8529411764705882,24,0.66,2021,0.036000000000000004,77.0,6.9,12.9611435
214,214,215,Jake Elliott,PHI,9.0,K14,211.0,259.0,226.0,232.0,00-0033787,K,2024,0.9923664122137404,29,0.22235294117647061,2017,0.023,153.0,2.6,--
215,215,216,Woody Marks,HOU,6.0,RB62,,216.0,179.0,197.5,00-0040583,RB,2024,--,23,-1.0,2025,0.005,116.0,4.3,--
216,216,217,Quentin Johnston,LAC,12.0,WR72,,184.0,211.0,197.5,00-0038544,WR,2024,0.9411764705882353,22,0.7080000000000001,2023,0.016,21.0,15.2,75.70267
217,217,218,New York Giants,DST,14.0,DST13,214.0,239.0,248.0,233.7,--,D/ST,2024,--,D/ST,-1.0,D/ST,--,,0.0,--
218,218,219,Los Angeles Rams,DST,8.0,DST14,223.0,251.0,228.0,234.0,--,D/ST,2024,--,D/ST,-1.0,D/ST,--,,0.0,--
219,219,220,Romeo Doubs,GB,5.0,WR73,,206.0,197.0,201.5,00-0037816,WR,2024,0.8627450980392157,24,0.7738461538461539,2022,0.005,132.0,3.5,34.70756
220,220,221,Elijah Arroyo,SEA,8.0,TE28,,208.0,199.0,203.5,00-0040739,TE,2024,--,21,-1.0,2025,--,50.0,9.7,--
221,221,222,Miles Sanders,DAL,10.0,RB63,,212.0,196.0,204.0,00-0035243,RB,2024,0.84,27,0.3336363636363636,2019,0.005,53.0,9.3,55.95218
222,222,223,Green Bay Packers,DST,5.0,DST15,222.0,245.0,245.0,237.3,--,D/ST,2024,--,D/ST,-1.0,D/ST,--,,0.0,--
223,223,224,Seattle Seahawks,DST,8.0,DST16,225.0,187.0,321.0,244.3,--,D/ST,2024,--,D/ST,-1.0,D/ST,--,,0.0,--
224,224,225,Brandon McManus,GB,5.0,K15,193.0,,233.0,213.0,00-0029822,K,2024,0.9943181818181818,33,-1.0,2014,0.018000000000000002,,0.0,--
225,225,226,DJ Giddens,IND,11.0,RB64,,222.0,204.0,213.0,00-0040179,RB,2024,--,21,-1.0,2025,0.004,151.0,2.7,--
226,226,227,Jarquez Hunter,LAR,8.0,RB65,,237.0,190.0,213.5,00-0040692,RB,2024,--,21,-1.0,2025,0.005,117.0,4.3,--
227,227,228,Dont'e Thornton Jr.,LV,8.0,WR74,,204.0,223.0,213.5,00-0040581,WR,2024,--,21,-1.0,2025,0.005,108.0,4.8,--
228,228,229,Dalton Schultz,HOU,6.0,TE29,,219.0,209.0,214.0,00-0034383,TE,2024,0.9655172413793104,28,0.7817647058823529,2018,0.047,137.0,3.3,16.478897
229,229,230,New England Patriots,DST,14.0,DST17,207.0,243.0,282.0,244.0,--,D/ST,2024,--,D/ST,-1.0,D/ST,--,,0.0,--
230,230,231,Dallas Cowboys,DST,10.0,DST18,210.0,285.0,237.0,244.0,--,D/ST,2024,--,D/ST,-1.0,D/ST,--,,0.0,--
231,231,232,Brashard Smith,KC,10.0,RB66,,214.0,220.0,217.0,00-0040078,RB,2024,--,21,-1.0,2025,0.004,228.0,0.0,--
232,232,233,Alec Pierce,IND,11.0,WR75,,218.0,218.0,218.0,00-0037664,WR,2024,0.9607843137254902,24,0.8006249999999999,2022,0.008,53.0,9.3,69.103836
233,233,234,Chicago Bears,DST,5.0,DST19,186.0,,252.0,219.0,--,D/ST,2024,--,D/ST,-1.0,D/ST,--,,0.0,--
234,234,235,Russell Wilson,NYG,14.0,QB31,,249.0,191.0,220.0,00-0029263,QB,2024,0.9537037037037037,35,0.9827272727272728,2012,0.038,75.0,7.1,38.439064
235,235,236,Jason Sanders,MIA,12.0,K16,221.0,292.0,231.0,248.0,00-0034794,K,2024,1.0,28,0.3541176470588235,2018,0.024,229.0,0.0,--
236,236,237,MarShawn Lloyd,GB,5.0,RB67,,228.0,213.0,220.5,00-0039811,RB,2024,0.058823529411764705,23,0.14,2024,0.006,88.0,6.1,
237,237,238,Will Shipley,PHI,9.0,RB68,,229.0,214.0,221.5,00-0039746,RB,2024,0.9411764705882353,22,0.060000000000000005,2024,0.005,127.0,3.8,19.813
238,238,239,Miami Dolphins,DST,12.0,DST20,199.0,247.0,,223.0,--,D/ST,2024,--,D/ST,-1.0,D/ST,--,,0.0,--
239,239,240,New York Jets,DST,9.0,DST21,224.0,238.0,294.0,252.0,--,D/ST,2024,--,D/ST,-1.0,D/ST,--,,0.0,--
240,240,241,Jacory Croskey-Merritt,WAS,12.0,RB69,,261.0,195.0,228.0,00-0040242,RB,2024,--,23,-1.0,2025,0.004,245.0,0.0,--
241,241,242,Daniel Carlson,LV,8.0,K17,217.0,258.0,290.0,255.0,00-0034161,K,2024,1.0,29,0.3035294117647058,2018,0.025,167.0,2.0,--
242,242,243,Pat Bryant,DEN,12.0,WR76,,215.0,247.0,231.0,00-0040134,WR,2024,--,21,-1.0,2025,0.006,74.0,7.2,--
243,243,244,Matt Gay,WAS,12.0,K18,219.0,286.0,262.0,255.7,00-0035269,K,2024,0.989010989010989,30,0.338125,2019,0.015,145.0,2.9,--
244,244,245,Tahj Brooks,CIN,10.0,RB70,,262.0,202.0,232.0,00-0040208,RB,2024,--,22,-1.0,2025,0.004,193.0,1.1,--
245,245,246,Arizona Cardinals,DST,8.0,DST22,220.0,,249.0,234.5,--,D/ST,2024,--,D/ST,-1.0,D/ST,--,,0.0,--
246,246,247,Jalen Royals,KC,10.0,WR77,,225.0,244.0,234.5,00-0040646,WR,2024,--,21,-1.0,2025,0.005,133.0,3.5,--
247,247,248,Tyler Shough,NO,11.0,QB32,,268.0,207.0,237.5,00-0040743,QB,2024,--,24,-1.0,2025,--,40.0,11.1,--
248,248,249,Daniel Jones,IND,11.0,QB33,,271.0,208.0,239.5,00-0035710,QB,2024,0.7741935483870968,27,0.9789999999999999,2019,0.05,6.0,23.2,49.692825
249,249,250,Devin Neal,NO,11.0,RB71,,220.0,259.0,239.5,00-0040202,RB,2024,--,21,-1.0,2025,0.004,184.0,1.4,--
250,250,251,Cincinnati Bengals,DST,10.0,DST23,208.0,,273.0,240.5,--,D/ST,2024,--,D/ST,-1.0,D/ST,--,,0.0,--
251,251,252,Ja'Tavion Sanders,CAR,14.0,TE30,,240.0,242.0,241.0,00-0039356,TE,2024,0.9411764705882353,21,0.56125,2024,0.005,101.0,5.2,19.78457
252,252,253,Jaxson Dart,NYG,14.0,QB34,,242.0,241.0,241.5,00-0040691,QB,2024,--,21,-1.0,2025,0.015,25.0,14.1,--
253,253,254,Keaton Mitchell,BAL,7.0,RB72,,265.0,224.0,244.5,00-0038454,RB,2024,0.38235294117647056,22,0.10800000000000001,2023,0.004,,0.0,11.52
254,254,255,Jaylin Noel,HOU,6.0,WR78,,232.0,258.0,245.0,00-0040138,WR,2024,--,21,-1.0,2025,0.006,79.0,6.8,--
255,255,256,Will Reichard,MIN,6.0,K19,215.0,287.0,298.0,266.7,00-0039404,K,2024,0.7647058823529411,23,0.4176923076923077,2024,0.004,203.0,0.8,--
256,256,257,Darius Slayton,NYG,14.0,WR79,,252.0,246.0,249.0,00-0035535,WR,2024,0.94,27,0.830625,2019,0.043,171.0,1.9,44.923336
257,257,258,Jake Moody,SF,14.0,K20,195.0,,306.0,250.5,00-0038562,K,2024,0.9117647058823529,24,0.3678571428571428,2023,0.006,99.0,5.3,--
258,258,259,Dyami Brown,JAC,8.0,WR80,,244.0,256.0,250.0,00-0036626,WR,2024,0.9264705882352942,24,0.43125,2021,0.036000000000000004,82.0,6.5,11.572096
259,259,260,Joe Flacco,CLE,9.0,QB35,,296.0,210.0,253.0,00-0026158,QB,2024,0.8844621513944223,39,0.8525,2008,0.015,18.0,16.2,48.36278
260,260,261,Raheem Mostert,LV,8.0,RB73,,266.0,240.0,253.0,00-0031687,RB,2024,0.7152317880794702,32,0.31384615384615383,2015,0.006,,0.0,20.23356
261,261,262,Elijah Mitchell,KC,10.0,RB74,,297.0,212.0,254.5,00-0036567,RB,2024,0.4117647058823529,26,-1.0,2021,0.009000000000000001,194.0,1.1,--
262,262,263,Terrance Ferguson,LAR,8.0,TE31,,231.0,280.0,255.5,00-0040737,TE,2024,--,21,-1.0,2025,--,46.0,10.2,--
263,263,264,Los Angeles Chargers,DST,12.0,DST24,,250.0,261.0,255.5,--,D/ST,2024,--,D/ST,-1.0,D/ST,--,,0.0,--
264,264,265,Juwan Johnson,NO,11.0,TE32,,256.0,260.0,258.0,00-0036040,TE,2024,0.9066666666666666,27,0.6417647058823529,2020,0.037000000000000005,,0.0,15.225524
265,265,266,Joshua Karty,LAR,8.0,K21,213.0,,304.0,258.5,00-0039750,K,2024,1.0,22,0.17294117647058824,2024,0.004,209.0,0.6,--
266,266,267,Michael Wilson,ARI,8.0,WR81,,233.0,286.0,259.5,00-0038559,WR,2024,0.8529411764705882,24,0.795625,2023,0.006,94.0,5.7,19.576292
267,267,268,Calvin Austin III,PIT,5.0,WR82,,246.0,277.0,261.5,00-0037837,WR,2024,0.6666666666666666,25,0.5364705882352941,2022,0.005,138.0,3.2,44.910583
268,268,269,Cole Kmet,CHI,5.0,TE33,,253.0,270.0,261.5,00-0036290,TE,2024,1.0,25,0.8723529411764707,2020,0.055999999999999994,43.0,10.6,57.524616
269,269,270,Jordan James,SF,14.0,RB75,,235.0,289.0,262.0,00-0040177,RB,2024,--,20,-1.0,2025,0.004,147.0,2.8,--
270,270,271,A.J. Dillon,PHI,9.0,RB76,,293.0,232.0,262.5,00-0036265,RB,2024,0.7142857142857143,26,-1.0,2020,0.005,62.0,8.3,--
271,271,272,Jalen Milroe,SEA,8.0,QB36,,277.0,250.0,263.5,00-0040673,QB,2024,--,21,-1.0,2025,0.006,92.0,5.8,--
272,272,273,Jaleel McLaughlin,DEN,12.0,RB77,,257.0,271.0,264.0,00-0038794,RB,2024,0.9705882352941176,23,0.281875,2023,0.004,,0.0,12.404667
273,273,274,Elic Ayomanor,TEN,10.0,WR83,,224.0,308.0,266.0,00-0040170,WR,2024,--,21,-1.0,2025,0.004,136.0,3.3,--
274,274,275,Antonio Gibson,NE,14.0,RB78,,,225.0,225.0,00-0036328,RB,2024,0.9285714285714286,26,0.33294117647058824,2020,0.015,66.0,7.9,13.201545
275,275,276,Tyler Lockett,TEN,10.0,WR84,,227.0,303.0,265.0,00-0032211,WR,2024,0.9818181818181818,31,0.6905882352941176,2015,0.013999999999999999,69.0,7.6,24.649044
276,276,277,Isaac TeSlaa,DET,8.0,WR85,,263.0,267.0,265.0,00-0040669,WR,2024,--,22,-1.0,2025,0.006,70.0,7.5,--
277,277,278,Amari Cooper,,,WR86,,226.0,305.0,265.5,00-0031544,WR,2024,0.9634146341463414,30,0.6407142857142858,2015,0.10099999999999999,4.0,25.8,55.4559
278,278,279,Cleveland Browns,DST,9.0,DST25,226.0,,312.0,269.0,--,D/ST,2024,--,D/ST,-1.0,D/ST,--,,0.0,--
279,279,280,Theo Johnson,NYG,14.0,TE34,,254.0,278.0,266.0,00-0039847,TE,2024,0.7058823529411765,23,0.8416666666666668,2024,0.005,107.0,4.8,15.565446
280,280,281,Trevor Etienne,CAR,14.0,RB79,,275.0,257.0,266.0,00-0040644,RB,2024,--,20,-1.0,2025,0.005,114.0,4.4,--
281,281,282,Kirk Cousins,ATL,5.0,QB37,,303.0,230.0,266.5,00-0029604,QB,2024,0.9537037037037037,36,0.9771428571428571,2012,0.17600000000000002,102.0,5.1,84.67227
282,282,283,Tyler Conklin,LAC,12.0,TE35,,281.0,253.0,267.0,00-0034270,TE,2024,1.0,29,0.800625,2018,0.011000000000000001,157.0,2.4,34.98696
283,283,284,Spencer Rattler,NO,11.0,QB38,,,234.0,234.0,00-0039376,QB,2024,0.4117647058823529,23,0.8814285714285715,2024,0.004,150.0,2.7,15.342381
284,284,285,Tennessee Titans,DST,10.0,DST26,,236.0,,236.0,--,D/ST,2024,--,D/ST,-1.0,D/ST,--,,0.0,--
285,285,286,Zack Moss,,,RB80,,,236.0,236.0,00-0036251,RB,2024,0.7469879518072289,26,0.6174999999999999,2020,0.006,86.0,6.2,45.296967
286,286,287,Kendre Miller,NO,11.0,RB81,,267.0,275.0,271.0,00-0038551,RB,2024,0.4117647058823529,22,0.27999999999999997,2023,0.006,71.0,7.5,6.8269997
287,287,288,Ray-Ray McCloud III,ATL,5.0,WR87,,,239.0,239.0,00-0034407,WR,2024,0.9439252336448598,27,0.8505882352941176,2018,0.01,187.0,1.3,18.895294
288,288,289,Jalen Nailor,MIN,6.0,WR88,,294.0,251.0,272.5,00-0037291,WR,2024,0.7450980392156863,25,0.52,2022,0.005,191.0,1.2,31.199999
289,289,290,Adonai Mitchell,IND,11.0,WR89,,241.0,309.0,275.0,00-0039890,WR,2024,1.0,21,0.36117647058823527,2024,0.006999999999999999,52.0,9.4,13.953594
290,290,291,Dontayvion Wicks,GB,5.0,WR90,,255.0,291.0,273.0,00-0038393,WR,2024,0.9411764705882353,23,0.5470588235294117,2023,0.005,159.0,2.3,42.251247
291,291,292,Tyler Higbee,LAR,8.0,TE36,,278.0,268.0,273.0,00-0033110,TE,2024,0.8716216216216216,31,0.32666666666666666,2016,0.038,110.0,4.7,40.763336
292,292,293,Jalen Coker,CAR,14.0,WR91,,248.0,,248.0,00-0039491,WR,2024,0.7857142857142857,22,-1.0,2024,0.004,,0.0,45.037125
293,293,294,Ollie Gordon II,MIA,12.0,RB82,,273.0,281.0,277.0,00-0040198,RB,2024,--,20,-1.0,2025,0.004,179.0,1.6,--
294,294,295,Andrei Iosivas,CIN,10.0,WR92,,264.0,292.0,278.0,00-0038619,WR,2024,0.9705882352941176,24,0.7841176470588236,2023,0.004,206.0,0.7,24.915148
295,295,296,Noah Gray,KC,10.0,TE37,,274.0,287.0,280.5,00-0036637,TE,2024,0.9852941176470589,25,0.5635294117647058,2021,0.023,162.0,2.2,39.005627
296,296,297,Tory Horton,SEA,8.0,WR93,,269.0,295.0,282.0,00-0040648,WR,2024,--,21,-1.0,2025,0.004,166.0,2.0,--
297,297,298,Harold Fannin Jr.,CLE,9.0,TE38,,270.0,297.0,283.5,00-0040663,TE,2024,--,20,-1.0,2025,0.006,67.0,7.8,--
298,298,299,Audric Estime,DEN,12.0,RB83,,,264.0,264.0,00-0039373,RB,2024,0.7647058823529411,20,0.16615384615384615,2024,0.004,147.0,2.8,10.949359
299,299,300,Troy Franklin,DEN,12.0,WR94,,299.0,269.0,284.0,00-0039868,WR,2024,0.9411764705882353,21,0.375,2024,0.005,102.0,5.1,11.309958
300,300,301,Luke McCaffrey,WAS,12.0,WR95,,,266.0,266.0,00-0039355,WR,2024,1.0,23,0.36588235294117644,2024,0.005,100.0,5.3,4.0890913
301,301,302,Roman Wilson,PIT,5.0,WR96,,272.0,315.0,293.5,00-0039739,WR,2024,0.058823529411764705,23,0.07,2024,0.006,84.0,6.4,--
302,302,303,Jermaine Burton,CIN,10.0,WR97,,,274.0,274.0,00-0039810,WR,2024,0.8235294117647058,23,0.13499999999999998,2024,0.006,80.0,6.7,4.0425
303,303,304,Sean Tucker,TB,9.0,RB84,,,276.0,276.0,00-0038951,RB,2024,0.9411764705882353,22,0.0923529411764706,2023,0.004,,0.0,90.53073
304,304,305,Diontae Johnson,CLE,9.0,WR98,,276.0,313.0,294.5,00-0035216,WR,2024,0.92,28,0.5516666666666666,2019,0.004,66.0,7.9,90.082
305,305,306,Xavier Restrepo,TEN,10.0,WR99,,279.0,,279.0,00-0040522,WR,2024,--,22,-1.0,2025,0.004,,0.0,--
306,306,307,Taysom Hill,NO,11.0,TE39,,280.0,,280.0,00-0033357,TE,2024,0.8939393939393939,34,0.42500000000000004,2017,0.055,,0.0,155.63348
307,307,308,Kayshon Boutte,NE,14.0,WR100,,300.0,284.0,292.0,00-0038608,WR,2024,0.6176470588235294,22,0.7806666666666667,2023,0.004,187.0,1.3,47.372097
308,308,309,Brandin Cooks,NO,11.0,WR101,,282.0,318.0,300.0,00-0031236,WR,2024,0.8465909090909091,30,0.6979999999999998,2014,0.023,20.0,15.5,14.067112
309,309,310,Noah Fant,CIN,10.0,TE40,,283.0,310.0,296.5,00-0035644,TE,2024,0.9504950495049505,26,0.6328571428571428,2019,0.01,20.0,15.5,17.886812
310,310,311,Tre Tucker,LV,8.0,WR102,,,285.0,285.0,00-0038563,WR,2024,0.9705882352941176,23,0.8723529411764707,2023,0.006,100.0,5.3,35.75559
311,311,312,Indianapolis Colts,DST,11.0,DST27,,288.0,,288.0,--,D/ST,2024,--,D/ST,-1.0,D/ST,--,,0.0,--
312,312,313,Devaughn Vele,DEN,12.0,WR103,,,288.0,288.0,00-0039424,WR,2024,0.7647058823529411,26,0.5315384615384614,2024,0.004,235.0,0.0,26.504103
313,313,314,Las Vegas Raiders,DST,8.0,DST28,,289.0,,289.0,--,D/ST,2024,--,D/ST,-1.0,D/ST,--,,0.0,--
314,314,315,Jacksonville Jaguars,DST,8.0,DST29,,290.0,,290.0,--,D/ST,2024,--,D/ST,-1.0,D/ST,--,,0.0,--
315,315,316,New Orleans Saints,DST,11.0,DST30,,291.0,,291.0,--,D/ST,2024,--,D/ST,-1.0,D/ST,--,,0.0,--
316,316,317,Ty Johnson,BUF,7.0,RB85,,,293.0,293.0,00-0035537,RB,2024,0.956989247311828,26,0.28764705882352937,2019,0.009000000000000001,186.0,1.3,24.61559
317,317,318,Oronde Gadsden II,LAC,12.0,TE41,,295.0,307.0,301.0,00-0040189,TE,2024,--,21,-1.0,2025,0.004,,0.0,--
318,318,319,Samaje Perine,CIN,10.0,RB86,,,296.0,296.0,00-0033526,RB,2024,0.991869918699187,28,0.25823529411764706,2017,0.006,114.0,4.4,8.776103
319,319,320,Marquez Valdes-Scantling,SEA,8.0,WR104,,298.0,,298.0,00-0034272,WR,2024,0.9304347826086956,29,0.5435714285714286,2018,0.013999999999999999,174.0,1.7,62.375
320,320,321,Kenneth Gainwell,PIT,5.0,RB87,,,299.0,299.0,00-0036919,RB,2024,0.9705882352941176,25,0.25941176470588234,2021,0.006,150.0,2.7,7.0705
321,321,322,Jalen Tolbert,DAL,10.0,WR105,,,300.0,300.0,00-0037666,WR,2024,0.8235294117647058,25,0.7576470588235295,2022,0.006,88.0,6.1,27.602575
322,322,323,Jordan Whittington,LAR,8.0,WR106,,301.0,,301.0,00-0039751,WR,2024,0.8823529411764706,23,0.292,2024,0.004,213.0,0.5,31.991
323,323,324,Emanuel Wilson,GB,5.0,RB88,,,301.0,301.0,00-0038797,RB,2024,0.7941176470588235,25,0.23411764705882354,2023,0.004,,0.0,26.618898
324,324,325,KeAndre Lambert-Smith,LAC,12.0,WR107,,,302.0,302.0,00-0040184,WR,2024,--,22,-1.0,2025,0.004,158.0,2.4,--
325,325,326,Tutu Atwell,LAR,8.0,WR108,,302.0,319.0,310.5,00-0036849,WR,2024,0.8088235294117647,24,0.38941176470588235,2021,0.036000000000000004,57.0,8.9,17.919239
326,326,327,Devin Singletary,NYG,14.0,RB89,,,311.0,311.0,00-0035250,RB,2024,0.95,26,0.38933333333333325,2019,0.022000000000000002,74.0,7.2,28.698282
327,327,328,Noah Brown,WAS,12.0,WR109,,,314.0,314.0,00-0033591,WR,2024,0.6818181818181818,28,0.630909090909091,2017,0.012,239.0,0.0,19.830727
328,328,329,Dameon Pierce,HOU,6.0,RB90,,,316.0,316.0,00-0037258,RB,2024,0.7450980392156863,24,0.16363636363636366,2022,0.005,107.0,4.8,71.082504
329,329,330,Phil Mafah,DAL,10.0,RB91,,,317.0,317.0,00-0040021,RB,2024,--,21,-1.0,2025,0.004,239.0,0.0,--
330,330,331,Atlanta Falcons,DST,5.0,DST31,,,320.0,320.0,--,D/ST,2024,--,D/ST,-1.0,D/ST,--,,0.0,--
331,331,332,Elijah Moore,BUF,7.0,WR110,,,322.0,322.0,00-0036980,WR,2024,0.9117647058823529,24,0.7570588235294117,2021,0.009000000000000001,34.0,12.1,34.676105
332,332,333,Isaiah Davis,NYJ,9.0,RB92,,,323.0,323.0,00-0039798,RB,2024,1.0,22,0.09941176470588235,2024,0.004,173.0,1.8,28.292501
333,333,334,Jaylin Lane,WAS,12.0,WR111,,,324.0,324.0,00-0040164,WR,2024,--,22,-1.0,2025,0.005,128.0,3.7,--
