Rank,Player,Team,Bye,POS,Yahoo,Sleeper,RTSports,AVG,gsis_id,position,season,availability,age,rookie_season,snap_share,fan_pts_var,apy_cap_pct,draft_pick,pick_value,prev_year_completions,prev_year_passing_yards,prev_year_passing_tds,prev_year_carries,prev_year_rushing_yards,prev_year_rushing_tds,prev_year_receptions,prev_year_receiving_yards,prev_year_receiving_tds,prev_year_turnovers,obj_completions,obj_passing_yards,obj_passing_tds,obj_carries,obj_rushing_yards,obj_rushing_tds,obj_receptions,obj_receiving_yards,obj_receiving_tds,obj_turnovers,yac_pr
2,Tyreek Hill,MIA,6,WR1,2.0,2.0,3.0,2.3,00-0033040,WR,2023,0.9694656488549618,29,2016,0.673125,93.57533,0.11699999999999999,165.0,2.1,0,0.0,0,6,15.0,0,119,1799.0,13,1.0,0,0.0,0,8,53.0,0,81,959.0,6,0.0,5.4789915966386555
3,CeeDee Lamb,DAL,7,WR2,3.0,3.0,2.0,2.7,00-0036358,WR,2023,0.9850746268656716,24,2020,0.8370588235294117,120.18493,0.133,17.0,16.6,0,0.0,0,14,113.0,2,135,1749.0,12,1.0,0,0.0,0,14,70.0,0,101,1194.0,6,1.0,5.037037037037037
6,Justin Jefferson,MIN,6,WR3,7.0,4.0,7.0,6.0,00-0036322,WR,2023,0.8955223880597015,24,2020,0.867,111.04623,0.13699999999999998,22.0,14.9,0,0.0,0,1,-12.0,0,68,1074.0,5,0.0,1,22.0,0,1,3.0,0,103,1533.0,10,0.0,3.823529411764706
7,Ja'Marr Chase,CIN,12,WR4,6.0,5.0,8.0,6.3,00-0036900,WR,2023,0.9019607843137255,23,2021,0.87,156.55812,0.042,5.0,24.3,1,-7.0,0,3,-6.0,0,100,1216.0,7,0.0,0,0.0,0,3,32.0,0,127,1708.0,17,0.0,5.41
8,Amon-Ra St. Brown,DET,5,WR5,8.0,7.0,6.0,7.0,00-0036963,WR,2023,0.9607843137254902,23,2021,0.8975,47.064293,0.11699999999999999,112.0,4.6,0,0.0,0,4,24.0,0,119,1515.0,10,1.0,1,7.0,1,2,6.0,0,115,1263.0,12,1.0,5.61344537815126
9,A.J. Brown,PHI,5,WR6,10.0,9.0,11.0,10.0,00-0035676,WR,2023,0.9285714285714286,26,2019,0.8888235294117647,104.70743,0.125,51.0,9.6,0,0.0,0,0,0.0,0,106,1456.0,7,2.0,0,0.0,0,0,0.0,0,67,1079.0,7,0.0,4.462264150943396
12,Garrett Wilson,NYJ,12,WR7,11.0,13.0,12.0,12.0,00-0037740,WR,2023,1.0,23,2022,0.9147058823529411,29.795074,0.025,10.0,19.9,0,0.0,0,4,0.0,0,95,1042.0,3,2.0,0,0.0,0,2,5.0,0,101,1104.0,7,2.0,3.442105263157895
14,Puka Nacua,LAR,6,WR8,15.0,15.0,14.0,14.7,00-0039075,WR,2023,1.0,22,2023,0.8723529411764704,79.06757,0.005,177.0,1.6,0,0.0,0,12,89.0,0,105,1486.0,6,0.0,0,0.0,0,11,46.0,1,79,990.0,3,0.0,6.085714285714285
15,Marvin Harrison Jr.,ARI,11,WR9,17.0,14.0,16.0,15.7,00-0039849,WR,2023,--,21,2024,-1.0,--,0.035,4.0,25.8,--,--,--,--,--,--,--,--,--,--,0,0.0,0,0,0.0,0,62,885.0,8,1.0,--
19,Davante Adams,LAR,6,WR10,20.0,21.0,22.0,21.0,00-0031381,WR,2023,0.9575757575757575,30,2014,0.9211764705882352,123.40235,0.134,53.0,9.3,0,0.0,0,0,0.0,0,103,1144.0,8,0.0,0,0.0,0,0,0.0,0,85,1063.0,8,0.0,3.262135922330097
22,Drake London,ATL,12,WR11,25.0,19.0,23.0,22.3,00-0037238,WR,2023,0.9705882352941176,22,2022,0.8125,57.02456,0.026000000000000002,8.0,21.4,1,22.0,0,0,0.0,0,69,905.0,2,0.0,0,0.0,0,1,-3.0,0,100,1271.0,9,0.0,2.7246376811594204
25,Chris Olave,NO,12,WR12,26.0,22.0,29.0,25.7,00-0037239,WR,2023,0.9117647058823529,23,2022,0.7381249999999999,33.41196,0.023,11.0,19.3,0,0.0,0,0,0.0,0,87,1123.0,5,0.0,0,0.0,0,1,7.0,0,32,400.0,1,1.0,3.9885057471264367
27,Deebo Samuel Sr.,WAS,14,WR13,28.0,28.0,26.0,27.3,00-0035719,WR,2023,0.7951807228915663,27,2019,0.74,115.979805,0.115,36.0,11.8,0,0.0,0,37,225.0,5,60,892.0,7,0.0,0,0.0,0,42,136.0,1,51,670.0,3,0.0,8.783333333333333
28,Nico Collins,HOU,14,WR14,34.0,33.0,25.0,30.7,00-0036554,WR,2023,0.7647058823529411,24,2021,0.6793333333333335,122.934,0.095,89.0,6.0,0,0.0,0,1,7.0,0,80,1297.0,8,0.0,0,0.0,0,0,0.0,0,68,1006.0,7,0.0,6.8625
32,Mike Evans,TB,11,WR15,22.0,29.0,46.0,32.3,00-0031408,WR,2023,0.9636363636363636,30,2014,0.786470588235294,74.57405,0.08,7.0,22.2,0,0.0,0,0,0.0,0,79,1255.0,13,0.0,0,0.0,0,0,0.0,0,74,1004.0,11,0.0,4.075949367088608
33,Brandon Aiyuk,SF,9,WR16,31.0,26.0,43.0,33.3,00-0036261,WR,2023,0.9253731343283582,25,2020,0.8150000000000001,57.364666,0.11699999999999999,25.0,14.1,0,0.0,0,0,0.0,0,75,1342.0,7,1.0,0,0.0,0,0,0.0,0,25,374.0,0,0.0,4.826666666666667
34,Cooper Kupp,SEA,10,WR17,32.0,39.0,33.0,34.7,00-0033908,WR,2023,0.8434782608695652,30,2017,0.9058333333333334,80.38909,0.128,69.0,7.6,0,0.0,0,1,-3.0,0,59,737.0,5,0.0,0,0.0,0,2,10.0,0,67,710.0,6,0.0,5.4576271186440675
38,DJ Moore,CHI,7,WR18,38.0,38.0,39.0,38.3,00-0034827,WR,2023,0.9797979797979798,26,2018,0.906470588235294,136.81639,0.10800000000000001,24.0,14.4,0,0.0,0,4,21.0,1,96,1364.0,8,1.0,0,0.0,0,14,75.0,0,98,966.0,6,1.0,5.614583333333333
39,Michael Pittman Jr.,IND,14,WR19,44.0,44.0,28.0,38.7,00-0035640,WR,2023,0.9879518072289156,25,2019,0.843125,60.02117,0.115,64.0,8.1,0,0.0,0,0,0.0,0,66,1114.0,8,0.0,0,0.0,0,0,0.0,0,66,992.0,5,2.0,5.5606060606060606
40,DK Metcalf,PIT,9,WR20,37.0,41.0,38.0,38.7,00-0035640,WR,2023,0.9879518072289156,25,2019,0.843125,60.02117,0.115,64.0,8.1,0,0.0,0,0,0.0,0,66,1114.0,8,0.0,0,0.0,0,0,0.0,0,66,992.0,5,2.0,5.5606060606060606
41,Jaylen Waddle,MIA,6,WR21,40.0,35.0,42.0,39.0,00-0036613,WR,2023,0.9215686274509803,24,2021,0.6699999999999999,41.30286,0.111,6.0,23.2,0,0.0,0,3,12.0,0,72,1014.0,4,0.0,0,0.0,0,4,12.0,0,58,744.0,2,0.0,5.847222222222222
44,Stefon Diggs,NE,14,WR22,49.0,34.0,44.0,42.3,00-0031588,WR,2023,1.0,29,2015,0.8129411764705884,70.421844,0.08800000000000001,146.0,2.9,0,0.0,0,1,5.0,0,107,1183.0,8,1.0,1,13.0,0,3,8.0,1,47,496.0,3,0.0,3.7289719626168223
46,DeVonta Smith,PHI,5,WR23,45.0,47.0,45.0,45.7,00-0036912,WR,2023,0.9803921568627451,24,2021,0.963125,49.690002,0.098,10.0,19.9,0,0.0,0,0,0.0,0,81,1066.0,7,1.0,0,0.0,0,1,1.0,0,68,833.0,8,0.0,3.6296296296296298
49,Malik Nabers,NYG,11,WR24,56.0,42.0,47.0,48.3,00-0039337,WR,2023,--,20,2024,-1.0,--,0.028999999999999998,6.0,23.2,--,--,--,--,--,--,--,--,--,--,0,0.0,0,5,2.0,0,109,1204.0,7,0.0,--
54,Amari Cooper,,,WR25,53.0,55.0,59.0,55.7,00-0031544,WR,2023,0.9795918367346939,29,2015,0.7806666666666667,154.63667,0.10099999999999999,4.0,25.8,0,0.0,0,0,0.0,0,72,1250.0,5,1.0,0,0.0,0,0,0.0,0,44,547.0,4,0.0,3.763888888888889
59,George Pickens,DAL,7,WR26,67.0,60.0,58.0,61.7,00-0037247,WR,2023,1.0,22,2022,0.8700000000000001,84.5303,0.008,52.0,9.4,0,0.0,0,3,18.0,0,63,1140.0,5,0.0,0,0.0,0,2,-6.0,0,59,900.0,3,1.0,6.158730158730159
60,Tee Higgins,CIN,12,WR27,65.0,57.0,64.0,62.0,00-0036410,WR,2023,0.8805970149253731,24,2020,0.7383333333333333,96.186066,0.085,33.0,12.3,0,0.0,0,0,0.0,0,42,656.0,5,0.0,0,0.0,0,0,0.0,0,73,911.0,10,1.0,5.595238095238095
63,Zay Flowers,BAL,14,WR28,66.0,52.0,72.0,63.3,00-0039064,WR,2023,0.9411764705882353,22,2023,0.843125,44.117336,0.016,22.0,14.9,0,0.0,0,8,56.0,1,77,858.0,5,0.0,0,0.0,0,9,56.0,0,74,1059.0,4,0.0,5.025974025974026
64,Tank Dell,HU,14 O,WR29,61.0,54.0,75.0,63.3,00-0038977,WR,2023,0.6470588235294118,23,2023,0.6563636363636364,95.831116,0.006,69.0,7.6,0,0.0,0,11,51.0,0,47,709.0,7,0.0,0,0.0,0,9,43.0,0,51,667.0,3,0.0,3.234042553191489
67,Terry McLaurin,WAS,14,WR30,72.0,68.0,61.0,67.0,00-0035659,WR,2023,0.963855421686747,27,2019,0.8517647058823531,34.8164,0.111,76.0,7.0,0,0.0,0,0,0.0,0,79,1002.0,4,0.0,0,0.0,0,2,2.0,0,82,1096.0,13,1.0,4.430379746835443
70,Rashee Rice,KC,6,WR31,78.0,81.0,52.0,70.3,00-0039067,WR,2023,0.9411764705882353,23,2023,0.585,34.00296,0.006999999999999999,55.0,9.1,0,0.0,0,1,-3.0,0,79,938.0,7,1.0,0,0.0,0,1,1.0,0,24,288.0,2,0.0,8.278481012658228
74,Christian Kirk,HU,14 O,WR32,82.0,67.0,68.0,72.3,00-0034775,WR,2023,0.8585858585858586,26,2018,0.7058333333333332,35.778725,0.086,47.0,10.1,1,-1.0,0,1,6.0,0,57,787.0,3,2.0,0,0.0,0,0,0.0,0,27,379.0,1,0.0,4.333333333333333
76,Keenan Allen,LAC,5,WR33,80.0,65.0,81.0,75.3,00-0030279,WR,2023,0.7861271676300579,31,2013,0.89,134.73251,0.10099999999999999,76.0,7.0,1,49.0,1,2,6.0,0,108,1243.0,7,1.0,0,0.0,0,0,0.0,0,70,744.0,7,1.0,3.6666666666666665
77,Chris Godwin,TB,11,WR34,87.0,79.0,73.0,79.7,00-0033921,WR,2023,0.9043478260869565,27,2017,0.8123529411764705,27.709337,0.096,84.0,6.4,0,0.0,0,4,38.0,1,83,1024.0,2,0.0,0,0.0,0,1,2.0,0,50,576.0,5,0.0,4.530120481927711
78,Calvin Ridley,TEN,5,WR35,85.0,80.0,79.0,81.3,00-0034837,WR,2023,0.7472527472527473,28,2018,0.8511764705882353,80.14441,0.09,26.0,13.9,0,0.0,0,9,23.0,0,76,1016.0,8,0.0,0,0.0,0,8,55.0,1,64,1017.0,4,1.0,2.5526315789473686
82,Jayden Reed,GB,10,WR36,93.0,74.0,90.0,85.7,00-0039146,WR,2023,0.9411764705882353,23,2023,0.561875,45.226,0.008,50.0,9.7,0,0.0,0,11,119.0,2,64,793.0,8,0.0,0,0.0,0,20,163.0,1,55,857.0,6,1.0,5.234375
83,Diontae Johnson,CLE,10,WR37,90.0,94.0,82.0,88.7,00-0035216,WR,2023,0.9285714285714286,27,2019,0.7115384615384616,37.54603,0.08800000000000001,66.0,7.9,0,0.0,0,0,0.0,0,51,717.0,5,0.0,0,0.0,0,2,6.0,0,33,375.0,3,0.0,5.117647058823529
87,Xavier Worthy,KC,6,WR38,107.0,76.0,91.0,91.3,00-0039894,WR,2023,--,20,2024,-1.0,--,0.013000000000000001,28.0,13.4,--,--,--,--,--,--,--,--,--,--,0,0.0,0,20,104.0,3,59,638.0,6,0.0,--
89,Rome Odunze,CHI,7,WR39,97.0,72.0,110.0,93.0,00-0039919,WR,2023,--,21,2024,-1.0,--,0.022000000000000002,9.0,20.6,--,--,--,--,--,--,--,--,--,--,0,0.0,0,3,15.0,0,54,734.0,3,1.0,--
99,Jaxon Smith-Njigba,SEA,10,WR40,114.0,102.0,93.0,103.0,00-0038543,WR,2023,1.0,21,2023,0.6482352941176471,17.482353,0.016,20.0,15.5,0,0.0,0,0,0.0,0,63,628.0,4,0.0,1,35.0,0,5,26.0,0,100,1130.0,6,0.0,5.809523809523809
100,Christian Watson,GB,10,WR41,112.0,100.0,98.0,103.3,00-0038124,WR,2023,0.6764705882352942,24,2022,0.7688888888888888,62.417778,0.011000000000000001,34.0,12.1,0,0.0,0,4,11.0,0,28,422.0,5,0.0,0,0.0,0,4,23.0,0,29,620.0,2,1.0,3.75
102,Marquise Brown,KC,6,WR42,109.0,92.0,119.0,106.7,00-0035662,WR,2023,0.8674698795180723,26,2019,0.8507142857142856,37.1559,0.027000000000000003,25.0,14.1,0,0.0,0,2,23.0,0,51,574.0,4,0.0,0,0.0,0,0,0.0,0,9,91.0,0,0.0,3.215686274509804
103,Jordan Addison,MIN,6,WR43,120.0,84.0,117.0,107.0,00-0038994,WR,2023,1.0,21,2023,0.8105882352941177,75.489044,0.015,23.0,14.6,0,0.0,0,1,2.0,0,70,911.0,10,0.0,0,0.0,0,3,20.0,1,63,875.0,9,0.0,3.742857142857143
107,DeAndre Hopkins,BAL,14,WR44,126.0,101.0,99.0,108.7,00-0030564,WR,2023,0.9175824175824175,31,2013,0.7217647058823529,73.797646,0.057999999999999996,27.0,13.6,0,0.0,0,2,9.0,0,75,1057.0,7,0.0,0,0.0,0,0,0.0,0,56,610.0,5,0.0,2.973333333333333
108,Ladd McConkey,LAC,5,WR45,133.0,88.0,111.0,110.7,00-0039915,WR,2023,--,21,2024,-1.0,--,0.01,34.0,12.1,--,--,--,--,--,--,--,--,--,--,0,0.0,0,0,0.0,0,82,1149.0,7,0.0,--
109,Brian Thomas Jr.,JAC,12,WR46,116.0,105.0,113.0,111.3,00-0039893,WR,2023,--,20,2024,-1.0,--,0.013999999999999999,23.0,14.6,--,--,--,--,--,--,--,--,--,--,0,0.0,0,6,48.0,0,87,1282.0,10,0.0,--
110,Courtland Sutton,DEN,14,WR47,121.0,114.0,104.0,113.0,00-0034348,WR,2023,0.81,27,2018,0.785,36.9305,0.054000000000000006,40.0,11.1,0,0.0,0,0,0.0,0,59,772.0,10,3.0,2,30.0,1,0,0.0,0,81,1081.0,8,1.0,2.6440677966101696
117,Keon Coleman,BUF,12,WR48,142.0,98.0,115.0,118.3,00-0039901,WR,2023,--,20,2024,-1.0,--,0.01,33.0,12.3,--,--,--,--,--,--,--,--,--,--,0,0.0,0,1,9.0,0,29,556.0,4,0.0,--
118,Jameson Williams,DET,5,WR49,141.0,111.0,103.0,118.3,00-0037240,WR,2023,0.5294117647058824,22,2022,0.5325,20.777197,0.021,12.0,18.8,0,0.0,0,3,29.0,1,24,354.0,2,0.0,0,0.0,0,11,61.0,1,58,1001.0,7,0.0,4.375
126,Khalil Shakir,BUF,12,WR50,151.0,126.0,122.0,133.0,00-0037261,WR,2023,0.9411764705882353,23,2022,0.5135294117647059,37.54096,0.005,148.0,2.8,0,0.0,0,1,10.0,0,39,611.0,2,0.0,0,0.0,0,2,4.0,0,76,821.0,4,0.0,7.230769230769231
133,Curtis Samuel,BUF,12,WR51,172.0,120.0,127.0,139.7,00-0033282,WR,2023,0.8260869565217391,27,2017,0.56375,41.646,0.031,40.0,11.1,0,0.0,0,7,39.0,1,62,613.0,4,0.0,0,0.0,0,5,14.0,0,31,253.0,1,0.0,4.193548387096774
136,Romeo Doubs,GB,10,WR52,182.0,121.0,121.0,141.3,00-0037816,WR,2023,0.8823529411764706,23,2022,0.7670588235294117,36.81507,0.005,132.0,3.5,0,0.0,0,0,0.0,0,59,674.0,8,0.0,0,0.0,0,0,0.0,0,46,601.0,4,0.0,2.2711864406779663
138,Tyler Lockett,TEN,5,WR53,163.0,122.0,152.0,145.7,00-0032211,WR,2023,0.9797297297297297,30,2015,0.7994117647058824,51.73809,0.059000000000000004,69.0,7.6,0,0.0,0,0,0.0,0,79,894.0,5,0.0,0,0.0,0,0,0.0,0,49,600.0,2,0.0,2.6582278481012658
142,Joshua Palmer,BUF,12,WR54,189.0,138.0,124.0,150.3,00-0036988,WR,2023,0.8431372549019608,23,2021,0.751,38.048996,0.006999999999999999,77.0,6.9,0,0.0,0,1,6.0,0,38,581.0,2,1.0,0,0.0,0,0,0.0,0,39,584.0,1,0.0,5.157894736842105
145,Jakobi Meyers,LV,10,WR55,179.0,137.0,138.0,151.3,00-0034960,WR,2023,0.9404761904761905,26,2019,0.898125,54.09976,0.049,,0.0,2,12.0,1,4,24.0,2,71,807.0,8,0.0,0,0.0,0,2,23.0,0,87,1027.0,4,0.0,3.408450704225352
148,Jerry Jeudy,CLE,10,WR56,190.0,141.0,136.0,155.7,00-0036407,WR,2023,0.8529411764705882,24,2020,0.65875,14.5251665,0.069,15.0,17.4,0,0.0,0,0,0.0,0,54,758.0,2,0.0,0,0.0,0,0,0.0,0,90,1229.0,4,0.0,5.981481481481482
153,Dontayvion Wicks,GB,10,WR57,157.0,162.0,154.0,157.7,00-0038393,WR,2023,0.8823529411764706,22,2023,0.476,40.960415,0.005,159.0,2.3,1,14.0,0,1,1.0,0,39,581.0,4,1.0,0,0.0,0,0,0.0,0,39,415.0,5,0.0,5.410256410256411
156,Brandin Cooks,NO,12,WR58,162.0,152.0,164.0,159.3,00-0031236,WR,2023,0.8742138364779874,29,2014,0.733125,66.55933,0.044000000000000004,20.0,15.5,0,0.0,0,5,35.0,0,54,657.0,8,0.0,0,0.0,0,3,-3.0,0,26,259.0,3,0.0,2.314814814814815
160,Adam Thielen,CAR,11,WR59,161.0,172.0,156.0,163.0,00-0030035,WR,2023,0.9393939393939394,33,2013,0.9111764705882353,82.67361,0.037000000000000005,,0.0,0,0.0,0,1,6.0,0,103,1014.0,4,0.0,0,0.0,0,0,0.0,0,48,615.0,5,0.0,3.3009708737864076
161,Mike Williams,,,WR60,202.0,140.0,148.0,163.3,00-0033536,WR,2023,0.8173913043478261,28,2017,0.7799999999999999,68.903336,0.039,7.0,22.2,0,0.0,0,1,3.0,0,19,249.0,1,0.0,0,0.0,0,0,0.0,0,21,298.0,1,0.0,5.684210526315789
162,Rashid Shaheed,N,12 O,WR61,177.0,144.0,169.0,163.3,00-0037545,WR,2023,0.9310344827586207,25,2022,0.5800000000000001,49.380665,0.012,,0.0,0,0.0,0,7,37.0,0,46,719.0,5,0.0,0,0.0,0,6,29.0,0,20,349.0,3,0.0,3.282608695652174
163,Adonai Mitchell,IND,14,WR62,200.0,125.0,170.0,165.0,00-0039890,WR,2023,--,20,2024,-1.0,--,0.006999999999999999,52.0,9.4,--,--,--,--,--,--,--,--,--,--,1,24.0,0,4,6.0,0,23,312.0,0,1.0,--
167,Gabe Davis ,,,WR63,196.0,151.0,153.0,166.7,00-0036196,WR,2023,0.9701492537313433,24,2020,0.8341176470588235,92.3025,0.051,128.0,3.7,0,0.0,0,1,-2.0,0,45,746.0,7,1.0,0,0.0,0,0,0.0,0,20,239.0,2,1.0,4.0
170,Xavier Legette,CAR,11,WR64,175.0,142.0,187.0,168.0,00-0039342,WR,2023,--,22,2024,-1.0,--,0.012,32.0,12.5,--,--,--,--,--,--,--,--,--,--,0,0.0,0,6,24.0,0,49,497.0,4,0.0,--
174,Ja'Lynn Polk,NE,14,WR65,183.0,160.0,178.0,173.7,00-0039907,WR,2023,--,22,2024,-1.0,--,0.009000000000000001,37.0,11.6,--,--,--,--,--,--,--,--,--,--,0,0.0,0,1,0.0,0,12,87.0,2,0.0,--
181,Jahan Dotson,PHI,5,WR66,150.0,163.0,228.0,180.3,00-0037741,WR,2023,0.8529411764705882,23,2022,0.8258823529411764,42.99132,0.018000000000000002,16.0,16.9,0,0.0,0,0,0.0,0,49,518.0,4,0.0,0,0.0,0,1,13.0,0,19,216.0,0,0.0,2.3469387755102042
182,Josh Downs,IND,14,WR67,188.0,165.0,189.0,180.7,00-0038997,WR,2023,1.0,22,2023,0.6752941176470588,28.298822,0.006,79.0,6.8,0,0.0,0,0,0.0,0,68,771.0,2,0.0,0,0.0,0,1,-1.0,0,72,803.0,5,0.0,5.455882352941177
200,Darnell Mooney,ATL,12,WR68,,175.0,168.0,171.5,00-0036309,WR,2023,0.8955223880597015,25,2020,0.7466666666666666,20.407087,0.051,173.0,1.8,0,0.0,0,2,5.0,0,31,414.0,1,0.0,0,0.0,0,0,0.0,0,64,992.0,5,0.0,5.838709677419355
202,Michael Wilson,ARI,11,WR69,,190.0,159.0,174.5,00-0038559,WR,2023,0.7647058823529411,23,2023,0.7999999999999999,53.495773,0.006,94.0,5.7,0,0.0,0,0,0.0,0,38,565.0,3,0.0,0,0.0,0,1,7.0,0,47,548.0,4,1.0,3.6578947368421053
210,Quentin Johnston,LAC,5,WR70,,182.0,202.0,192.0,00-0038544,WR,2023,1.0,21,2023,0.6499999999999999,16.527206,0.016,21.0,15.2,0,0.0,0,3,9.0,0,38,431.0,2,0.0,0,0.0,0,3,6.0,0,55,711.0,8,0.0,4.0
212,DeMario Douglas,NE,14,WR71,,185.0,208.0,196.5,00-0038621,WR,2023,0.8235294117647058,22,2023,0.5707142857142858,15.076483,0.004,210.0,0.6,0,0.0,0,8,41.0,0,49,561.0,0,1.0,0,0.0,0,3,16.0,0,66,621.0,3,0.0,6.857142857142857
221,Troy Franklin,DEN,14,WR72,,174.0,249.0,211.5,00-0039868,WR,2023,--,20,2024,-1.0,--,0.005,102.0,5.1,--,--,--,--,--,--,--,--,--,--,0,0.0,0,2,8.0,0,28,263.0,2,0.0,--
223,Jermaine Burton,CIN,12,WR73,,196.0,229.0,212.5,00-0039810,WR,2023,--,22,2024,-1.0,--,0.006,80.0,6.7,--,--,--,--,--,--,--,--,--,--,0,0.0,0,0,0.0,0,4,107.0,0,0.0,--
228,Luke McCaffrey,WAS,14,WR74,,199.0,239.0,219.0,00-0039355,WR,2023,--,22,2024,-1.0,--,0.005,100.0,5.3,--,--,--,--,--,--,--,--,--,--,0,0.0,0,0,0.0,0,18,168.0,0,0.0,--
233,Wan'Dale Robinson,NYG,11,WR75,,226.0,217.0,221.5,00-0038117,WR,2023,0.6176470588235294,22,2022,0.656,31.160286,0.01,43.0,10.6,0,0.0,0,9,87.0,1,60,525.0,1,0.0,0,0.0,0,3,18.0,0,93,699.0,3,0.0,4.783333333333333
234,Marvin Mims Jr.,DEN,14,WR76,,206.0,238.0,222.0,00-0038976,WR,2023,0.9411764705882353,21,2023,0.3768749999999999,37.398857,0.006999999999999999,63.0,8.2,0,0.0,0,9,30.0,0,22,377.0,1,0.0,0,0.0,0,13,42.0,0,39,503.0,6,0.0,7.0
238,Ricky Pearsall,SF,9,WR77,,169.0,280.0,224.5,00-0039916,WR,2023,--,22,2024,-1.0,--,0.012,31.0,12.7,--,--,--,--,--,--,--,--,--,--,0,0.0,0,3,45.0,0,31,400.0,3,0.0,--
242,Rashod Bateman,BAL,14,WR78,,202.0,251.0,226.5,00-0036550,WR,2023,0.6666666666666666,23,2021,0.5725,5.155714,0.025,27.0,13.6,0,0.0,0,1,18.0,0,32,367.0,1,0.0,0,0.0,0,0,0.0,0,45,756.0,9,0.0,1.84375
251,Greg Dortch,ARI,11,WR79,,222.0,242.0,232.0,00-0035500,WR,2023,0.9069767441860465,25,2019,0.3668749999999999,35.5375,0.004,,0.0,0,0.0,0,1,5.0,0,24,280.0,2,0.0,0,0.0,0,5,31.0,0,37,342.0,3,1.0,6.333333333333333
253,Roman Wilson,PIT,9,WR80,,189.0,279.0,234.0,00-0039739,WR,2023,--,22,2024,-1.0,--,0.006,84.0,6.4,--,--,--,--,--,--,--,--,--,--,--,--,--,--,--,--,--,--,--,--,--
254,Jalen McMillan,TB,11,WR81,,230.0,243.0,236.5,00-0039855,WR,2023,--,21,2024,-1.0,--,0.006,92.0,5.8,--,--,--,--,--,--,--,--,--,--,0,0.0,0,4,43.0,0,37,461.0,8,0.0,--
263,Dyami Brown,JAC,12,WR82,,,190.0,190.0,00-0036626,WR,2023,0.9215686274509803,23,2021,0.2188235294117647,14.122509,0.006999999999999999,82.0,6.5,1,4.0,0,1,0.0,0,12,168.0,1,0.0,0,0.0,0,3,26.0,0,30,308.0,1,1.0,6.333333333333333
265,Demarcus Robinson,SF,9,WR83,,220.0,285.0,252.5,00-0032775,WR,2023,0.9923664122137404,28,2016,0.358125,43.605003,0.016,126.0,3.8,0,0.0,0,1,23.0,0,26,371.0,4,1.0,0,0.0,0,0,0.0,0,31,505.0,7,0.0,3.423076923076923
267,Tyler Boyd,,,WR84,,238.0,270.0,254.0,00-0033009,WR,2023,0.9847328244274809,28,2016,0.7605882352941178,23.415295,0.009000000000000001,55.0,9.1,0,0.0,0,2,11.0,0,67,667.0,2,1.0,0,0.0,0,1,3.0,0,39,390.0,0,0.0,4.164179104477612
268,Malachi Corley,NYJ,12,WR85,,208.0,303.0,255.5,00-0039920,WR,2023,--,21,2024,-1.0,--,0.006,65.0,8.0,--,--,--,--,--,--,--,--,--,--,0,0.0,0,2,26.0,0,3,16.0,0,0.0,--
269,Jalen Tolbert,DAL,7,WR86,,248.0,269.0,258.5,00-0037666,WR,2023,0.7352941176470589,24,2022,0.3988235294117648,18.318588,0.006,88.0,6.1,0,0.0,0,0,0.0,0,22,268.0,2,0.0,0,0.0,0,0,0.0,0,49,610.0,7,0.0,1.5454545454545454
285,Javon Baker,NE,14,WR88,,232.0,,232.0,00-0039853,WR,2023,--,21,2024,-1.0,--,0.005,110.0,4.7,--,--,--,--,--,--,--,--,--,--,0,0.0,0,0,0.0,0,1,12.0,0,0.0,--
287,Odell Beckham Jr.,,,WR89,,242.0,304.0,273.0,00-0031235,WR,2023,0.8231292517006803,30,2014,0.4935714285714286,32.432583,0.012,12.0,18.8,0,0.0,0,0,0.0,0,35,565.0,3,1.0,0,0.0,0,0,0.0,0,9,55.0,0,0.0,4.428571428571429
288,Andrei Iosivas,CIN,12,WR90,,,240.0,240.0,00-0038619,WR,2023,0.9411764705882353,23,2023,0.259375,39.874443,0.004,206.0,0.7,0,0.0,0,0,0.0,0,15,116.0,4,0.0,0,0.0,0,0,0.0,0,36,479.0,6,0.0,2.3333333333333335
289,Darius Slayton,NYG,11,WR91,,275.0,275.0,275.0,00-0035535,WR,2023,0.9397590361445783,26,2019,0.8058823529411763,38.1728,0.024,171.0,1.9,0,0.0,0,0,0.0,0,50,770.0,4,0.0,0,0.0,0,2,17.0,0,39,573.0,2,0.0,5.96
291,Jalin Hyatt,NYG,11,WR92,,270.0,290.0,280.0,00-0038938,WR,2023,1.0,21,2023,0.5029411764705882,23.222563,0.006,73.0,7.3,0,0.0,0,0,0.0,0,23,373.0,0,0.0,0,0.0,0,0,0.0,0,8,62.0,0,0.0,2.0869565217391304
298,Brenden Rice,LAC,5,WR93,,267.0,,267.0,00-0039415,WR,2023,--,21,2024,-1.0,--,0.004,225.0,0.0,--,--,--,--,--,--,--,--,--,--,--,--,--,--,--,--,--,--,--,--,--
299,Elijah Moore,BUF,12,WR94,,268.0,,268.0,00-0036980,WR,2023,0.8823529411764706,23,2021,0.7147058823529411,20.123959,0.012,34.0,12.1,0,0.0,0,9,11.0,0,59,640.0,2,2.0,0,0.0,0,1,1.0,0,61,538.0,1,0.0,3.23728813559322
300,Malik Washington,MIA,6,WR95,,285.0,291.0,288.0,00-0039880,WR,2023,--,22,2024,-1.0,--,0.004,184.0,1.4,--,--,--,--,--,--,--,--,--,--,0,0.0,0,5,25.0,1,26,223.0,0,0.0,--
301,Devontez Walker,BAL,14,WR96,,272.0,,272.0,00-0039792,WR,2023,--,22,2024,-1.0,--,0.005,113.0,4.5,--,--,--,--,--,--,--,--,--,--,0,0.0,0,0,0.0,0,1,21.0,1,0.0,--
302,Zay Jones,ARI,11,WR97,,274.0,,274.0,00-0033891,WR,2023,0.9130434782608695,28,2017,0.7366666666666667,27.719444,0.009000000000000001,37.0,11.6,0,0.0,0,0,0.0,0,34,321.0,2,0.0,0,0.0,0,0,0.0,0,8,84.0,0,0.0,1.5
303,Tre Tucker,LV,10,WR98,,289.0,292.0,290.5,00-0038563,WR,2023,0.9411764705882353,22,2023,0.3274999999999999,36.52026,0.006,100.0,5.3,0,0.0,0,10,77.0,0,19,331.0,2,0.0,0,0.0,0,9,44.0,1,47,539.0,3,0.0,1.4736842105263157
305,Kendrick Bourne,NE,14,WR99,,277.0,305.0,291.0,00-0033307,WR,2023,0.9043478260869565,28,2017,0.73,47.84571,0.025,,0.0,0,0.0,0,1,4.0,0,37,406.0,4,1.0,0,0.0,0,1,6.0,0,28,305.0,1,0.0,5.486486486486487
306,Treylon Burks,TEN,5,WR100,,287.0,295.0,291.0,00-0037742,WR,2023,0.6470588235294118,23,2022,0.6445454545454545,12.627501,0.017,18.0,16.2,0,0.0,0,5,18.0,0,16,221.0,0,0.0,0,0.0,0,2,1.0,0,4,34.0,0,0.0,4.4375
310,Albert Wilson,,,WR101,,280.0,,280.0,00-0030669,WR,2023,0.824,31,2014,-1.0,--,--,,0.0,--,--,--,--,--,--,--,--,--,--,--,--,--,--,--,--,--,--,--,--,--
314,Jordan Whittington,LAR,6,WR102,,,284.0,284.0,00-0039751,WR,2023,--,22,2024,-1.0,--,0.004,213.0,0.5,--,--,--,--,--,--,--,--,--,--,0,0.0,0,2,12.0,0,22,293.0,0,0.0,--
315,Jonathan Mingo,DAL,7,WR103,,294.0,298.0,296.0,00-0039062,WR,2023,0.8823529411764706,22,2023,0.8973333333333335,12.989809,0.01,39.0,11.3,0,0.0,0,0,0.0,0,43,418.0,0,0.0,0,0.0,0,2,5.0,0,17,167.0,0,1.0,3.604651162790698
317,Calvin Austin III,PIT,9,WR104,,,287.0,287.0,00-0037837,WR,2023,0.5,24,2022,0.3547058823529411,18.97324,0.005,138.0,3.2,0,0.0,0,11,57.0,1,17,180.0,1,0.0,0,0.0,0,0,0.0,0,36,548.0,4,0.0,4.294117647058823
318,Noah Brown,WAS,14,WR105,,,288.0,288.0,00-0033591,WR,2023,0.6869565217391305,27,2017,0.668,108.13155,0.016,239.0,0.0,0,0.0,0,1,-1.0,0,33,567.0,2,0.0,0,0.0,0,0,0.0,0,35,453.0,1,0.0,6.757575757575758
320,Kevin White,,,WR106,,290.0,,290.0,00-0031545,WR,2023,0.578125,31,2015,-1.0,--,--,,0.0,--,--,--,--,--,--,--,--,--,--,--,--,--,--,--,--,--,--,--,--,--
322,Van Jefferson,TEN,5,WR107,,,293.0,293.0,00-0036415,WR,2023,0.9104477611940298,27,2020,0.5276470588235295,5.0303845,0.005,57.0,8.9,0,0.0,0,1,4.0,0,20,209.0,0,0.0,0,0.0,0,0,0.0,0,24,276.0,2,0.0,1.25
328,Josh Reynolds,NYJ,12,WR109,,298.0,,298.0,00-0033943,WR,2023,0.9224137931034483,28,2017,0.7052941176470588,40.306667,0.018000000000000002,117.0,4.3,0,0.0,0,0,0.0,0,40,608.0,5,1.0,0,0.0,0,0,0.0,0,13,194.0,1,0.0,4.325
329,K.J. Osborn,WAS,14,WR110,,311.0,299.0,305.0,00-0036345,WR,2023,0.8955223880597015,26,2020,0.788125,32.727142,0.016,176.0,1.7,0,0.0,0,0,0.0,0,48,540.0,3,0.0,0,0.0,0,0,0.0,0,7,57.0,1,0.0,3.8541666666666665
332,Alec Pierce,IND,14,WR111,,,301.0,301.0,00-0037664,WR,2023,0.9705882352941176,23,2022,0.951764705882353,22.379854,0.008,53.0,9.3,0,0.0,0,0,0.0,0,32,514.0,2,0.0,0,0.0,0,0,0.0,0,37,824.0,7,0.0,3.03125
335,Jalen Nailor,MIN,6,WR112,,,306.0,306.0,00-0037291,WR,2023,0.6176470588235294,24,2022,0.2216666666666666,0.24500003,0.005,191.0,1.2,0,0.0,0,0,0.0,0,3,29.0,0,0.0,0,0.0,0,3,-4.0,0,28,414.0,6,0.0,7.0
340,Anthony Johnson,,,CB1,,316.0,,316.0,00-0035474,WR,2023,--,28,2019,-1.0,--,--,,0.0,--,--,--,--,--,--,--,--,--,--,--,--,--,--,--,--,--,--,--,--,--
341,A.T. Perry,DEN,14,WR113,,318.0,,318.0,00-0038612,WR,2023,0.5882352941176471,23,2023,0.53,40.285,0.001,195.0,1.0,0,0.0,0,0,0.0,0,12,246.0,4,0.0,--,--,--,--,--,--,--,--,--,--,1.6666666666666667
