fecha_corrida,season,week,estado,target,origen_prediccion,n_wr,n_predichos_sin_real,n_reales_sin_prediccion,modelo_entrenado_con,modelo_fecha_guardado,huella_variables,metrica_principal,valor,referencia_validacion,referencia_prueba,r2_oos,sesgo,pendiente_calibracion,ventana,ventana_valor,ventana_sesgo,ventana_pendiente,alertas,advertencias
2026-10-08T05:36:06+00:00,2026,1,jugada,receptions,reconstruida,151,0,0,2016-2025 (temporadas completas); configuracion elegida en 4.4_ajuste_hiperparametros.ipynb,2026-10-08T05:35:43.014067+00:00,,rmse,1.814614663636179,1.9315,1.8355,0.42489418427409786,-0.09435099337748376,0.9532602278426637,,,,,,valores dentro del rango historico: air_yards_share_last3_avg (1 filas); prediccion emitida encontrada: se recalculo con los modelos vigentes
2026-10-08T05:36:06+00:00,2026,1,jugada,receiving_yards,reconstruida,151,0,0,2016-2025 (temporadas completas); configuracion elegida en 4.4_ajuste_hiperparametros.ipynb,2026-10-08T05:35:43.016682+00:00,,rmse,28.566089744393935,29.5002,27.9349,0.3359359919800817,-1.8336688741721865,1.0048687043371303,,,,,,valores dentro del rango historico: air_yards_share_last3_avg (1 filas); prediccion emitida encontrada: se recalculo con los modelos vigentes
2026-10-08T05:36:06+00:00,2026,1,jugada,receiving_tds,reconstruida,151,0,0,2016-2025 (temporadas completas); configuracion elegida en 4.4_ajuste_hiperparametros.ipynb,2026-10-08T05:35:43.020400+00:00,,deviance_poisson,0.5948501490313494,0.6128,0.6221,0.12281279433668846,-0.02495364238410594,1.2832638241460892,,,,,,valores dentro del rango historico: air_yards_share_last3_avg (1 filas); prediccion emitida encontrada: se recalculo con los modelos vigentes
2026-10-08T05:36:16+00:00,2026,2,jugada,receptions,reconstruida,152,0,0,2016-2025 (temporadas completas); configuracion elegida en 4.4_ajuste_hiperparametros.ipynb,2026-10-08T05:35:43.014067+00:00,,rmse,1.8646114788623562,1.9315,1.8355,0.39136019358012675,-0.06719078947368473,0.9331224014872183,,,,,,"valores dentro del rango historico: receiving_yards_career_avg (1 filas), receiving_yards_last5_avg (1 filas); prediccion emitida encontrada: se recalculo con los modelos vigentes"
2026-10-08T05:36:16+00:00,2026,2,jugada,receiving_yards,reconstruida,152,0,0,2016-2025 (temporadas completas); configuracion elegida en 4.4_ajuste_hiperparametros.ipynb,2026-10-08T05:35:43.016682+00:00,,rmse,30.3854145328894,29.5002,27.9349,0.31879661498933654,-2.2798750000000005,1.0406605914140306,,,,,,"valores dentro del rango historico: receiving_yards_career_avg (1 filas), receiving_yards_last5_avg (1 filas); prediccion emitida encontrada: se recalculo con los modelos vigentes"
2026-10-08T05:36:16+00:00,2026,2,jugada,receiving_tds,reconstruida,152,0,0,2016-2025 (temporadas completas); configuracion elegida en 4.4_ajuste_hiperparametros.ipynb,2026-10-08T05:35:43.020400+00:00,,deviance_poisson,0.6708689093719477,0.6128,0.6221,0.13002428455443005,-0.008092105263157873,1.5224932866953222,,,,,,"valores dentro del rango historico: receiving_yards_career_avg (1 filas), receiving_yards_last5_avg (1 filas); prediccion emitida encontrada: se recalculo con los modelos vigentes"
2026-10-08T05:36:27+00:00,2026,3,jugada,receptions,reconstruida,154,0,0,2016-2025 (temporadas completas); configuracion elegida en 4.4_ajuste_hiperparametros.ipynb,2026-10-08T05:35:43.014067+00:00,,rmse,1.7927209639387427,1.9315,1.8355,0.5025290944097043,-0.17528571428571427,1.1372304103911308,,,,,,prediccion emitida encontrada: se recalculo con los modelos vigentes
2026-10-08T05:36:27+00:00,2026,3,jugada,receiving_yards,reconstruida,154,0,0,2016-2025 (temporadas completas); configuracion elegida en 4.4_ajuste_hiperparametros.ipynb,2026-10-08T05:35:43.016682+00:00,,rmse,27.48151906848834,29.5002,27.9349,0.3993482124784592,-2.8152987012986976,1.0819257906222366,,,,,,prediccion emitida encontrada: se recalculo con los modelos vigentes
2026-10-08T05:36:27+00:00,2026,3,jugada,receiving_tds,reconstruida,154,0,0,2016-2025 (temporadas completas); configuracion elegida en 4.4_ajuste_hiperparametros.ipynb,2026-10-08T05:35:43.020400+00:00,,deviance_poisson,0.6044060567136847,0.6128,0.6221,0.0682971898651148,-0.027551948051948078,0.8471466935822338,,,,,,prediccion emitida encontrada: se recalculo con los modelos vigentes
2026-10-08T05:36:37+00:00,2026,4,jugada,receptions,reconstruida,151,0,0,2016-2025 (temporadas completas); configuracion elegida en 4.4_ajuste_hiperparametros.ipynb,2026-10-08T05:35:43.014067+00:00,,rmse,2.0244000255819397,1.9315,1.8355,0.47710970040044254,-0.2760993377483443,1.224637244304436,1-4,1.87585371222573,-0.15319901315789464,1.0637206295402395,,valores dentro del rango historico: air_yards_share_last3_avg (1 filas); prediccion emitida encontrada: se recalculo con los modelos vigentes
2026-10-08T05:36:37+00:00,2026,4,jugada,receiving_yards,reconstruida,151,0,0,2016-2025 (temporadas completas); configuracion elegida en 4.4_ajuste_hiperparametros.ipynb,2026-10-08T05:35:43.016682+00:00,,rmse,31.799774000613056,29.5002,27.9349,0.3940563488684258,-5.378649006622517,1.2774630439373538,1-4,29.595904876723054,-3.0742713815789457,1.1050115262983111,sesgo -3.074 < -1.84,valores dentro del rango historico: air_yards_share_last3_avg (1 filas); prediccion emitida encontrada: se recalculo con los modelos vigentes
2026-10-08T05:36:37+00:00,2026,4,jugada,receiving_tds,reconstruida,151,0,0,2016-2025 (temporadas completas); configuracion elegida en 4.4_ajuste_hiperparametros.ipynb,2026-10-08T05:35:43.020400+00:00,,deviance_poisson,0.6452207687084591,0.6128,0.6221,0.03669678543137744,-0.007496688741721852,0.6922985006976385,1-4,0.6287850584492675,-0.01706085526315787,1.0665329688599905,,valores dentro del rango historico: air_yards_share_last3_avg (1 filas); prediccion emitida encontrada: se recalculo con los modelos vigentes
2026-10-08T05:36:47+00:00,2026,5,pendiente,receptions,emitida,186,,,2016-2025 (temporadas completas); configuracion elegida en 4.4_ajuste_hiperparametros.ipynb,2026-10-08T05:35:43.014067+00:00,76991428c3624f96,rmse,,,,,,,,,,,,valores dentro del rango historico: depth_team (1 filas)
2026-10-08T05:36:47+00:00,2026,5,pendiente,receiving_yards,emitida,186,,,2016-2025 (temporadas completas); configuracion elegida en 4.4_ajuste_hiperparametros.ipynb,2026-10-08T05:35:43.016682+00:00,76991428c3624f96,rmse,,,,,,,,,,,,valores dentro del rango historico: depth_team (1 filas)
2026-10-08T05:36:47+00:00,2026,5,pendiente,receiving_tds,emitida,186,,,2016-2025 (temporadas completas); configuracion elegida en 4.4_ajuste_hiperparametros.ipynb,2026-10-08T05:35:43.020400+00:00,76991428c3624f96,deviance_poisson,,,,,,,,,,,,valores dentro del rango historico: depth_team (1 filas)
2026-10-08T14:28:45+00:00,2026,5,pendiente,receptions,emitida,186,,,2016-2025 (temporadas completas); configuracion elegida en 4.4_ajuste_hiperparametros.ipynb,2026-10-08T05:35:43.014067+00:00,ce8183eb758cf2cd,rmse,,,,,,,,,,,,valores dentro del rango historico: depth_team (1 filas)
2026-10-08T14:28:45+00:00,2026,5,pendiente,receiving_yards,emitida,186,,,2016-2025 (temporadas completas); configuracion elegida en 4.4_ajuste_hiperparametros.ipynb,2026-10-08T05:35:43.016682+00:00,ce8183eb758cf2cd,rmse,,,,,,,,,,,,valores dentro del rango historico: depth_team (1 filas)
2026-10-08T14:28:45+00:00,2026,5,pendiente,receiving_tds,emitida,186,,,2016-2025 (temporadas completas); configuracion elegida en 4.4_ajuste_hiperparametros.ipynb,2026-10-08T05:35:43.020400+00:00,ce8183eb758cf2cd,deviance_poisson,,,,,,,,,,,,valores dentro del rango historico: depth_team (1 filas)
